GEOLEV2,OWNED_HH,UNOWNED_HH,OWNED_UK_HH,OWNED_PCT,UNOWNED_PCT,OWNED_UK_PCT
484001001,636122,211021,1454,74.96,24.87,0.17
484001002,41405,4474,72,90.11,9.74,0.16
484001003,38008,15134,0,71.52,28.48,0.0
484001004,12720,1559,23,88.94,10.9,0.16
484001005,77409,22270,471,77.29,22.24,0.47
484001006,70461,17970,479,79.25,20.21,0.54
484001007,6048,1106,6,84.47,15.45,0.08
484001008,17386,2637,25,86.72,13.15,0.12
484002001,326543,126830,1800,71.74,27.86,0.4
484002002,777030,147815,2239,83.81,15.94,0.24
484002004,1175883,529566,11242,68.5,30.85,0.65
484003001,462053,167167,2518,73.14,26.46,0.4
484004001,49128,3649,143,92.83,6.9,0.27
484004003,612861,103978,1397,85.33,14.48,0.19
484004004,25452,1013,45,96.01,3.82,0.17
484004005,7871,1713,42,81.77,17.8,0.44
484004006,8966,609,0,93.64,6.36,0.0
484005001,893,172,0,83.85,16.15,0.0
484005002,109234,26206,35,80.63,19.34,0.03
484005003,17110,5110,30,76.9,22.97,0.13
484005004,17360,5518,0,75.88,24.12,0.0
484005005,1211,526,0,69.72,30.28,0.0
484005006,19848,5358,12,78.71,21.25,0.05
484005007,8879,3281,16,72.92,26.95,0.13
484005008,2378,511,0,82.31,17.69,0.0
484005009,51324,5266,79,90.57,9.29,0.14
484005010,57153,17088,190,76.79,22.96,0.26
484005011,10560,1880,12,84.81,15.1,0.1
484005012,1213,727,6,62.33,37.36,0.31
484005013,1220,416,5,74.34,25.35,0.3
484005014,8002,1332,3,85.7,14.27,0.03
484005015,1332,251,8,83.72,15.78,0.5
484005016,1394,411,14,76.64,22.59,0.77
484005017,91449,15797,374,84.97,14.68,0.35
484005018,174333,41580,513,80.55,19.21,0.24
484005019,6712,2580,0,72.23,27.77,0.0
484005020,48023,19633,475,70.49,28.82,0.7
484005021,5024,1172,2,81.06,18.91,0.03
484005022,20322,6816,0,74.88,25.12,0.0
484005023,7601,3930,20,65.8,34.02,0.17
484005024,36473,8672,114,80.59,19.16,0.25
484005025,116807,34905,36,76.97,23.0,0.02
484005026,2820,616,31,81.34,17.77,0.89
484005027,61148,14215,192,80.93,18.81,0.25
484005028,42480,16464,336,71.66,27.77,0.57
484005029,1885,413,11,81.64,17.89,0.48
484005030,582554,134455,4781,80.71,18.63,0.66
484005031,16293,5235,25,75.6,24.29,0.12
484005032,32714,8714,22,78.92,21.02,0.05
484005033,87879,13618,403,86.24,13.36,0.4
484005034,4008,1930,16,67.32,32.42,0.27
484005035,519183,115003,3930,81.36,18.02,0.62
484005036,18730,2130,18,89.71,10.2,0.09
484005037,3606,1758,20,66.98,32.65,0.37
484005038,8758,4705,167,64.26,34.52,1.23
484006001,133797,55078,752,70.56,29.05,0.4
484006002,104478,39599,62,72.48,27.47,0.04
484006003,16792,3688,30,81.87,17.98,0.15
484006004,13618,5302,46,71.8,27.96,0.24
484006005,20273,6697,7,75.15,24.82,0.03
484006006,5014,1011,10,83.08,16.75,0.17
484006007,7101,1770,6,79.99,19.94,0.07
484006008,70818,41153,114,63.18,36.72,0.1
484006009,84093,35457,89,70.29,29.64,0.07
484007001,14791,2497,126,84.94,14.34,0.72
484007002,95220,22316,125,80.93,18.97,0.11
484007003,22105,5261,30,80.69,19.2,0.11
484007004,30079,637,130,97.51,2.07,0.42
484007005,20880,455,60,97.59,2.13,0.28
484007006,28890,1163,154,95.64,3.85,0.51
484007007,8189,103,68,97.95,1.23,0.81
484007008,31174,3033,158,90.71,8.83,0.46
484007009,28442,11613,0,71.01,28.99,0.0
484007010,8550,46,26,99.16,0.53,0.3
484007011,19795,311,108,97.93,1.54,0.53
484007012,32897,9798,223,76.65,22.83,0.52
484007013,26920,1805,185,93.12,6.24,0.64
484007014,18104,277,36,98.3,1.5,0.2
484007015,36881,7453,44,83.11,16.79,0.1
484007016,14202,1525,135,89.53,9.61,0.85
484007017,58755,17155,0,77.4,22.6,0.0
484007018,7039,309,26,95.46,4.19,0.35
484007019,110669,29223,396,78.89,20.83,0.28
484007020,40037,3560,82,91.66,8.15,0.19
484007021,18175,2490,50,87.74,12.02,0.24
484007022,13746,27,202,98.36,0.19,1.45
484007023,75359,846,305,98.5,1.11,0.4
484007024,10661,15,78,99.14,0.14,0.73
484007025,8014,285,9,96.46,3.43,0.11
484007026,39495,349,308,98.36,0.87,0.77
484007028,3829,465,5,89.07,10.82,0.12
484007029,4610,646,14,87.48,12.26,0.27
484007030,29443,1840,25,94.04,5.88,0.08
484007031,106826,1525,899,97.78,1.4,0.82
484007032,25601,4435,120,84.9,14.71,0.4
484007033,6850,121,29,97.86,1.73,0.41
484007034,60530,7094,88,89.39,10.48,0.13
484007035,9893,2291,68,80.75,18.7,0.56
484007036,9320,124,94,97.71,1.3,0.99
484007037,28232,4400,35,86.42,13.47,0.11
484007038,20923,131,200,98.44,0.62,0.94
484007039,21760,220,165,98.26,0.99,0.75
484007040,36980,14286,200,71.85,27.76,0.39
484007041,42249,332,110,98.96,0.78,0.26
484007042,10316,676,53,93.4,6.12,0.48
484007043,8733,890,112,89.71,9.14,1.15
484007044,23793,861,69,96.24,3.48,0.28
484007045,5077,381,17,92.73,6.96,0.31
484007046,33908,4469,134,88.05,11.6,0.35
484007047,18065,506,71,96.9,2.71,0.38
484007048,16206,6101,69,72.43,27.27,0.31
484007049,21916,159,270,98.08,0.71,1.21
484007050,4685,740,10,86.2,13.62,0.18
484007051,33908,9267,50,78.45,21.44,0.12
484007052,116214,3887,938,96.01,3.21,0.77
484007053,7723,176,56,97.08,2.21,0.7
484007054,23639,4273,30,84.6,15.29,0.11
484007055,3773,1114,31,76.72,22.65,0.63
484007056,10980,78,86,98.53,0.7,0.77
484007057,63328,6112,216,90.92,8.77,0.31
484007058,3994,183,23,95.1,4.36,0.55
484007059,236003,15272,857,93.6,6.06,0.34
484007060,11470,359,36,96.67,3.03,0.3
484007061,101187,22839,341,81.36,18.36,0.27
484007062,15177,1813,20,89.22,10.66,0.12
484007063,3071,707,0,81.29,18.71,0.0
484007064,41217,207,612,98.05,0.49,1.46
484007065,91977,18945,348,82.66,17.03,0.31
484007066,19668,286,180,97.69,1.42,0.89
484007067,10417,352,61,96.19,3.25,0.56
484007068,22275,6599,28,77.07,22.83,0.1
484007069,39192,10428,325,78.47,20.88,0.65
484007070,14611,171,72,98.36,1.15,0.48
484007071,24143,3775,78,86.24,13.48,0.28
484007072,47052,3762,52,92.5,7.4,0.1
484007074,30611,8492,196,77.89,21.61,0.5
484007075,23588,2814,198,88.68,10.58,0.74
484007076,26545,213,211,98.43,0.79,0.78
484007077,53934,964,477,97.4,1.74,0.86
484007078,144754,41240,364,77.68,22.13,0.2
484007079,30864,2797,62,91.52,8.29,0.18
484007080,34673,1234,119,96.24,3.43,0.33
484007081,44098,1690,143,96.01,3.68,0.31
484007082,11639,133,200,97.22,1.11,1.67
484007083,16714,1169,90,93.0,6.5,0.5
484007084,8080,550,88,92.68,6.31,1.01
484007085,9492,528,36,94.39,5.25,0.36
484007086,16222,3794,176,80.34,18.79,0.87
484007087,24974,10439,120,70.28,29.38,0.34
484007088,1870,331,13,84.46,14.95,0.59
484007089,243650,73751,1467,76.41,23.13,0.46
484007090,3962,120,14,96.73,2.93,0.34
484007093,38536,36,360,98.98,0.09,0.92
484007094,36274,2457,357,92.8,6.29,0.91
484007095,72957,657,132,98.93,0.89,0.18
484007096,64743,18723,740,76.89,22.23,0.88
484007097,4484,425,3,91.29,8.65,0.06
484007098,69458,3552,151,94.94,4.86,0.21
484007099,30730,253,196,98.56,0.81,0.63
484007100,418229,131847,1421,75.84,23.91,0.26
484007101,33284,5245,81,86.21,13.58,0.21
484007102,23560,2241,28,91.22,8.68,0.11
484007103,12564,1163,0,91.53,8.47,0.0
484007104,12929,1144,28,91.69,8.11,0.2
484007105,54615,6054,65,89.92,9.97,0.11
484007106,57000,16674,75,77.29,22.61,0.1
484007107,73050,25471,550,73.73,25.71,0.56
484007108,30588,3462,257,89.16,10.09,0.75
484007109,6724,626,20,91.23,8.49,0.27
484007110,35117,232,162,98.89,0.65,0.46
484008001,8088,3572,0,69.37,30.63,0.0
484008002,16644,3898,46,80.84,18.93,0.22
484008003,6187,1931,0,76.21,23.79,0.0
484008004,6964,1348,48,83.3,16.12,0.57
484008005,15587,7665,113,66.71,32.81,0.48
484008006,4120,740,4,84.7,15.21,0.08
484008007,70836,9013,634,88.01,11.2,0.79
484008008,24478,3862,50,86.22,13.6,0.18
484008009,18537,4255,74,81.07,18.61,0.32
484008010,37296,11520,130,76.2,23.54,0.27
484008011,8812,776,0,91.91,8.09,0.0
484008012,8574,1862,55,81.73,17.75,0.52
484008013,1822,455,4,79.88,19.95,0.18
484008014,1218,438,10,73.11,26.29,0.6
484008015,3457,510,8,86.97,12.83,0.2
484008016,113193,40752,479,73.3,26.39,0.31
484008017,4464,914,0,83.0,17.0,0.0
484008018,670640,144492,2854,81.99,17.66,0.35
484008019,7923,323,9,95.98,3.91,0.11
484008020,104787,32201,229,76.37,23.47,0.17
484008021,2633,263,3,90.82,9.07,0.1
484008022,4234,930,12,81.8,17.97,0.23
484008023,4046,280,18,93.14,6.45,0.41
484008024,6963,1572,3,81.55,18.41,0.04
484008025,2814,378,10,87.88,11.81,0.31
484008026,4116,1549,0,72.66,27.34,0.0
484008027,47357,4553,139,90.99,8.75,0.27
484008028,8685,705,93,91.58,7.43,0.98
484008029,30272,10392,51,74.35,25.52,0.13
484008030,78791,27714,155,73.87,25.98,0.15
484008031,929,117,0,88.81,11.19,0.0
484008032,6026,1113,8,84.32,15.57,0.11
484008033,8953,2067,42,80.93,18.69,0.38
484008034,30100,11414,363,71.88,27.26,0.87
484008035,1015731,302734,9079,76.51,22.8,0.68
484008036,3930,908,2,81.2,18.76,0.04
484008037,3885,1398,6,73.45,26.43,0.11
484008038,24846,5066,0,83.06,16.94,0.0
484008039,1757,164,0,91.46,8.54,0.0
484008040,1298,294,0,81.53,18.47,0.0
484008041,2531,545,3,82.2,17.7,0.1
484008042,3904,898,0,81.3,18.7,0.0
484008043,34309,8366,96,80.22,19.56,0.22
484008044,7290,850,26,89.27,10.41,0.32
484008045,4974,324,12,93.67,6.1,0.23
484008046,19033,4124,84,81.89,17.74,0.36
484008047,2500,313,21,88.21,11.04,0.74
484008048,45657,12725,154,78.0,21.74,0.26
484008049,6555,762,21,89.33,10.38,0.29
484008050,19415,7695,62,71.45,28.32,0.23
484008051,3497,1311,0,72.73,27.27,0.0
484008052,5752,884,32,86.26,13.26,0.48
484008053,14012,2467,24,84.91,14.95,0.15
484008054,2020,204,5,90.62,9.15,0.22
484008055,2046,234,4,89.58,10.25,0.18
484008056,2448,527,0,82.29,17.71,0.0
484008057,3310,1344,28,70.7,28.71,0.6
484008058,7024,2187,12,76.16,23.71,0.13
484008059,3748,388,22,90.14,9.33,0.53
484008060,26561,5840,0,81.98,18.02,0.0
484008061,5512,715,39,87.97,11.41,0.62
484008062,1632,232,4,87.37,12.42,0.21
484008063,16710,1907,250,88.57,10.11,1.33
484008064,7662,562,0,93.17,6.83,0.0
484008065,3864,812,14,82.39,17.31,0.3
484009001,3505462,1650584,42412,67.43,31.75,0.82
484009002,1565807,624734,9943,71.16,28.39,0.45
484009003,181523,56522,307,76.16,23.71,0.13
484009004,106650,22100,634,82.43,17.08,0.49
484009005,258407,99543,1095,71.97,27.72,0.3
484009006,492858,148959,3038,76.43,23.1,0.47
484010001,46267,11174,111,80.39,19.42,0.19
484010002,3080,952,11,76.18,23.55,0.27
484010003,3977,477,13,89.03,10.68,0.29
484010004,28751,5042,154,84.69,14.85,0.45
484010005,458401,120131,1111,79.08,20.72,0.19
484010006,11007,708,6,93.91,6.04,0.05
484010007,277911,47013,1779,85.07,14.39,0.54
484010008,25093,7482,232,76.49,22.81,0.71
484010009,7533,2241,28,76.85,22.86,0.29
484010010,3284,547,15,85.39,14.22,0.39
484010011,3788,744,2,83.55,16.41,0.04
484010012,121280,19727,943,85.44,13.9,0.66
484010013,21066,3804,162,84.16,15.2,0.65
484010014,31317,1131,618,94.71,3.42,1.87
484010015,10356,1660,32,85.96,13.78,0.27
484010016,16023,3213,43,83.11,16.67,0.22
484010017,7308,1308,3,84.79,15.18,0.03
484010018,8426,2201,78,78.71,20.56,0.73
484010019,4389,760,35,84.66,14.66,0.68
484010020,10405,1756,24,85.39,14.41,0.2
484010021,9499,1570,41,85.5,14.13,0.37
484010022,20533,4427,58,82.07,17.7,0.23
484010023,41183,6146,166,86.71,12.94,0.35
484010024,10139,1966,12,83.68,16.23,0.1
484010025,2998,409,19,87.51,11.94,0.55
484010026,17163,2210,250,87.46,11.26,1.27
484010027,5848,511,3,91.92,8.03,0.05
484010028,10357,1272,36,88.79,10.9,0.31
484010029,1871,279,18,86.3,12.87,0.83
484010030,1394,291,15,82.0,17.12,0.88
484010031,6610,644,4,91.07,8.87,0.06
484010032,31916,13693,197,69.68,29.89,0.43
484010033,5316,685,35,88.07,11.35,0.58
484010034,23955,2072,245,91.18,7.89,0.93
484010035,8216,2943,53,73.28,26.25,0.47
484010036,19726,2563,70,88.22,11.46,0.31
484010037,6300,1032,2,85.9,14.07,0.03
484010038,16070,4456,10,78.25,21.7,0.05
484011001,68246,17504,246,79.36,20.35,0.29
484011002,85304,24067,270,77.8,21.95,0.25
484011003,134181,23399,252,85.02,14.83,0.16
484011004,54183,10679,195,83.29,16.41,0.3
484011005,72049,12278,62,85.38,14.55,0.07
484011006,6552,120,33,97.72,1.79,0.49
484011007,371463,92992,4046,79.29,19.85,0.86
484011008,30024,7006,80,80.91,18.88,0.22
484011009,64452,12644,105,83.49,16.38,0.14
484011010,10045,1793,0,84.85,15.15,0.0
484011011,67202,19448,186,77.39,22.4,0.21
484011012,21676,5732,38,78.98,20.88,0.14
484011013,20578,2781,5,88.08,11.9,0.02
484011014,121701,26228,240,82.14,17.7,0.16
484011015,150258,20399,717,87.68,11.9,0.42
484011016,17902,1788,140,90.28,9.02,0.71
484011017,427805,98206,1635,81.08,18.61,0.31
484011018,32086,5714,32,84.81,15.1,0.08
484011019,45677,5756,0,88.81,11.19,0.0
484011020,1097250,329475,4686,76.66,23.02,0.33
484011021,33424,16348,314,66.73,32.64,0.63
484011022,19017,4688,40,80.09,19.74,0.17
484011023,121007,26550,422,81.77,17.94,0.29
484011024,9760,1612,20,85.67,14.15,0.18
484011025,52571,15527,282,76.88,22.71,0.41
484011026,45317,10393,50,81.27,18.64,0.09
484011027,214794,43295,549,83.05,16.74,0.21
484011028,74071,21473,168,77.39,22.44,0.18
484011029,33255,4536,0,88.0,12.0,0.0
484011030,91482,14454,315,86.1,13.6,0.3
484011031,89852,24711,197,78.3,21.53,0.17
484011032,58933,14637,82,80.02,19.87,0.11
484011033,96503,18694,228,83.61,16.2,0.2
484011034,4409,676,0,86.71,13.29,0.0
484011035,66842,13121,14,83.58,16.41,0.02
484011036,5422,882,14,85.82,13.96,0.22
484011037,142293,29630,369,82.59,17.2,0.21
484011038,8984,1524,0,85.5,14.5,0.0
484011039,28428,6103,86,82.12,17.63,0.25
484011040,17180,927,30,94.72,5.11,0.17
484011041,45024,15462,225,74.16,25.47,0.37
484011042,112328,25729,229,81.23,18.61,0.17
484011043,18882,656,678,93.4,3.24,3.35
484011044,45377,8101,337,84.32,15.05,0.63
484011045,12230,590,28,95.19,4.59,0.22
484011046,53621,17247,0,75.66,24.34,0.0
484012001,620090,163594,2215,78.9,20.82,0.28
484012002,24311,565,113,97.29,2.26,0.45
484012003,35421,3692,177,90.15,9.4,0.45
484012004,18065,676,168,95.54,3.58,0.89
484012005,6253,902,98,86.21,12.44,1.35
484012006,10665,2852,28,78.74,21.06,0.21
484012007,25562,6034,217,80.35,18.97,0.68
484012008,5972,738,8,88.9,10.99,0.12
484012009,5635,50,19,98.79,0.88,0.33
484012010,25271,934,109,96.04,3.55,0.41
484012011,48732,13186,141,78.53,21.25,0.23
484012012,57732,3110,351,94.34,5.08,0.57
484012013,28707,4235,156,86.73,12.8,0.47
484012014,11110,2804,98,79.29,20.01,0.7
484012015,10056,2542,4,79.8,20.17,0.03
484012016,12476,1160,40,91.23,8.48,0.29
484012017,12130,2972,20,80.21,19.65,0.13
484012018,12611,1866,76,86.66,12.82,0.52
484012019,13690,662,65,94.96,4.59,0.45
484012020,18052,467,247,96.2,2.49,1.32
484012021,63197,10074,134,86.09,13.72,0.18
484012022,37252,4789,230,88.13,11.33,0.54
484012023,22949,4175,144,84.16,15.31,0.53
484012024,7382,435,26,94.12,5.55,0.33
484012025,13437,617,36,95.37,4.38,0.26
484012026,7449,1286,75,84.55,14.6,0.85
484012027,16375,4273,35,79.17,20.66,0.17
484012028,124236,11364,1071,90.9,8.31,0.78
484012029,177286,59858,1777,74.2,25.05,0.74
484012030,16253,3426,84,82.24,17.34,0.43
484012031,6856,744,42,89.71,9.74,0.55
484012032,33167,3048,336,90.74,8.34,0.92
484012033,11500,1809,270,84.69,13.32,1.99
484012034,30341,6475,64,82.27,17.56,0.17
484012035,96775,41808,1225,69.22,29.9,0.88
484012036,10068,597,35,94.09,5.58,0.33
484012037,5138,774,0,86.91,13.09,0.0
484012038,106392,35765,624,74.51,25.05,0.44
484012039,21419,3420,140,85.75,13.69,0.56
484012040,22174,3349,131,86.43,13.05,0.51
484012041,39242,480,266,98.13,1.2,0.67
484012042,16057,1263,44,92.47,7.27,0.25
484012043,37035,565,128,98.16,1.5,0.34
484012044,9204,1128,579,84.36,10.34,5.31
484012045,21435,2142,215,90.09,9.0,0.9
484012046,55870,6182,560,89.23,9.87,0.89
484012047,6067,883,23,87.01,12.66,0.33
484012048,33319,11405,10,74.48,25.5,0.02
484012049,8882,2068,28,80.91,18.84,0.26
484012050,28284,8250,171,77.06,22.48,0.47
484012051,30322,2771,600,89.99,8.22,1.78
484012052,40034,2556,401,93.12,5.95,0.93
484012053,42993,4901,0,89.77,10.23,0.0
484012054,26197,1608,194,93.56,5.74,0.69
484012055,81564,23237,348,77.57,22.1,0.33
484012056,41601,2221,160,94.59,5.05,0.36
484012057,50002,11541,90,81.13,18.73,0.15
484012058,43519,9908,55,81.37,18.53,0.1
484012059,24544,4532,100,84.12,15.53,0.34
484012060,12112,1471,12,89.09,10.82,0.09
484012061,35235,4768,168,87.71,11.87,0.42
484012062,20536,436,191,97.04,2.06,0.9
484012063,9674,216,53,97.29,2.17,0.53
484012064,10105,1790,28,84.75,15.01,0.23
484012065,6564,866,25,88.05,11.62,0.34
484012066,69937,10403,476,86.54,12.87,0.59
484012067,20327,3041,40,86.84,12.99,0.17
484012068,11682,424,93,95.76,3.48,0.76
484012069,5992,842,30,87.3,12.27,0.44
484012070,26958,932,152,96.13,3.32,0.54
484012071,42286,523,381,97.91,1.21,0.88
484012072,17174,1872,47,89.95,9.8,0.25
484012073,21598,822,93,95.94,3.65,0.41
484012074,37218,7991,626,81.2,17.43,1.37
484013001,17349,1742,29,90.74,9.11,0.15
484013002,35085,5325,126,86.55,13.14,0.31
484013003,45213,10029,0,81.85,18.15,0.0
484013004,8064,1089,12,87.99,11.88,0.13
484013005,16176,1319,42,92.24,7.52,0.24
484013006,16031,2645,25,85.72,14.14,0.13
484013007,8766,2115,0,80.56,19.44,0.0
484013008,33063,9089,224,78.02,21.45,0.53
484013009,16852,865,141,94.37,4.84,0.79
484013010,24847,3857,42,86.44,13.42,0.15
484013011,18190,622,120,96.08,3.29,0.63
484013012,23149,4567,10,83.49,16.47,0.04
484013013,27058,3862,48,87.37,12.47,0.15
484013014,15547,662,10,95.86,4.08,0.06
484013015,18185,994,0,94.82,5.18,0.0
484013016,46297,8129,108,84.9,14.91,0.2
484013017,10952,1320,16,89.13,10.74,0.13
484013018,22041,1097,65,94.99,4.73,0.28
484013019,34050,5397,161,85.97,13.63,0.41
484013020,2674,116,2,95.77,4.15,0.07
484013021,10792,2404,56,81.44,18.14,0.42
484013022,11129,2626,187,79.82,18.84,1.34
484013023,32142,2727,40,92.07,7.81,0.11
484013024,16468,1632,0,90.98,9.02,0.0
484013025,22190,994,53,95.49,4.28,0.23
484013026,12007,232,36,97.82,1.89,0.29
484013027,22206,1948,26,91.84,8.06,0.11
484013028,113282,8862,418,92.43,7.23,0.34
484013029,37762,6516,0,85.28,14.72,0.0
484013030,72441,13388,255,84.15,15.55,0.3
484013031,11667,965,25,92.18,7.62,0.2
484013032,10245,483,172,93.99,4.43,1.58
484013033,2938,238,8,92.27,7.47,0.25
484013034,9454,559,3,94.39,5.58,0.03
484013035,11003,1095,16,90.83,9.04,0.13
484013036,7517,1266,9,85.5,14.4,0.1
484013037,19096,1427,56,92.79,6.93,0.27
484013038,7302,528,0,93.26,6.74,0.0
484013039,10042,4798,88,67.27,32.14,0.59
484013040,9736,400,0,96.05,3.95,0.0
484013041,38150,5085,70,88.1,11.74,0.16
484013042,8983,1197,28,88.0,11.73,0.27
484013043,7562,330,39,95.35,4.16,0.49
484013044,13323,2789,48,82.44,17.26,0.3
484013045,7374,694,32,91.04,8.57,0.4
484013046,36307,1646,144,95.3,4.32,0.38
484013047,5491,402,2,93.15,6.82,0.03
484013048,197250,67919,1585,73.94,25.46,0.59
484013049,18053,847,7,95.48,4.48,0.04
484013050,97038,30755,190,75.82,24.03,0.15
484013051,28540,3821,6,88.18,11.81,0.02
484013052,16841,1004,119,93.75,5.59,0.66
484013053,30548,1798,24,94.37,5.55,0.07
484013054,15175,654,64,95.48,4.12,0.4
484013055,27618,7312,48,78.96,20.9,0.14
484013056,10958,2784,0,79.74,20.26,0.0
484013057,15543,2004,5,88.55,11.42,0.03
484013058,31487,3031,8,91.2,8.78,0.02
484013059,15618,1613,42,90.42,9.34,0.24
484013060,39567,12220,195,76.12,23.51,0.38
484013061,28612,550,35,98.0,1.88,0.12
484013062,68811,12572,104,84.44,15.43,0.13
484013063,9102,1032,11,89.72,10.17,0.11
484013064,25567,2558,71,90.68,9.07,0.25
484013065,8466,2264,27,78.7,21.05,0.25
484013066,44035,4075,11,91.51,8.47,0.02
484013067,14112,508,55,96.16,3.46,0.37
484013068,81348,16003,520,83.12,16.35,0.53
484013069,9958,492,0,95.29,4.71,0.0
484013070,8151,1674,12,82.86,17.02,0.12
484013071,33405,1534,63,95.44,4.38,0.18
484013072,21548,3462,0,86.16,13.84,0.0
484013073,10619,2422,5,81.4,18.57,0.04
484013074,89400,13996,0,86.46,13.54,0.0
484013075,106079,46189,248,69.55,30.28,0.16
484013076,18597,206,188,97.93,1.08,0.99
484013077,6797,145,22,97.6,2.08,0.32
484013078,23349,542,148,97.13,2.25,0.62
484013079,27406,6560,24,80.63,19.3,0.07
484013080,16668,2832,18,85.4,14.51,0.09
484013081,31888,7475,34,80.94,18.97,0.09
484013082,34307,4340,99,88.54,11.2,0.26
484014001,13447,7517,0,64.14,35.86,0.0
484014002,14985,5420,8,73.41,26.55,0.04
484014003,14791,6839,60,68.19,31.53,0.28
484014004,4570,1948,4,70.07,29.87,0.06
484014005,9986,4153,32,70.47,29.31,0.23
484014006,41872,15618,90,72.72,27.12,0.16
484014007,7133,2404,15,74.68,25.17,0.16
484014008,56600,32453,570,63.15,36.21,0.64
484014009,12473,4589,76,72.78,26.78,0.44
484014010,5400,1856,28,74.14,25.48,0.38
484014011,4916,1532,0,76.24,23.76,0.0
484014012,3756,1414,0,72.65,27.35,0.0
484014013,38360,19200,132,66.49,33.28,0.23
484014014,5007,2987,0,62.63,37.37,0.0
484014015,38276,19510,56,66.17,33.73,0.1
484014016,27639,11092,36,71.3,28.61,0.09
484014017,9442,3594,0,72.43,27.57,0.0
484014018,50240,14546,84,77.45,22.42,0.13
484014019,5582,1166,34,82.31,17.19,0.5
484014020,7968,1686,99,81.7,17.29,1.02
484014021,15231,5875,0,72.16,27.84,0.0
484014022,25058,12753,134,66.04,33.61,0.35
484014023,69443,28325,231,70.86,28.9,0.24
484014024,19905,7080,96,73.5,26.14,0.35
484014025,12330,6793,10,64.44,35.5,0.05
484014026,4100,1754,0,70.04,29.96,0.0
484014027,14376,1710,27,89.22,10.61,0.17
484014028,1695,453,6,78.69,21.03,0.28
484014029,13700,4050,25,77.07,22.78,0.14
484014030,33266,14671,160,69.16,30.5,0.33
484014031,2862,879,12,76.26,23.42,0.32
484014032,4346,1454,6,74.85,25.04,0.1
484014033,17294,4439,18,79.51,20.41,0.08
484014034,1529,503,0,75.25,24.75,0.0
484014035,32802,18304,64,64.1,35.77,0.13
484014036,11514,6338,20,64.42,35.46,0.11
484014037,12868,9549,5,57.39,42.59,0.02
484014038,2159,725,3,74.78,25.11,0.1
484014039,943883,540820,5778,63.33,36.28,0.39
484014040,8115,1911,12,80.84,19.04,0.12
484014041,4932,1874,0,72.47,27.53,0.0
484014042,5663,3101,12,64.53,35.34,0.14
484014043,15725,6575,0,70.52,29.48,0.0
484014044,29735,11349,48,72.29,27.59,0.12
484014045,13123,4951,28,72.49,27.35,0.15
484014046,16815,14864,138,52.85,46.72,0.43
484014047,17921,6765,5,72.58,27.4,0.02
484014048,11068,6240,52,63.76,35.94,0.3
484014049,6669,2115,16,75.78,24.03,0.18
484014050,27605,15336,7,64.28,35.71,0.02
484014051,10099,3367,24,74.86,24.96,0.18
484014052,3472,2354,0,59.59,40.41,0.0
484014053,115807,35819,496,76.13,23.55,0.33
484014054,3918,1438,2,73.12,26.84,0.04
484014055,15242,7347,45,67.34,32.46,0.2
484014056,1947,563,7,77.35,22.37,0.28
484014057,2975,770,0,79.44,20.56,0.0
484014058,8240,4754,6,63.38,36.57,0.05
484014059,10794,2702,0,79.98,20.02,0.0
484014060,4002,2082,4,65.74,34.2,0.07
484014061,17259,891,403,93.03,4.8,2.17
484014062,2844,723,7,79.57,20.23,0.2
484014063,60777,32409,50,65.19,34.76,0.05
484014064,26450,4710,28,84.81,15.1,0.09
484014065,7844,4372,0,64.21,35.79,0.0
484014066,36472,11694,0,75.72,24.28,0.0
484014067,169440,83291,916,66.8,32.84,0.36
484014068,8896,2935,16,75.09,24.77,0.14
484014069,7479,1461,0,83.66,16.34,0.0
484014070,99263,36486,468,72.87,26.79,0.34
484014071,2291,867,6,72.41,27.4,0.19
484014072,5024,1978,24,71.51,28.15,0.34
484014073,40276,25824,360,60.6,38.86,0.54
484014074,7934,6085,4,56.58,43.39,0.03
484014075,2484,1236,16,66.49,33.08,0.43
484014076,2118,1238,0,63.11,36.89,0.0
484014077,18929,6787,33,73.51,26.36,0.13
484014078,14930,17170,201,46.22,53.16,0.62
484014079,11275,4018,65,73.41,26.16,0.42
484014080,5404,1014,0,84.2,15.8,0.0
484014081,2615,1093,2,70.49,29.46,0.05
484014082,22555,10374,0,68.5,31.5,0.0
484014083,50638,17981,0,73.8,26.2,0.0
484014084,9710,4900,45,66.26,33.44,0.31
484014085,26457,10476,67,71.51,28.31,0.18
484014086,14707,3257,140,81.24,17.99,0.77
484014087,11924,5350,18,68.96,30.94,0.1
484014088,11415,5659,69,66.59,33.01,0.4
484014089,2339,1169,3,66.62,33.3,0.09
484014090,4476,2254,0,66.51,33.49,0.0
484014091,27416,13616,280,66.36,32.96,0.68
484014092,8417,2457,28,77.21,22.54,0.26
484014093,73471,61782,317,54.19,45.57,0.23
484014094,25713,13596,62,65.31,34.53,0.16
484014095,7123,2386,12,74.81,25.06,0.13
484014096,16958,5146,104,76.36,23.17,0.47
484014097,258706,152782,5717,62.01,36.62,1.37
484014098,411018,189904,4304,67.91,31.38,0.71
484014099,7922,1438,12,84.53,15.34,0.13
484014100,28527,7239,0,79.76,20.24,0.0
484014101,305909,155851,1313,66.06,33.66,0.28
484014102,4714,1666,16,73.7,26.05,0.25
484014103,6518,1928,24,76.95,22.76,0.28
484014104,3790,1710,4,68.86,31.07,0.07
484014105,14139,6830,8,67.4,32.56,0.04
484014106,3435,771,4,81.59,18.31,0.1
484014107,4533,1952,23,69.65,29.99,0.35
484014108,23860,11890,78,66.6,33.19,0.22
484014109,13671,4558,36,74.85,24.95,0.2
484014110,8808,4191,0,67.76,32.24,0.0
484014111,3466,2676,0,56.43,43.57,0.0
484014112,4750,1528,0,75.66,24.34,0.0
484014113,11483,3548,35,76.22,23.55,0.23
484014114,12422,4507,126,72.83,26.43,0.74
484014115,3521,2038,65,62.61,36.24,1.16
484014116,12172,5612,50,68.25,31.47,0.28
484014117,1969,1348,0,59.36,40.64,0.0
484014118,13662,8184,66,62.35,37.35,0.3
484014119,16996,10203,58,62.35,37.43,0.21
484014120,868568,361078,8553,70.15,29.16,0.69
484014121,19152,9186,0,67.58,32.42,0.0
484014122,5750,1418,0,80.22,19.78,0.0
484014123,13486,4300,0,75.82,24.18,0.0
484014124,40148,24386,126,62.09,37.71,0.19
484015001,55828,4121,123,92.94,6.86,0.2
484015002,107409,24785,333,81.05,18.7,0.25
484015003,40515,3224,206,92.19,7.34,0.47
484015004,12428,1896,20,86.64,13.22,0.14
484015005,124048,18398,1705,86.05,12.76,1.18
484015006,9737,1875,12,83.77,16.13,0.1
484015007,19134,2282,193,88.55,10.56,0.89
484015008,21440,3244,25,86.77,13.13,0.1
484015009,35215,14162,434,70.7,28.43,0.87
484015010,22964,2843,75,88.73,10.98,0.29
484015011,2948964,1339353,26002,68.35,31.04,0.6
484015012,8343,2640,24,75.8,23.98,0.22
484015013,373416,113831,2632,76.23,23.24,0.54
484015014,79519,14323,308,84.46,15.21,0.33
484015015,23215,4643,30,83.24,16.65,0.11
484015016,20938,4211,181,82.66,16.62,0.71
484015017,7411,1883,12,79.64,20.23,0.13
484015018,40739,6170,96,86.67,13.13,0.2
484015019,26010,5427,90,82.5,17.21,0.29
484015020,219861,58056,798,78.88,20.83,0.29
484015021,30257,6146,0,83.12,16.88,0.0
484015022,10390,2694,28,79.24,20.55,0.21
484015023,32320,5600,0,85.23,14.77,0.0
484015024,956306,294068,4214,76.22,23.44,0.34
484015025,459669,201879,2328,69.24,30.41,0.35
484015026,26130,1495,30,94.49,5.41,0.11
484015027,9453,1541,36,85.7,13.97,0.33
484015028,21562,4146,193,83.25,16.01,0.75
484015029,130008,44109,724,74.36,25.23,0.41
484015030,21343,2663,73,88.64,11.06,0.3
484015031,29929,3291,86,89.86,9.88,0.26
484015032,8082,464,0,94.57,5.43,0.0
484015033,81859,17094,621,82.21,17.17,0.62
484015034,35642,3228,104,91.45,8.28,0.27
484015035,195128,43739,3766,80.42,18.03,1.55
484015036,8092,1321,17,85.81,14.01,0.18
484015037,357106,108781,2142,76.3,23.24,0.46
484015038,25490,8604,112,74.52,25.15,0.33
484015039,6298,390,42,93.58,5.79,0.62
484015040,132225,9163,217,93.38,6.47,0.15
484015041,23929,3078,24,88.52,11.39,0.09
484015042,29760,5390,25,84.61,15.32,0.07
484015043,71050,11570,332,85.65,13.95,0.4
484015044,16166,1329,22,92.29,7.59,0.13
484015045,64693,3858,131,94.19,5.62,0.19
484015046,53905,6459,233,88.96,10.66,0.38
484015047,10174,2427,62,80.34,19.17,0.49
484015048,18814,4842,10,79.5,20.46,0.04
484015049,117550,16658,541,87.24,12.36,0.4
484015050,23194,3316,50,87.33,12.48,0.19
484015051,41777,7859,338,83.6,15.73,0.68
484015052,165519,47974,1108,77.13,22.35,0.52
484015053,7831,1411,44,84.33,15.19,0.47
484015054,25647,2506,63,90.9,8.88,0.22
484015055,511348,304530,13938,61.62,36.7,1.68
484015056,24604,10290,200,70.11,29.32,0.57
484015057,291976,72385,946,79.93,19.81,0.26
484015058,7778,602,135,91.34,7.07,1.59
484015059,55833,5218,156,91.22,8.53,0.25
484015060,27984,2598,86,91.25,8.47,0.28
484015061,30728,1879,140,93.83,5.74,0.43
484015062,27623,5969,0,82.23,17.77,0.0
484015063,4191,655,5,86.39,13.5,0.1
484015064,72523,6917,579,90.63,8.64,0.72
484015065,21601,6205,16,77.64,22.3,0.06
484015066,3403,662,46,82.78,16.1,1.12
484015067,163534,89358,934,64.43,35.2,0.37
484015068,10649,1751,34,85.64,14.08,0.27
484015069,10242,1981,0,83.79,16.21,0.0
484015070,18354,3510,90,83.6,15.99,0.41
484015071,199895,9927,796,94.91,4.71,0.38
484015072,21265,3316,100,86.16,13.44,0.41
484015073,59713,11270,567,83.46,15.75,0.79
484015074,5838,426,46,92.52,6.75,0.73
484015075,8112,1848,36,81.15,18.49,0.36
484015076,10680,990,33,91.26,8.46,0.28
484015077,22284,2397,78,90.0,9.68,0.32
484015078,291642,71242,1656,80.0,19.54,0.45
484015079,77724,20421,185,79.04,20.77,0.19
484015080,7323,3234,34,69.14,30.54,0.32
484015081,28739,5275,394,83.52,15.33,1.15
484015082,59499,2665,266,95.31,4.27,0.43
484015083,28746,3598,72,88.68,11.1,0.22
484015084,82015,8804,180,90.13,9.67,0.2
484015085,73436,15715,490,81.92,17.53,0.55
484015086,8904,1999,32,81.43,18.28,0.29
484015087,60765,15444,105,79.62,20.24,0.14
484015088,52661,9980,212,83.78,15.88,0.34
484015089,40474,11859,66,77.24,22.63,0.13
484015090,22596,4060,369,83.61,15.02,1.37
484015091,15687,2210,6,87.62,12.34,0.03
484015092,31516,3304,168,90.08,9.44,0.48
484015093,14035,2232,4,86.26,13.72,0.02
484015094,4270,815,8,83.84,16.0,0.16
484015095,29828,6329,108,82.25,17.45,0.3
484015096,58619,10404,385,84.46,14.99,0.55
484015097,12878,1264,82,90.54,8.89,0.58
484015098,35898,9483,55,79.01,20.87,0.12
484015099,29776,4580,32,86.59,13.32,0.09
484015100,667458,148928,3202,81.44,18.17,0.39
484015101,8756,3559,0,71.1,28.9,0.0
484015102,75148,16875,261,81.43,18.29,0.28
484015103,47376,13064,394,77.88,21.47,0.65
484015104,46617,2200,120,95.26,4.5,0.25
484015105,40094,2659,230,93.28,6.19,0.54
484015106,50175,11248,33,81.64,18.3,0.05
484015107,85540,9122,268,90.11,9.61,0.28
484015108,40620,5359,30,88.29,11.65,0.07
484015109,3261,765,15,80.7,18.93,0.37
484015110,14657,1199,46,92.17,7.54,0.29
484015111,154974,12086,165,92.67,7.23,0.1
484015112,15116,1338,205,90.74,8.03,1.23
484015113,131130,27025,128,82.85,17.07,0.08
484016001,7450,2355,0,75.98,24.02,0.0
484016002,9785,5790,100,62.42,36.94,0.64
484016003,17222,3071,30,84.74,15.11,0.15
484016004,89261,19643,179,81.83,18.01,0.16
484016005,10255,1848,0,84.73,15.27,0.0
484016006,95166,27693,574,77.1,22.44,0.47
484016007,2440,662,6,78.51,21.3,0.19
484016008,20445,2119,172,89.92,9.32,0.76
484016009,28153,7435,136,78.81,20.81,0.38
484016010,17072,5382,224,75.28,23.73,0.99
484016011,8970,2776,8,76.31,23.62,0.07
484016012,34493,8502,50,80.13,19.75,0.12
484016013,7290,1620,12,81.71,18.16,0.13
484016014,10289,3230,192,75.04,23.56,1.4
484016015,11301,6855,74,61.99,37.6,0.41
484016016,18723,2782,10,87.02,12.93,0.05
484016017,45458,4525,125,90.72,9.03,0.25
484016018,8523,893,12,90.4,9.47,0.13
484016019,14100,5092,44,73.3,26.47,0.23
484016020,23789,3441,254,86.56,12.52,0.92
484016021,9832,1363,21,87.66,12.15,0.19
484016022,17688,2493,129,87.09,12.27,0.64
484016023,6815,2567,0,72.64,27.36,0.0
484016024,16662,1075,117,93.32,6.02,0.66
484016025,33769,2810,57,92.17,7.67,0.16
484016026,4849,1207,28,79.7,19.84,0.46
484016027,4117,468,22,89.36,10.16,0.48
484016028,3562,1028,2,77.57,22.39,0.04
484016029,13875,761,85,94.25,5.17,0.58
484016030,10749,2083,63,83.36,16.15,0.49
484016031,12384,2290,0,84.39,15.61,0.0
484016032,16200,3640,16,81.59,18.33,0.08
484016033,84634,32695,495,71.83,27.75,0.42
484016034,27676,4678,193,85.03,14.37,0.59
484016035,8855,3303,4,72.81,27.16,0.03
484016036,6394,1130,0,84.98,15.02,0.0
484016037,34972,7064,11,83.17,16.8,0.03
484016038,7226,672,0,91.49,8.51,0.0
484016039,12600,2975,0,80.9,19.1,0.0
484016040,11171,2371,198,81.3,17.26,1.44
484016041,10788,2758,28,79.48,20.32,0.21
484016042,40689,21583,141,65.19,34.58,0.23
484016043,9710,2922,54,76.54,23.03,0.43
484016044,33226,15212,129,68.41,31.32,0.27
484016045,11532,2144,79,83.84,15.59,0.57
484016046,17534,3641,28,82.7,17.17,0.13
484016047,6078,872,0,87.45,12.55,0.0
484016048,13687,4408,120,75.14,24.2,0.66
484016049,70838,8793,1114,87.73,10.89,1.38
484016050,129812,44935,3920,72.66,25.15,2.19
484016051,545755,176110,1703,75.43,24.34,0.24
484016052,6492,1218,18,84.01,15.76,0.23
484016053,35179,10948,308,75.76,23.58,0.66
484016054,25351,1963,170,92.24,7.14,0.62
484016055,7827,1282,30,85.64,14.03,0.33
484016056,15657,4039,15,79.43,20.49,0.08
484016057,7956,1155,30,87.04,12.64,0.33
484016058,7689,2203,0,77.73,22.27,0.0
484016059,22082,1327,76,94.03,5.65,0.32
484016060,14480,4474,28,76.28,23.57,0.15
484016061,12659,2997,21,80.75,19.12,0.13
484016062,21851,3404,114,86.13,13.42,0.45
484016063,28153,5982,138,82.14,17.45,0.4
484016064,66493,19209,340,77.28,22.33,0.4
484016065,13392,3410,35,79.54,20.25,0.21
484016066,18931,6269,126,74.75,24.75,0.5
484016067,67461,31799,314,67.75,31.94,0.32
484016068,11650,3667,0,76.06,23.94,0.0
484016069,11708,2256,8,83.8,16.15,0.06
484016070,19954,4108,145,82.43,16.97,0.6
484016071,7542,2466,12,75.27,24.61,0.12
484016072,49397,12699,330,79.13,20.34,0.53
484016073,49074,22110,781,68.19,30.72,1.09
484016074,14912,3866,64,79.14,20.52,0.34
484016075,9861,1698,30,85.09,14.65,0.26
484016076,37203,8337,109,81.5,18.26,0.24
484016077,18132,1019,33,94.52,5.31,0.17
484016078,7178,420,46,93.9,5.49,0.6
484016079,52035,17751,345,74.2,25.31,0.49
484016080,25205,5305,42,82.5,17.36,0.14
484016081,22896,3984,138,84.74,14.75,0.51
484016082,22684,9936,237,69.04,30.24,0.72
484016083,11101,3695,20,74.93,24.94,0.13
484016084,10654,2184,35,82.76,16.97,0.27
484016085,66273,10843,190,85.73,14.03,0.25
484016086,16742,7347,185,68.97,30.27,0.76
484016087,11462,1936,44,85.27,14.4,0.33
484016088,9225,3663,20,71.47,28.38,0.15
484016089,11664,2128,80,84.08,15.34,0.58
484016090,24866,3809,70,86.51,13.25,0.24
484016091,5685,1587,24,77.92,21.75,0.33
484016092,9308,2862,61,76.1,23.4,0.5
484016093,6354,1639,13,79.37,20.47,0.16
484016094,29601,3217,272,89.46,9.72,0.82
484016095,21757,4420,0,83.11,16.89,0.0
484016096,12965,2710,60,82.4,17.22,0.38
484016097,13094,1641,6,88.83,11.13,0.04
484016098,7498,2193,132,76.33,22.33,1.34
484016099,216934,94322,1479,69.37,30.16,0.47
484016100,16305,6860,130,69.99,29.45,0.56
484016101,15136,2285,112,86.33,13.03,0.64
484016102,14811,3889,87,78.84,20.7,0.46
484016103,21338,8527,130,71.14,28.43,0.43
484016104,53637,20018,169,72.66,27.12,0.23
484016105,125401,58222,229,68.21,31.67,0.12
484016106,2498,705,9,77.77,21.95,0.28
484016107,37062,10240,126,78.14,21.59,0.27
484016108,13048,2200,12,85.5,14.42,0.08
484016109,125466,28477,692,81.14,18.42,0.45
484017001,15102,2568,65,85.15,14.48,0.37
484017002,15702,3522,30,81.55,18.29,0.16
484017003,26216,7092,93,78.49,21.23,0.28
484017004,62572,13674,1660,80.32,17.55,2.13
484017005,7799,1566,39,82.93,16.65,0.41
484017006,120384,53207,81,69.32,30.64,0.05
484017007,259713,102730,2050,71.25,28.18,0.56
484017008,66499,16958,144,79.54,20.28,0.17
484017009,16014,1545,60,90.89,8.77,0.34
484017010,13588,2352,0,85.24,14.76,0.0
484017011,135732,59362,352,69.45,30.37,0.18
484017012,39481,14698,169,72.64,27.04,0.31
484017013,11909,3121,0,79.23,20.77,0.0
484017014,7456,1705,51,80.94,18.51,0.55
484017015,19920,3781,46,83.88,15.92,0.19
484017016,15347,1371,66,91.44,8.17,0.39
484017017,51778,10524,156,82.9,16.85,0.25
484017018,84242,24134,171,77.61,22.23,0.16
484017019,21876,3299,12,86.85,13.1,0.05
484017020,35071,5620,50,86.08,13.79,0.12
484017021,6316,1589,0,79.9,20.1,0.0
484017022,17992,1322,0,93.16,6.84,0.0
484017023,5490,612,32,89.5,9.98,0.52
484017024,40451,7921,272,83.16,16.28,0.56
484017025,24153,7866,27,75.37,24.55,0.08
484017026,15443,1569,76,90.37,9.18,0.44
484017027,8342,2243,47,78.46,21.1,0.44
484017028,46286,14421,143,76.07,23.7,0.24
484017029,72257,23480,842,74.82,24.31,0.87
484017030,36628,9213,103,79.72,20.05,0.22
484017031,26958,6034,24,81.65,18.28,0.07
484017032,23233,2488,15,90.27,9.67,0.06
484018001,28731,6884,0,80.67,19.33,0.0
484018002,10833,4360,0,71.3,28.7,0.0
484018003,7980,3129,0,71.83,28.17,0.0
484018004,130847,64080,153,67.07,32.85,0.08
484018005,11740,918,24,92.57,7.24,0.19
484018006,17640,8680,7,67.0,32.97,0.03
484018007,15569,2625,0,85.57,14.43,0.0
484018008,39044,8697,40,81.71,18.2,0.08
484018009,32998,898,183,96.83,2.64,0.54
484018010,30499,4485,14,87.14,12.82,0.04
484018011,18122,4460,76,79.98,19.68,0.34
484018012,32356,8742,0,78.73,21.27,0.0
484018013,6278,1618,9,79.42,20.47,0.11
484018014,17887,4156,30,81.04,18.83,0.14
484018015,79351,13597,22,85.35,14.63,0.02
484018016,33310,5392,180,85.67,13.87,0.46
484018017,283394,93615,223,75.12,24.82,0.06
484018018,23842,5534,96,80.9,18.78,0.33
484018019,10661,1655,0,86.56,13.44,0.0
484019001,2107,577,12,78.15,21.4,0.45
484019002,2812,1148,22,70.62,28.83,0.55
484019003,1122,212,7,83.67,15.81,0.52
484019004,20043,12483,72,61.49,38.29,0.22
484019005,13670,4859,60,73.54,26.14,0.32
484019006,434861,83205,5383,83.08,15.9,1.03
484019007,13812,1232,0,91.81,8.19,0.0
484019008,2873,872,12,76.47,23.21,0.32
484019009,68100,16954,910,79.22,19.72,1.06
484019010,13052,1936,128,86.35,12.81,0.85
484019011,4620,2214,11,67.49,32.34,0.16
484019012,16774,6921,18,70.74,29.19,0.08
484019013,8616,3184,110,72.34,26.73,0.92
484019014,31910,3014,486,90.12,8.51,1.37
484019015,1328,366,15,77.71,21.42,0.88
484019016,2221,1099,12,66.66,32.98,0.36
484019017,35443,5200,12,87.18,12.79,0.03
484019018,123303,16308,4602,85.5,11.31,3.19
484019019,97640,19444,5276,79.8,15.89,4.31
484019020,3442,1471,16,69.83,29.84,0.32
484019021,293147,59743,4950,81.92,16.7,1.38
484019022,10388,4372,0,70.38,29.62,0.0
484019023,923,335,0,73.37,26.63,0.0
484019024,4609,398,58,91.0,7.86,1.15
484019025,41057,14412,260,73.67,25.86,0.47
484019026,570293,95633,10303,84.33,14.14,1.52
484019027,1577,406,28,78.42,20.19,1.39
484019028,1119,460,0,70.87,29.13,0.0
484019029,4616,1146,34,79.64,19.77,0.59
484019030,3139,410,9,88.22,11.52,0.25
484019031,213464,39417,2081,83.72,15.46,0.82
484019032,4268,1568,8,73.03,26.83,0.14
484019033,64602,13857,348,81.97,17.58,0.44
484019034,3460,1946,18,63.79,35.88,0.33
484019035,704,150,3,82.15,17.5,0.35
484019036,6418,284,0,95.76,4.24,0.0
484019037,4930,940,26,83.62,15.94,0.44
484019038,42082,17590,64,70.45,29.45,0.11
484019039,900045,204917,24611,79.68,18.14,2.18
484019040,912,116,0,88.72,11.28,0.0
484019041,16504,3053,864,80.82,14.95,4.23
484019042,4420,1385,30,75.75,23.74,0.51
484019043,2192,430,0,83.6,16.4,0.0
484019044,23912,9552,112,71.22,28.45,0.33
484019045,25678,5488,1645,78.26,16.73,5.01
484019046,375650,62870,4442,84.8,14.19,1.0
484019047,12925,3402,1326,73.22,19.27,7.51
484019048,225056,42509,1360,83.69,15.81,0.51
484019049,28604,10584,270,72.49,26.82,0.68
484019050,1333,576,5,69.64,30.09,0.26
484019051,3461,877,30,79.24,20.08,0.69
484020001,1069,8,7,98.62,0.74,0.65
484020002,40012,5018,123,88.61,11.11,0.27
484020003,2451,37,7,98.24,1.48,0.28
484020004,843,166,0,83.55,16.45,0.0
484020005,12789,1314,0,90.68,9.32,0.0
484020006,14944,2580,30,85.13,14.7,0.17
484020007,2260,165,10,92.81,6.78,0.41
484020008,791,51,0,93.94,6.06,0.0
484020009,7002,84,1,98.8,1.19,0.01
484020010,12969,1359,24,90.36,9.47,0.17
484020011,1061,88,2,92.18,7.65,0.17
484020012,8816,389,66,95.09,4.2,0.71
484020013,2369,407,2,85.28,14.65,0.07
484020014,19678,5709,24,77.44,22.47,0.09
484020015,4612,25,48,98.44,0.53,1.02
484020016,8239,165,81,97.1,1.94,0.95
484020017,3170,123,9,96.0,3.73,0.27
484020018,776,41,2,94.75,5.01,0.24
484020019,2979,69,0,97.74,2.26,0.0
484020020,3450,338,62,89.61,8.78,1.61
484020021,12706,1877,50,86.83,12.83,0.34
484020022,798,58,0,93.22,6.78,0.0
484020023,17677,525,25,96.98,2.88,0.14
484020024,3386,406,10,89.06,10.68,0.26
484020025,9036,2836,144,75.2,23.6,1.2
484020026,7173,484,0,93.68,6.32,0.0
484020027,2242,207,4,91.4,8.44,0.16
484020028,17612,1592,268,90.45,8.18,1.38
484020029,4168,80,10,97.89,1.88,0.23
484020030,7198,1482,6,82.87,17.06,0.07
484020031,7146,248,13,96.48,3.35,0.18
484020032,907,121,5,87.8,11.71,0.48
484020033,2115,282,5,88.05,11.74,0.21
484020034,1360,57,0,95.98,4.02,0.0
484020035,458,66,0,87.4,12.6,0.0
484020036,5146,102,8,97.91,1.94,0.15
484020037,3767,525,37,87.02,12.13,0.85
484020038,1521,525,2,74.27,25.63,0.1
484020039,51663,17498,105,74.59,25.26,0.15
484020040,5882,85,7,98.46,1.42,0.12
484020041,26361,2273,300,91.11,7.86,1.04
484020042,8533,538,14,93.92,5.92,0.15
484020043,83260,8223,310,90.7,8.96,0.34
484020044,30156,9286,36,76.39,23.52,0.09
484020045,6017,839,15,87.57,12.21,0.22
484020046,3078,223,6,93.08,6.74,0.18
484020047,83,7,0,92.22,7.78,0.0
484020048,1277,6,21,97.93,0.46,1.61
484020049,1100,29,6,96.92,2.56,0.53
484020050,3715,43,14,98.49,1.14,0.37
484020051,4221,85,35,97.24,1.96,0.81
484020052,6040,670,9,89.89,9.97,0.13
484020053,1073,147,1,87.88,12.04,0.08
484020054,350,55,0,86.42,13.58,0.0
484020055,3103,380,8,88.89,10.89,0.23
484020056,1362,73,11,94.19,5.05,0.76
484020057,32753,5523,89,85.37,14.4,0.23
484020058,13129,216,86,97.75,1.61,0.64
484020059,34293,5529,101,85.9,13.85,0.25
484020060,2665,86,19,96.21,3.1,0.69
484020061,2414,137,1,94.59,5.37,0.04
484020062,489,97,0,83.45,16.55,0.0
484020063,3578,244,9,93.4,6.37,0.23
484020064,6545,616,0,91.4,8.6,0.0
484020065,1117,54,0,95.39,4.61,0.0
484020066,4630,646,2,87.72,12.24,0.04
484020067,198817,60241,2421,76.04,23.04,0.93
484020068,17243,4144,20,80.55,19.36,0.09
484020069,2205,222,17,90.22,9.08,0.7
484020070,6590,509,48,92.21,7.12,0.67
484020071,2433,617,8,79.56,20.18,0.26
484020072,6264,313,18,94.98,4.75,0.27
484020073,26781,4501,52,85.47,14.36,0.17
484020074,497,3,4,98.61,0.6,0.79
484020075,2334,314,2,88.08,11.85,0.08
484020076,3131,189,8,94.08,5.68,0.24
484020077,3293,260,12,92.37,7.29,0.34
484020078,965,119,8,88.37,10.9,0.73
484020079,66385,15908,8,80.66,19.33,0.01
484020080,1246,51,2,95.92,3.93,0.15
484020081,1587,285,1,84.73,15.22,0.05
484020082,3874,63,9,98.18,1.6,0.23
484020083,6488,1858,268,75.32,21.57,3.11
484020084,3560,304,0,92.13,7.87,0.0
484020085,21415,864,182,95.34,3.85,0.81
484020086,787,86,0,90.15,9.85,0.0
484020087,3051,985,5,75.5,24.38,0.12
484020088,2738,50,1,98.17,1.79,0.04
484020089,2040,107,1,94.97,4.98,0.05
484020090,6376,548,10,91.95,7.9,0.14
484020091,4690,1215,34,78.97,20.46,0.57
484020092,1349,84,4,93.88,5.85,0.28
484020093,450,28,0,94.14,5.86,0.0
484020094,1832,55,10,96.57,2.9,0.53
484020095,3860,94,27,96.96,2.36,0.68
484020096,695,77,0,90.03,9.97,0.0
484020097,1668,42,3,97.37,2.45,0.18
484020098,4261,106,7,97.42,2.42,0.16
484020099,459,14,1,96.84,2.95,0.21
484020100,473,24,0,95.17,4.83,0.0
484020101,677,39,10,93.25,5.37,1.38
484020102,4125,262,12,93.77,5.96,0.27
484020103,4595,962,4,82.63,17.3,0.07
484020104,2490,11,7,99.28,0.44,0.28
484020105,7933,167,21,97.69,2.06,0.26
484020106,283,5,0,98.26,1.74,0.0
484020107,16687,3470,12,82.74,17.2,0.06
484020108,4185,87,14,97.64,2.03,0.33
484020109,9131,1897,24,82.62,17.16,0.22
484020110,1596,7,0,99.56,0.44,0.0
484020111,4280,93,15,97.54,2.12,0.34
484020112,2334,80,0,96.69,3.31,0.0
484020113,2767,44,18,97.81,1.56,0.64
484020114,581,93,3,85.82,13.74,0.44
484020115,5733,1139,95,82.29,16.35,1.36
484020116,4048,4,0,99.9,0.1,0.0
484020117,2345,66,11,96.82,2.73,0.45
484020118,2341,104,19,95.01,4.22,0.77
484020119,385,14,0,96.49,3.51,0.0
484020120,317,46,2,86.85,12.6,0.55
484020121,623,27,5,95.11,4.12,0.76
484020122,644,19,9,95.83,2.83,1.34
484020123,2489,208,6,92.08,7.7,0.22
484020124,15728,1524,0,91.17,8.83,0.0
484020125,10642,135,108,97.77,1.24,0.99
484020126,4890,118,7,97.51,2.35,0.14
484020127,1255,16,0,98.74,1.26,0.0
484020128,1123,103,4,91.3,8.37,0.33
484020129,291,43,0,87.13,12.87,0.0
484020130,5742,390,53,92.84,6.31,0.86
484020131,11203,312,15,97.16,2.71,0.13
484020132,1070,169,0,86.36,13.64,0.0
484020133,3902,51,18,98.26,1.28,0.45
484020134,23151,606,946,93.72,2.45,3.83
484020135,6416,362,8,94.55,5.33,0.12
484020136,10059,21,9,99.7,0.21,0.09
484020137,3326,66,22,97.42,1.93,0.64
484020138,371,84,1,81.36,18.42,0.22
484020139,2062,58,16,96.54,2.72,0.75
484020140,786,39,0,95.27,4.73,0.0
484020141,7610,641,63,91.53,7.71,0.76
484020142,1125,26,3,97.49,2.25,0.26
484020143,8237,699,6,92.12,7.82,0.07
484020144,1013,94,3,91.26,8.47,0.27
484020145,2848,490,69,83.59,14.38,2.03
484020146,2635,25,6,98.84,0.94,0.23
484020147,339,34,0,90.88,9.12,0.0
484020148,1929,16,0,99.18,0.82,0.0
484020149,1354,138,1,90.69,9.24,0.07
484020150,9376,1331,0,87.57,12.43,0.0
484020151,364,28,0,92.86,7.14,0.0
484020152,2093,53,0,97.53,2.47,0.0
484020153,4271,433,14,90.53,9.18,0.3
484020154,2350,32,11,98.2,1.34,0.46
484020155,889,46,5,94.57,4.89,0.53
484020156,3161,261,15,91.97,7.59,0.44
484020157,11632,4080,40,73.84,25.9,0.25
484020158,2187,11,5,99.27,0.5,0.23
484020159,5275,140,4,97.34,2.58,0.07
484020160,1285,80,1,94.07,5.86,0.07
484020161,2411,144,4,94.22,5.63,0.16
484020162,1753,87,8,94.86,4.71,0.43
484020163,1366,212,12,85.91,13.33,0.75
484020164,2975,215,1,93.23,6.74,0.03
484020165,1334,169,0,88.76,11.24,0.0
484020166,9977,949,21,91.14,8.67,0.19
484020167,2067,5,7,99.42,0.24,0.34
484020168,936,40,1,95.8,4.09,0.1
484020169,3364,220,97,91.39,5.98,2.64
484020170,3796,18,27,98.83,0.47,0.7
484020171,16654,1719,105,90.13,9.3,0.57
484020172,356,71,3,82.79,16.51,0.7
484020173,3155,481,105,84.34,12.86,2.81
484020174,1706,18,0,98.96,1.04,0.0
484020175,2345,379,9,85.8,13.87,0.33
484020176,8327,1485,21,84.68,15.1,0.21
484020177,4593,987,36,81.78,17.57,0.64
484020178,1396,60,0,95.88,4.12,0.0
484020179,2045,276,4,87.96,11.87,0.17
484020180,340,77,0,81.53,18.47,0.0
484020181,2236,31,3,98.5,1.37,0.13
484020182,1408,32,1,97.71,2.22,0.07
484020183,125237,30490,123,80.36,19.56,0.08
484020184,7817,853,8,90.08,9.83,0.09
484020185,503,88,0,85.11,14.89,0.0
484020186,2505,7,23,98.82,0.28,0.91
484020187,8845,520,6,94.39,5.55,0.06
484020188,2449,58,1,97.65,2.31,0.04
484020189,19633,2486,292,87.6,11.09,1.3
484020190,305,15,0,95.31,4.69,0.0
484020191,1319,121,0,91.6,8.4,0.0
484020192,2335,208,0,91.82,8.18,0.0
484020193,1138,73,9,93.28,5.98,0.74
484020194,1205,42,0,96.63,3.37,0.0
484020195,378,24,0,94.03,5.97,0.0
484020196,2684,266,61,89.14,8.83,2.03
484020197,26753,1121,248,95.13,3.99,0.88
484020198,612,98,0,86.2,13.8,0.0
484020199,3765,125,20,96.29,3.2,0.51
484020200,1789,27,16,97.65,1.47,0.87
484020201,4307,128,41,96.22,2.86,0.92
484020202,3183,70,32,96.89,2.13,0.97
484020203,694,19,0,97.34,2.66,0.0
484020204,17464,176,0,99.0,1.0,0.0
484020205,2209,138,10,93.72,5.85,0.42
484020206,15978,936,18,94.37,5.53,0.11
484020207,7287,297,27,95.74,3.9,0.35
484020208,672,36,0,94.92,5.08,0.0
484020209,7403,234,39,96.44,3.05,0.51
484020210,3114,45,7,98.36,1.42,0.22
484020211,2795,3,9,99.57,0.11,0.32
484020212,3574,7,24,99.14,0.19,0.67
484020213,2197,70,5,96.7,3.08,0.22
484020214,621,141,0,81.5,18.5,0.0
484020215,1305,15,11,98.05,1.13,0.83
484020216,3376,18,51,98.0,0.52,1.48
484020217,540,62,5,88.96,10.21,0.82
484020218,2334,112,106,91.46,4.39,4.15
484020219,2643,126,1,95.42,4.55,0.04
484020220,1197,103,1,92.01,7.92,0.08
484020221,1405,123,2,91.83,8.04,0.13
484020222,449,0,0,100.0,0.0,0.0
484020223,574,105,0,84.54,15.46,0.0
484020224,5900,45,6,99.14,0.76,0.1
484020225,2630,65,5,97.41,2.41,0.19
484020226,11744,846,27,93.08,6.71,0.21
484020227,736,35,0,95.46,4.54,0.0
484020228,6995,22,31,99.25,0.31,0.44
484020229,858,142,2,85.63,14.17,0.2
484020230,2998,10,16,99.14,0.33,0.53
484020231,21036,366,18,98.21,1.71,0.08
484020232,1626,119,0,93.18,6.82,0.0
484020233,7500,27,27,99.29,0.36,0.36
484020234,3462,140,13,95.77,3.87,0.36
484020235,1447,73,2,95.07,4.8,0.13
484020236,1265,246,14,82.95,16.13,0.92
484020237,786,24,6,96.32,2.94,0.74
484020238,989,82,1,92.26,7.65,0.09
484020239,2386,64,6,97.15,2.61,0.24
484020240,1025,59,0,94.56,5.44,0.0
484020241,11607,330,145,96.07,2.73,1.2
484020242,1555,175,9,89.42,10.06,0.52
484020243,3454,209,6,94.14,5.7,0.16
484020244,1118,148,7,87.82,11.63,0.55
484020245,518,102,0,83.55,16.45,0.0
484020246,1366,94,7,93.12,6.41,0.48
484020247,14161,531,40,96.12,3.6,0.27
484020248,3211,264,0,92.4,7.6,0.0
484020249,976,203,0,82.78,17.22,0.0
484020250,1093,87,0,92.63,7.37,0.0
484020251,2036,75,5,96.22,3.54,0.24
484020252,2024,182,8,91.42,8.22,0.36
484020253,3100,160,19,94.54,4.88,0.58
484020254,2039,43,4,97.75,2.06,0.19
484020255,194,35,0,84.72,15.28,0.0
484020256,1018,67,0,93.82,6.18,0.0
484020257,642,85,17,86.29,11.42,2.28
484020258,2159,286,0,88.3,11.7,0.0
484020259,2435,42,0,98.3,1.7,0.0
484020260,8000,475,54,93.8,5.57,0.63
484020261,920,121,2,88.21,11.6,0.19
484020262,3379,82,11,97.32,2.36,0.32
484020263,2167,34,16,97.74,1.53,0.72
484020264,5738,714,8,88.82,11.05,0.12
484020265,8549,970,36,89.47,10.15,0.38
484020266,278,16,0,94.56,5.44,0.0
484020267,867,36,5,95.48,3.96,0.55
484020268,3994,106,8,97.22,2.58,0.19
484020269,1369,30,0,97.86,2.14,0.0
484020270,3190,55,0,98.31,1.69,0.0
484020271,6038,48,47,98.45,0.78,0.77
484020272,3348,143,6,95.74,4.09,0.17
484020273,1278,18,0,98.61,1.39,0.0
484020274,6779,44,6,99.27,0.64,0.09
484020275,777,24,0,97.0,3.0,0.0
484020276,13237,664,156,94.17,4.72,1.11
484020277,35498,1100,345,96.09,2.98,0.93
484020278,2703,97,23,95.75,3.44,0.81
484020279,2155,213,20,90.24,8.92,0.84
484020280,267,33,0,89.0,11.0,0.0
484020281,777,16,1,97.86,2.02,0.13
484020282,953,87,2,91.46,8.35,0.19
484020283,3057,73,21,97.02,2.32,0.67
484020284,3153,214,19,93.12,6.32,0.56
484020285,2862,338,15,89.02,10.51,0.47
484020286,310,32,0,90.64,9.36,0.0
484020287,592,19,0,96.89,3.11,0.0
484020288,1136,4,0,99.65,0.35,0.0
484020289,910,101,1,89.92,9.98,0.1
484020290,4086,44,37,98.06,1.06,0.89
484020291,1384,4,0,99.71,0.29,0.0
484020292,12325,3808,45,76.18,23.54,0.28
484020293,5522,633,6,89.63,10.27,0.1
484020294,8875,1651,36,84.03,15.63,0.34
484020295,814,115,0,87.62,12.38,0.0
484020296,2103,31,16,97.81,1.44,0.74
484020297,11086,1532,0,87.86,12.14,0.0
484020298,1035,73,0,93.41,6.59,0.0
484020299,6330,290,42,95.02,4.35,0.63
484020300,1237,285,18,80.32,18.51,1.17
484020301,4054,64,14,98.11,1.55,0.34
484020302,1004,164,0,85.96,14.04,0.0
484020303,819,27,3,96.47,3.18,0.35
484020304,3735,161,36,94.99,4.09,0.92
484020305,3745,29,60,97.68,0.76,1.56
484020306,8471,800,8,91.29,8.62,0.09
484020307,2665,155,19,93.87,5.46,0.67
484020308,10231,63,39,99.01,0.61,0.38
484020309,7148,674,10,91.27,8.61,0.13
484020310,449,7,0,98.46,1.54,0.0
484020311,11032,382,182,95.14,3.29,1.57
484020312,822,12,0,98.56,1.44,0.0
484020313,1596,97,0,94.27,5.73,0.0
484020314,1463,194,0,88.29,11.71,0.0
484020315,722,13,14,96.4,1.74,1.87
484020316,1320,71,3,94.69,5.09,0.22
484020317,32555,8708,324,78.28,20.94,0.78
484020318,1021,73,0,93.33,6.67,0.0
484020319,624,72,18,87.39,10.08,2.52
484020320,771,68,1,91.79,8.1,0.12
484020321,866,13,5,97.96,1.47,0.57
484020322,2112,11,12,98.92,0.52,0.56
484020323,36970,5321,72,87.27,12.56,0.17
484020324,10153,196,15,97.96,1.89,0.14
484020325,4876,78,0,98.43,1.57,0.0
484020326,12391,2512,100,82.59,16.74,0.67
484020327,1170,2,1,99.74,0.17,0.09
484020328,1172,147,1,88.79,11.14,0.08
484020329,4087,190,0,95.56,4.44,0.0
484020330,814,66,6,91.87,7.45,0.68
484020331,358,46,0,88.61,11.39,0.0
484020332,2312,246,25,89.51,9.52,0.97
484020333,39718,4661,156,89.18,10.47,0.35
484020334,985,16,1,98.3,1.6,0.1
484020335,2208,50,0,97.79,2.21,0.0
484020336,5005,362,37,92.62,6.7,0.68
484020337,6260,1680,0,78.84,21.16,0.0
484020338,3488,454,0,88.48,11.52,0.0
484020339,1725,141,0,92.44,7.56,0.0
484020340,207,25,0,89.22,10.78,0.0
484020341,1727,318,1,84.41,15.54,0.05
484020342,1660,95,19,93.57,5.36,1.07
484020343,2506,106,1,95.91,4.06,0.04
484020344,3727,235,0,94.07,5.93,0.0
484020345,1361,57,24,94.38,3.95,1.66
484020346,3621,35,8,98.83,0.96,0.22
484020347,6468,767,12,89.25,10.58,0.17
484020348,1738,179,38,88.9,9.16,1.94
484020349,13242,4350,36,75.12,24.68,0.2
484020350,2537,77,9,96.72,2.94,0.34
484020351,3711,32,16,98.72,0.85,0.43
484020352,1908,18,15,98.3,0.93,0.77
484020353,479,31,0,93.92,6.08,0.0
484020354,712,19,7,96.48,2.57,0.95
484020355,1859,108,8,94.13,5.47,0.41
484020356,842,66,0,92.73,7.27,0.0
484020357,1533,309,2,83.13,16.76,0.11
484020358,779,20,8,96.53,2.48,0.99
484020359,3259,280,18,91.62,7.87,0.51
484020360,907,0,9,99.02,0.0,0.98
484020361,1301,120,0,91.56,8.44,0.0
484020362,2541,86,6,96.51,3.27,0.23
484020363,12665,585,0,95.58,4.42,0.0
484020364,1199,105,0,91.95,8.05,0.0
484020365,3869,93,16,97.26,2.34,0.4
484020366,4507,12,24,99.21,0.26,0.53
484020367,1622,191,0,89.46,10.54,0.0
484020368,1709,128,4,92.83,6.95,0.22
484020369,526,153,0,77.47,22.53,0.0
484020370,901,37,4,95.65,3.93,0.42
484020371,1848,26,12,97.99,1.38,0.64
484020372,409,37,0,91.7,8.3,0.0
484020373,1422,42,0,97.13,2.87,0.0
484020374,7749,1932,33,79.77,19.89,0.34
484020375,307,47,0,86.72,13.28,0.0
484020376,10420,316,42,96.68,2.93,0.39
484020377,3265,334,14,90.37,9.24,0.39
484020378,2943,11,4,99.49,0.37,0.14
484020379,1785,158,26,90.66,8.02,1.32
484020380,2428,176,0,93.24,6.76,0.0
484020381,1160,10,0,99.15,0.85,0.0
484020382,604,1,0,99.83,0.17,0.0
484020383,4317,130,6,96.95,2.92,0.13
484020384,61182,14590,330,80.39,19.17,0.43
484020385,17731,117,46,99.09,0.65,0.26
484020386,2459,396,0,86.13,13.87,0.0
484020387,2453,82,0,96.77,3.23,0.0
484020388,868,45,1,94.97,4.92,0.11
484020389,30557,15619,110,66.02,33.74,0.24
484020390,3032,313,11,90.35,9.33,0.33
484020391,6552,98,25,98.16,1.47,0.37
484020392,3427,159,3,95.49,4.43,0.08
484020393,2695,67,8,97.29,2.42,0.29
484020394,1864,27,4,98.36,1.42,0.21
484020395,3215,27,4,99.04,0.83,0.12
484020396,31050,7831,50,79.76,20.12,0.13
484020397,3460,911,31,78.6,20.7,0.7
484020398,21832,5972,113,78.2,21.39,0.4
484020399,5259,682,7,88.42,11.47,0.12
484020400,19024,4368,82,81.04,18.61,0.35
484020401,946,132,1,87.67,12.23,0.09
484020402,2148,551,30,78.71,20.19,1.1
484020403,683,71,2,90.34,9.39,0.26
484020404,1575,348,5,81.69,18.05,0.26
484020405,19587,879,102,95.23,4.27,0.5
484020406,8246,394,0,95.44,4.56,0.0
484020407,469,7,4,97.71,1.46,0.83
484020408,6695,1815,105,77.71,21.07,1.22
484020409,3331,116,11,96.33,3.35,0.32
484020410,771,45,0,94.49,5.51,0.0
484020411,3157,120,5,96.19,3.66,0.15
484020412,27226,10238,68,72.54,27.28,0.18
484020413,11265,681,0,94.3,5.7,0.0
484020414,4466,375,27,91.74,7.7,0.55
484020415,485,19,0,96.23,3.77,0.0
484020416,9999,258,12,97.37,2.51,0.12
484020417,10867,1252,4,89.64,10.33,0.03
484020418,537,38,0,93.39,6.61,0.0
484020419,1650,24,6,98.21,1.43,0.36
484020420,3792,461,13,88.89,10.81,0.3
484020421,557,121,2,81.91,17.79,0.29
484020422,495,54,1,90.0,9.82,0.18
484020423,3829,141,16,96.06,3.54,0.4
484020424,2190,13,6,99.14,0.59,0.27
484020425,7733,89,27,98.52,1.13,0.34
484020426,12954,1144,69,91.44,8.08,0.49
484020427,1713,55,2,96.78,3.11,0.11
484020428,1450,74,0,95.14,4.86,0.0
484020429,236,16,0,93.65,6.35,0.0
484020430,1548,222,0,87.46,12.54,0.0
484020431,878,90,0,90.7,9.3,0.0
484020432,17486,283,141,97.63,1.58,0.79
484020433,4570,74,4,98.32,1.59,0.09
484020434,3396,109,0,96.89,3.11,0.0
484020435,1089,9,2,99.0,0.82,0.18
484020436,8670,363,26,95.71,4.01,0.29
484020437,1663,23,5,98.34,1.36,0.3
484020438,22425,764,84,96.36,3.28,0.36
484020439,879,17,0,98.1,1.9,0.0
484020440,7224,310,0,95.89,4.11,0.0
484020441,278,76,0,78.53,21.47,0.0
484020442,415,33,0,92.63,7.37,0.0
484020443,389,72,0,84.38,15.62,0.0
484020444,1601,31,10,97.5,1.89,0.61
484020445,6292,14,4,99.71,0.22,0.06
484020446,13877,1423,110,90.05,9.23,0.71
484020447,1992,17,0,99.15,0.85,0.0
484020448,3064,281,10,91.33,8.38,0.3
484020449,12143,61,43,99.15,0.5,0.35
484020450,1045,4,2,99.43,0.38,0.19
484020451,3611,514,14,87.24,12.42,0.34
484020452,3553,348,4,90.99,8.91,0.1
484020453,3135,20,0,99.37,0.63,0.0
484020454,2569,142,6,94.55,5.23,0.22
484020455,1602,77,0,95.41,4.59,0.0
484020456,3341,52,0,98.47,1.53,0.0
484020457,1084,31,0,97.22,2.78,0.0
484020458,3848,654,8,85.32,14.5,0.18
484020459,5136,222,43,95.09,4.11,0.8
484020460,538,76,0,87.62,12.38,0.0
484020461,582,81,0,87.78,12.22,0.0
484020462,402,72,0,84.81,15.19,0.0
484020463,1555,13,0,99.17,0.83,0.0
484020464,11702,122,83,98.28,1.02,0.7
484020465,16208,1043,346,92.11,5.93,1.97
484020466,12685,243,77,97.54,1.87,0.59
484020467,30114,2616,280,91.23,7.92,0.85
484020468,5143,142,35,96.67,2.67,0.66
484020469,411,85,0,82.86,17.14,0.0
484020470,2818,362,2,88.56,11.38,0.06
484020471,1236,153,5,88.67,10.98,0.36
484020472,2929,326,5,89.85,10.0,0.15
484020473,9058,1214,18,88.03,11.8,0.17
484020474,340,55,6,84.79,13.72,1.5
484020475,1390,30,10,97.2,2.1,0.7
484020476,1822,87,0,95.44,4.56,0.0
484020477,217,2,0,99.09,0.91,0.0
484020478,938,24,5,97.0,2.48,0.52
484020479,1914,47,5,97.36,2.39,0.25
484020480,43815,5615,217,88.25,11.31,0.44
484020481,10321,788,3,92.88,7.09,0.03
484020482,3868,303,11,92.49,7.25,0.26
484020483,2915,101,6,96.46,3.34,0.2
484020484,2191,264,5,89.07,10.73,0.2
484020485,1801,141,0,92.74,7.26,0.0
484020486,115,16,0,87.79,12.21,0.0
484020487,4848,79,26,97.88,1.59,0.52
484020488,3033,32,8,98.7,1.04,0.26
484020489,4103,51,10,98.54,1.22,0.24
484020490,2987,208,15,93.05,6.48,0.47
484020491,432,119,0,78.4,21.6,0.0
484020492,4881,1,12,99.73,0.02,0.25
484020493,2683,133,68,93.03,4.61,2.36
484020494,2035,121,12,93.87,5.58,0.55
484020495,4047,36,29,98.42,0.88,0.71
484020496,5630,592,24,90.14,9.48,0.38
484020497,1694,274,0,86.08,13.92,0.0
484020498,7690,415,60,94.18,5.08,0.73
484020499,825,106,1,88.52,11.37,0.11
484020500,5684,15,25,99.3,0.26,0.44
484020501,356,9,0,97.53,2.47,0.0
484020502,1589,60,3,96.19,3.63,0.18
484020503,7049,865,24,88.8,10.9,0.3
484020504,742,37,0,95.25,4.75,0.0
484020505,2937,269,17,91.13,8.35,0.53
484020506,1303,213,4,85.72,14.01,0.26
484020507,10306,168,66,97.78,1.59,0.63
484020508,803,62,12,91.56,7.07,1.37
484020509,3507,64,39,97.15,1.77,1.08
484020510,908,5,0,99.45,0.55,0.0
484020511,7494,639,33,91.77,7.83,0.4
484020512,971,26,0,97.39,2.61,0.0
484020513,55651,6651,0,89.32,10.68,0.0
484020514,4466,105,0,97.7,2.3,0.0
484020515,4562,218,39,94.67,4.52,0.81
484020516,147,6,0,96.08,3.92,0.0
484020517,2408,356,8,86.87,12.84,0.29
484020518,6033,498,10,92.23,7.61,0.15
484020519,244,28,2,89.05,10.22,0.73
484020520,1142,71,0,94.15,5.85,0.0
484020521,1249,356,0,77.82,22.18,0.0
484020522,339,30,0,91.87,8.13,0.0
484020523,9748,1484,28,86.57,13.18,0.25
484020524,2781,32,16,98.3,1.13,0.57
484020525,1041,156,6,86.53,12.97,0.5
484020526,1277,33,2,97.33,2.52,0.15
484020527,3169,210,0,93.79,6.21,0.0
484020528,2275,44,0,98.1,1.9,0.0
484020529,4039,23,14,99.09,0.56,0.34
484020530,2003,165,5,92.18,7.59,0.23
484020531,3893,48,20,98.28,1.21,0.5
484020532,2926,23,12,98.82,0.78,0.41
484020533,471,22,0,95.54,4.46,0.0
484020534,6589,774,9,89.38,10.5,0.12
484020535,660,29,16,93.62,4.11,2.27
484020536,4593,394,3,92.04,7.9,0.06
484020537,5416,768,12,87.41,12.4,0.19
484020538,1589,116,0,93.2,6.8,0.0
484020539,721,25,0,96.65,3.35,0.0
484020540,5497,43,21,98.85,0.77,0.38
484020541,1068,31,4,96.83,2.81,0.36
484020542,6269,207,132,94.87,3.13,2.0
484020543,876,66,7,92.31,6.95,0.74
484020544,1432,290,10,82.68,16.74,0.58
484020545,9578,1324,5,87.82,12.14,0.05
484020546,4071,770,123,82.01,15.51,2.48
484020547,14326,3944,95,78.01,21.48,0.52
484020548,431,76,0,85.01,14.99,0.0
484020549,7127,1309,30,84.18,15.46,0.35
484020550,5447,119,12,97.65,2.13,0.22
484020551,2499,135,6,94.66,5.11,0.23
484020552,233,16,0,93.57,6.43,0.0
484020553,11716,1352,0,89.65,10.35,0.0
484020554,1385,141,8,90.29,9.19,0.52
484020555,21732,938,85,95.5,4.12,0.37
484020556,6064,104,24,97.93,1.68,0.39
484020557,2543,136,4,94.78,5.07,0.15
484020558,1313,142,0,90.24,9.76,0.0
484020559,1253,33,0,97.43,2.57,0.0
484020560,1209,74,8,93.65,5.73,0.62
484020561,26178,6042,48,81.13,18.72,0.15
484020562,2935,62,34,96.83,2.05,1.12
484020563,2629,476,5,84.53,15.31,0.16
484020564,1313,137,9,89.99,9.39,0.62
484020565,1590,109,5,93.31,6.4,0.29
484020566,14123,2707,59,83.62,16.03,0.35
484021001,53785,7705,0,87.47,12.53,0.0
484021002,5660,2514,26,69.02,30.66,0.32
484021003,29112,4820,66,85.63,14.18,0.19
484021004,43922,7834,124,84.66,15.1,0.24
484021005,2562,308,10,88.96,10.69,0.35
484021006,14305,499,115,95.88,3.34,0.77
484021007,2917,474,0,86.02,13.98,0.0
484021008,8898,2184,20,80.15,19.67,0.18
484021009,1699,298,8,84.74,14.86,0.4
484021010,58080,3352,42,94.48,5.45,0.07
484021011,1506,229,0,86.8,13.2,0.0
484021012,5642,1250,8,81.77,18.12,0.12
484021013,17092,1888,55,89.79,9.92,0.29
484021014,3593,293,57,91.12,7.43,1.45
484021015,82669,16576,705,82.71,16.58,0.71
484021016,6159,1094,15,84.74,15.05,0.21
484021017,20985,3591,35,85.27,14.59,0.14
484021018,3185,543,3,85.37,14.55,0.08
484021019,91997,33917,523,72.76,26.83,0.41
484021020,5880,1288,98,80.92,17.73,1.35
484021021,981,244,3,79.89,19.87,0.24
484021022,10230,1227,15,89.17,10.7,0.13
484021023,6417,1148,0,84.82,15.18,0.0
484021024,680,212,0,76.23,23.77,0.0
484021025,5904,1627,18,78.21,21.55,0.24
484021026,12000,1452,24,89.05,10.77,0.18
484021027,3268,240,10,92.89,6.82,0.28
484021028,2430,41,5,98.14,1.66,0.2
484021029,3456,331,1,91.24,8.74,0.03
484021030,629,119,10,82.98,15.7,1.32
484021031,2613,335,13,88.25,11.31,0.44
484021032,1163,79,14,92.6,6.29,1.11
484021033,4349,393,7,91.58,8.28,0.15
484021034,33463,3590,147,89.95,9.65,0.4
484021035,18813,1523,0,92.51,7.49,0.0
484021036,13590,463,52,96.35,3.28,0.37
484021037,2040,272,7,87.97,11.73,0.3
484021038,6023,1312,42,81.65,17.79,0.57
484021039,9028,470,15,94.9,4.94,0.16
484021040,9633,935,6,91.1,8.84,0.06
484021041,63816,14496,62,81.42,18.5,0.08
484021042,2765,240,33,91.01,7.9,1.09
484021043,39787,5519,119,87.59,12.15,0.26
484021044,13485,2315,65,85.0,14.59,0.41
484021045,35965,7545,127,82.42,17.29,0.29
484021046,7002,702,32,90.51,9.07,0.41
484021047,14423,4540,60,75.82,23.87,0.32
484021048,18005,1173,135,93.23,6.07,0.7
484021049,14534,1069,80,92.67,6.82,0.51
484021050,24483,289,251,97.84,1.15,1.0
484021051,28093,6461,45,81.2,18.67,0.13
484021052,1086,122,8,89.31,10.03,0.66
484021053,49036,8594,39,85.03,14.9,0.07
484021054,25056,4090,155,85.51,13.96,0.53
484021055,3390,265,0,92.75,7.25,0.0
484021056,998,214,0,82.34,17.66,0.0
484021057,6459,1588,0,80.27,19.73,0.0
484021058,20144,286,20,98.5,1.4,0.1
484021059,1838,595,23,74.84,24.23,0.94
484021060,8260,294,22,96.32,3.43,0.26
484021061,12384,126,63,98.5,1.0,0.5
484021062,3880,685,24,84.55,14.93,0.52
484021063,11751,2525,46,82.05,17.63,0.32
484021064,13780,1730,70,88.45,11.1,0.45
484021065,17461,1878,190,89.41,9.62,0.97
484021066,5849,329,0,94.67,5.33,0.0
484021067,14781,2844,42,83.66,16.1,0.24
484021068,8478,453,129,93.58,5.0,1.42
484021069,21165,4419,56,82.55,17.23,0.22
484021070,5753,600,32,90.1,9.4,0.5
484021071,70661,26086,332,72.79,26.87,0.34
484021072,14171,1396,90,90.51,8.92,0.57
484021073,7709,1527,105,82.53,16.35,1.12
484021074,52459,11042,320,82.2,17.3,0.5
484021075,10970,1001,36,91.36,8.34,0.3
484021076,22505,5705,21,79.72,20.21,0.07
484021077,5265,441,28,91.82,7.69,0.49
484021078,13378,429,135,95.95,3.08,0.97
484021079,4509,769,25,85.03,14.5,0.47
484021080,2710,116,4,95.76,4.1,0.14
484021081,3122,519,24,85.18,14.16,0.65
484021082,5604,2188,102,70.99,27.72,1.29
484021083,23074,3053,65,88.1,11.66,0.25
484021084,6143,875,28,87.18,12.42,0.4
484021085,55809,15282,84,78.41,21.47,0.12
484021086,11111,2011,10,84.61,15.31,0.08
484021087,11679,1171,54,90.51,9.07,0.42
484021088,3927,662,6,85.46,14.41,0.13
484021089,11226,1274,55,89.41,10.15,0.44
484021090,16625,2659,135,85.61,13.69,0.7
484021091,5808,3366,0,63.31,36.69,0.0
484021092,5975,560,4,91.37,8.56,0.06
484021093,6302,680,32,89.85,9.69,0.46
484021094,24191,6326,30,79.19,20.71,0.1
484021095,459,24,1,94.83,4.96,0.21
484021096,2422,206,5,91.99,7.82,0.19
484021097,2000,188,16,90.74,8.53,0.73
484021098,5246,1066,30,82.72,16.81,0.47
484021099,17210,2389,60,87.54,12.15,0.31
484021100,8488,236,39,96.86,2.69,0.45
484021101,2990,589,18,83.12,16.37,0.5
484021102,10577,1570,0,87.07,12.93,0.0
484021103,6222,662,20,90.12,9.59,0.29
484021104,25534,3217,192,88.22,11.11,0.66
484021105,3843,964,11,79.76,20.01,0.23
484021106,21737,3013,277,86.85,12.04,1.11
484021107,9244,982,31,90.12,9.57,0.3
484021108,13364,2620,108,83.05,16.28,0.67
484021109,16425,2645,43,85.94,13.84,0.22
484021110,37550,4856,0,88.55,11.45,0.0
484021111,14968,2248,0,86.94,13.06,0.0
484021112,8993,798,12,91.74,8.14,0.12
484021113,3974,926,40,80.45,18.74,0.81
484021114,1153346,371006,5565,75.39,24.25,0.36
484021115,44039,4618,305,89.95,9.43,0.62
484021116,19476,369,160,97.36,1.84,0.8
484021117,11136,2208,24,83.3,16.52,0.18
484021118,23390,2840,48,89.01,10.81,0.18
484021119,80112,18480,744,80.65,18.6,0.75
484021120,4872,199,10,95.89,3.92,0.2
484021121,1071,46,12,94.86,4.07,1.06
484021122,9536,537,11,94.57,5.33,0.11
484021123,3684,421,15,89.42,10.22,0.36
484021124,12390,3375,0,78.59,21.41,0.0
484021125,6237,1617,57,78.84,20.44,0.72
484021126,4897,827,20,85.25,14.4,0.35
484021127,3390,358,0,90.45,9.55,0.0
484021128,6998,840,60,88.6,10.64,0.76
484021129,12700,510,28,95.94,3.85,0.21
484021130,2747,645,19,80.53,18.91,0.56
484021131,808,63,1,92.66,7.22,0.11
484021132,107517,32779,376,76.43,23.3,0.27
484021133,587,61,0,90.59,9.41,0.0
484021134,16958,2171,45,88.44,11.32,0.23
484021135,514,72,0,87.71,12.29,0.0
484021136,8713,1713,15,83.45,16.41,0.14
484021137,7080,746,52,89.87,9.47,0.66
484021138,10307,774,150,91.77,6.89,1.34
484021139,3142,356,32,89.01,10.08,0.91
484021140,89932,30275,313,74.62,25.12,0.26
484021141,3114,253,7,92.29,7.5,0.21
484021142,22761,4027,219,84.28,14.91,0.81
484021143,26125,3241,92,88.69,11.0,0.31
484021144,9633,2651,6,78.38,21.57,0.05
484021145,12592,755,51,93.98,5.64,0.38
484021146,725,137,1,84.01,15.87,0.12
484021147,5628,532,38,90.8,8.58,0.61
484021148,7224,954,67,87.62,11.57,0.81
484021149,18298,2009,75,89.78,9.86,0.37
484021150,5934,882,8,86.96,12.92,0.12
484021151,6126,1240,42,82.69,16.74,0.57
484021152,10202,607,0,94.38,5.62,0.0
484021153,19043,1788,109,90.94,8.54,0.52
484021154,61264,9355,345,86.33,13.18,0.49
484021155,3634,1928,42,64.85,34.4,0.75
484021156,203987,69772,592,74.35,25.43,0.22
484021157,9422,1472,224,84.75,13.24,2.01
484021158,6001,1034,36,84.87,14.62,0.51
484021159,3853,124,29,96.18,3.1,0.72
484021160,2874,223,7,92.59,7.18,0.23
484021161,17232,1645,10,91.24,8.71,0.05
484021162,3764,468,10,88.73,11.03,0.24
484021163,14985,1567,16,90.45,9.46,0.1
484021164,64933,10442,360,85.74,13.79,0.48
484021165,1108,33,0,97.11,2.89,0.0
484021166,7569,1467,48,83.32,16.15,0.53
484021167,9642,609,81,93.32,5.89,0.78
484021168,5786,745,16,88.38,11.38,0.24
484021169,17154,2961,59,85.03,14.68,0.29
484021170,15784,1605,0,90.77,9.23,0.0
484021171,2864,498,3,85.11,14.8,0.09
484021172,20355,5394,63,78.86,20.9,0.24
484021173,5156,1246,4,80.49,19.45,0.06
484021174,63460,26481,116,70.47,29.4,0.13
484021175,9175,1442,257,84.38,13.26,2.36
484021176,7008,1234,95,84.06,14.8,1.14
484021177,43280,5356,258,88.52,10.95,0.53
484021178,15951,1481,0,91.5,8.5,0.0
484021179,25492,3078,375,88.07,10.63,1.3
484021180,32815,3896,56,89.25,10.6,0.15
484021181,5956,1531,40,79.13,20.34,0.53
484021182,3995,813,21,82.73,16.84,0.43
484021183,17013,2123,93,88.48,11.04,0.48
484021184,7002,519,27,92.77,6.88,0.36
484021185,7655,1242,34,85.71,13.91,0.38
484021186,43893,8136,178,84.07,15.58,0.34
484021187,4661,1139,29,79.96,19.54,0.5
484021188,15382,2290,44,86.83,12.93,0.25
484021189,17407,2142,90,88.63,10.91,0.46
484021190,941,210,1,81.68,18.23,0.09
484021191,7477,2136,21,77.61,22.17,0.22
484021192,4524,716,16,86.07,13.62,0.3
484021193,6058,407,27,93.31,6.27,0.42
484021194,20352,6612,78,75.26,24.45,0.29
484021195,23968,291,90,98.44,1.2,0.37
484021196,1529,100,2,93.75,6.13,0.12
484021197,45718,28463,26,61.61,38.36,0.04
484021198,1111,102,5,91.22,8.37,0.41
484021199,34364,3656,144,90.04,9.58,0.38
484021200,3339,536,36,85.37,13.7,0.92
484021201,2872,196,14,93.19,6.36,0.45
484021202,9933,1877,0,84.11,15.89,0.0
484021203,6124,828,10,87.96,11.89,0.14
484021204,6649,541,44,91.91,7.48,0.61
484021205,22441,1769,145,92.14,7.26,0.6
484021206,3633,557,13,86.44,13.25,0.31
484021207,44389,6572,248,86.68,12.83,0.48
484021208,59801,16222,328,78.32,21.25,0.43
484021209,6607,790,24,89.03,10.65,0.32
484021210,4235,745,0,85.04,14.96,0.0
484021211,11628,4347,85,72.4,27.07,0.53
484021212,17652,2096,111,88.89,10.55,0.56
484021213,10783,1611,0,87.0,13.0,0.0
484021214,14970,2365,30,86.21,13.62,0.17
484021215,4283,302,14,93.13,6.57,0.3
484021216,2453,186,0,92.95,7.05,0.0
484021217,19673,744,68,96.04,3.63,0.33
484022001,58919,5168,144,91.73,8.05,0.22
484022002,25314,2024,78,92.33,7.38,0.28
484022003,12124,1223,47,90.52,9.13,0.35
484022004,59654,5817,0,91.12,8.88,0.0
484022005,54900,3685,259,93.3,6.26,0.44
484022006,106815,34524,546,75.28,24.33,0.38
484022007,31428,6226,221,82.98,16.44,0.58
484022008,33721,1660,177,94.83,4.67,0.5
484022009,19467,4696,20,80.5,19.42,0.08
484022010,18638,1141,33,94.07,5.76,0.17
484022011,106237,9032,630,91.66,7.79,0.54
484022012,56780,6038,113,90.23,9.59,0.18
484022013,16164,1632,42,90.62,9.15,0.24
484022014,617614,178133,2552,77.37,22.31,0.32
484022015,8656,447,21,94.87,4.9,0.23
484022016,199954,41627,491,82.6,17.2,0.2
484022017,56294,6561,41,89.5,10.43,0.07
484022018,24870,2489,72,90.66,9.07,0.26
484023001,965104,336573,17443,73.16,25.51,1.32
484024001,15858,2541,40,86.0,13.78,0.22
484024002,8073,390,39,94.95,4.59,0.46
484024003,45165,1749,224,95.81,3.71,0.48
484024004,4544,472,0,90.59,9.41,0.0
484024005,14229,3263,40,81.16,18.61,0.23
484024006,8462,1323,39,86.14,13.47,0.4
484024007,14646,3124,0,82.42,17.58,0.0
484024008,16190,5322,42,75.11,24.69,0.19
484024009,3309,643,16,83.39,16.2,0.4
484024010,45164,6351,388,87.02,12.24,0.75
484024011,31481,11896,45,72.5,27.4,0.1
484024012,18528,1873,116,90.31,9.13,0.57
484024013,132450,33969,544,79.33,20.35,0.33
484024014,14468,1157,70,92.18,7.37,0.45
484024015,17225,4657,48,78.55,21.24,0.22
484024016,66667,12567,280,83.84,15.8,0.35
484024017,23903,1745,70,92.94,6.79,0.27
484024018,14120,1001,26,93.22,6.61,0.17
484024019,4752,372,8,92.6,7.25,0.16
484024020,70627,20608,288,77.17,22.52,0.31
484024021,51206,3930,81,92.74,7.12,0.15
484024022,18426,1464,66,92.33,7.34,0.33
484024023,13031,2161,28,85.62,14.2,0.18
484024024,71364,18901,542,78.59,20.81,0.6
484024025,24714,4893,34,83.38,16.51,0.11
484024026,7639,51,37,98.86,0.66,0.48
484024027,7773,2875,56,72.62,26.86,0.52
484024028,592257,174878,1705,77.03,22.75,0.22
484024029,17644,1909,125,89.66,9.7,0.64
484024030,4378,438,0,90.91,9.09,0.0
484024031,11098,534,45,95.04,4.57,0.39
484024032,33824,5147,587,85.5,13.01,1.48
484024033,11668,572,0,95.33,4.67,0.0
484024034,12524,1734,44,87.57,12.12,0.31
484024035,206524,59380,519,77.52,22.29,0.19
484024036,25163,2999,174,88.8,10.58,0.61
484024037,119266,8112,208,93.48,6.36,0.16
484024038,14187,1009,60,92.99,6.61,0.39
484024039,14413,659,83,95.1,4.35,0.55
484024040,19050,1225,65,93.66,6.02,0.32
484024041,11855,2432,16,82.88,17.0,0.11
484024042,7060,1334,3,84.08,15.89,0.04
484024043,6575,1069,12,85.88,13.96,0.16
484024044,13084,1818,0,87.8,12.2,0.0
484024045,14017,2052,32,87.06,12.74,0.2
484024046,9875,736,20,92.89,6.92,0.19
484024047,4216,1071,9,79.61,20.22,0.17
484024048,35069,2382,128,93.32,6.34,0.34
484024049,44032,2527,199,94.17,5.4,0.43
484024050,26798,3749,10,87.7,12.27,0.03
484024051,8466,1935,4,81.36,18.6,0.04
484024052,30424,1759,315,93.62,5.41,0.97
484024053,48967,3609,115,92.93,6.85,0.22
484024054,22154,2513,194,89.11,10.11,0.78
484025001,367922,45286,2034,88.6,10.91,0.49
484025002,40848,4481,55,90.01,9.87,0.12
484025003,27067,3175,511,88.01,10.32,1.66
484025004,24447,3656,34,86.89,12.99,0.12
484025005,14866,2727,127,83.89,15.39,0.72
484025006,822404,160321,5883,83.19,16.22,0.6
484025007,29799,2741,123,91.23,8.39,0.38
484025008,33749,9323,0,78.35,21.65,0.0
484025009,41110,11902,424,76.93,22.27,0.79
484025010,90172,6830,354,92.62,7.02,0.36
484025011,253173,31112,977,88.75,10.91,0.34
484025012,352095,82620,1273,80.76,18.95,0.29
484025013,102893,21407,560,82.41,17.14,0.45
484025014,41703,6638,752,84.95,13.52,1.53
484025015,18307,3966,102,81.82,17.73,0.46
484025016,81889,5966,246,92.95,6.77,0.28
484026001,2364,270,3,89.65,10.24,0.11
484026002,57898,20295,255,73.8,25.87,0.33
484026003,22342,2105,114,90.97,8.57,0.46
484026004,7719,1947,12,79.76,20.12,0.12
484026005,1149,70,0,94.26,5.74,0.0
484026006,2582,431,14,85.3,14.24,0.46
484026007,558,67,0,89.28,10.72,0.0
484026008,1164,88,0,92.97,7.03,0.0
484026009,674,109,0,86.08,13.92,0.0
484026010,1267,197,0,86.54,13.46,0.0
484026011,1331,302,0,81.51,18.49,0.0
484026012,19687,2755,0,87.72,12.28,0.0
484026013,1464,168,4,89.49,10.27,0.24
484026014,3254,287,4,91.79,8.1,0.11
484026015,1289,156,6,88.84,10.75,0.41
484026016,4282,1210,0,77.97,22.03,0.0
484026017,62691,16150,166,79.35,20.44,0.21
484026018,337275,67755,390,83.19,16.71,0.1
484026019,26236,6744,48,79.44,20.42,0.15
484026020,2625,869,1,75.11,24.86,0.03
484026021,1366,264,8,83.39,16.12,0.49
484026022,778,176,0,81.55,18.45,0.0
484026023,4754,1024,8,82.16,17.7,0.14
484026024,785,21,7,96.56,2.58,0.86
484026025,44399,8796,225,83.11,16.47,0.42
484026026,71899,7495,389,90.12,9.39,0.49
484026027,5050,4319,23,53.77,45.99,0.24
484026028,1040,110,0,90.43,9.57,0.0
484026029,142383,20423,312,87.29,12.52,0.19
484026030,642287,128772,4400,82.83,16.61,0.57
484026031,1228,122,0,90.96,9.04,0.0
484026032,876,86,0,91.06,8.94,0.0
484026033,74345,5284,299,93.01,6.61,0.37
484026034,1097,47,6,95.39,4.09,0.52
484026035,10670,2150,32,83.02,16.73,0.25
484026036,25096,6003,0,80.7,19.3,0.0
484026037,1084,227,3,82.5,17.28,0.23
484026038,4786,1052,4,81.92,18.01,0.07
484026039,4478,1577,10,73.83,26.0,0.16
484026040,1690,358,0,82.52,17.48,0.0
484026041,8124,3524,12,69.67,30.22,0.1
484026042,138300,17778,788,88.16,11.33,0.5
484026043,161514,53039,1057,74.91,24.6,0.49
484026044,351,31,11,89.31,7.89,2.8
484026045,2362,476,27,82.44,16.61,0.94
484026046,372,71,0,83.97,16.03,0.0
484026047,6426,1753,51,78.08,21.3,0.62
484026048,55350,14543,870,78.22,20.55,1.23
484026049,2751,581,6,82.41,17.41,0.18
484026050,1397,201,1,87.37,12.57,0.06
484026051,4468,630,0,87.64,12.36,0.0
484026052,5290,652,0,89.03,10.97,0.0
484026053,358,35,1,90.86,8.88,0.25
484026054,358,119,6,74.12,24.64,1.24
484026055,135747,37009,532,78.34,21.36,0.31
484026056,5747,1963,23,74.32,25.38,0.3
484026057,1493,105,3,93.25,6.56,0.19
484026058,12126,2815,20,81.05,18.82,0.13
484026059,1497,440,8,76.97,22.62,0.41
484026060,2230,443,3,83.33,16.55,0.11
484026061,1181,97,1,92.34,7.58,0.08
484026062,1000,115,6,89.21,10.26,0.54
484026063,1220,142,3,89.38,10.4,0.22
484026064,1438,272,3,83.95,15.88,0.18
484026065,1549,181,0,89.54,10.46,0.0
484026066,7347,915,15,88.76,11.05,0.18
484026067,1557,178,3,89.59,10.24,0.17
484026068,1152,100,2,91.87,7.97,0.16
484026069,5391,866,2,86.13,13.84,0.03
484027001,47777,8219,327,84.83,14.59,0.58
484027002,213072,34317,500,85.95,13.84,0.2
484027003,87117,15095,254,85.02,14.73,0.25
484027004,506447,126084,1758,79.84,19.88,0.28
484027005,172803,20604,407,89.16,10.63,0.21
484027006,113937,11969,206,90.35,9.49,0.16
484027007,22578,6544,81,77.31,22.41,0.28
484027008,150222,27427,745,84.21,15.37,0.42
484027009,31569,4731,70,86.8,13.01,0.19
484027010,76913,6424,10,92.28,7.71,0.01
484027011,27760,2446,51,91.75,8.08,0.17
484027012,130949,20718,943,85.81,13.58,0.62
484027013,101537,12360,1011,88.36,10.76,0.88
484027014,76105,10133,321,87.92,11.71,0.37
484027015,42422,3438,33,92.44,7.49,0.07
484027016,33689,20281,165,62.23,37.46,0.3
484027017,47226,11801,147,79.81,19.94,0.25
484028001,9929,2114,0,82.45,17.55,0.0
484028002,24072,6592,40,78.4,21.47,0.13
484028003,172581,36592,2703,81.45,17.27,1.28
484028004,7746,843,12,90.06,9.8,0.14
484028005,3877,474,0,89.11,10.89,0.0
484028006,6492,343,0,94.98,5.02,0.0
484028007,9999,3503,214,72.9,25.54,1.56
484028008,3781,627,5,85.68,14.21,0.11
484028009,147070,44028,5396,74.85,22.41,2.75
484028010,1749,210,7,88.96,10.68,0.36
484028011,7729,1164,31,86.61,13.04,0.35
484028012,34398,7514,180,81.72,17.85,0.43
484028013,12527,2237,35,84.65,15.12,0.24
484028014,2896,1583,8,64.54,35.28,0.18
484028015,576223,151282,13726,77.74,20.41,1.85
484028016,20703,2625,163,88.13,11.17,0.69
484028017,12804,1892,30,86.95,12.85,0.2
484028018,6945,1608,0,81.2,18.8,0.0
484028019,15585,2711,300,83.81,14.58,1.61
484028020,2322,257,0,90.03,9.97,0.0
484028021,87281,28101,602,75.25,24.23,0.52
484028022,384747,94388,8423,78.91,19.36,1.73
484028023,3731,762,0,83.04,16.96,0.0
484028024,2442,1364,50,63.33,35.37,1.3
484028025,18444,7269,119,71.4,28.14,0.46
484028026,3126,357,14,89.39,10.21,0.4
484028027,285015,94517,2953,74.52,24.71,0.77
484028028,2994,369,8,88.82,10.95,0.24
484028029,12565,1530,8,89.09,10.85,0.06
484028030,11247,2282,64,82.74,16.79,0.47
484028031,1624,153,2,91.29,8.6,0.11
484028032,8371,448,20,94.71,5.07,0.23
484028033,47958,8541,216,84.56,15.06,0.38
484028034,970,50,5,94.63,4.88,0.49
484028035,17929,6493,82,73.17,26.5,0.33
484028036,219151,73249,3016,74.18,24.8,1.02
484028037,23527,2766,84,89.2,10.49,0.32
484028038,47772,16245,176,74.42,25.31,0.27
484028039,255174,60980,3267,79.89,19.09,1.02
484028040,5280,522,0,91.0,9.0,0.0
484028041,19111,4326,180,80.92,18.32,0.76
484029001,9346,1383,12,87.01,12.88,0.11
484029002,11086,2449,15,81.82,18.07,0.11
484029003,6426,900,0,87.71,12.29,0.0
484029004,15075,847,85,94.18,5.29,0.53
484029005,56010,20217,2,73.48,26.52,0.0
484029006,33999,11797,88,74.1,25.71,0.19
484029007,14882,1080,72,92.82,6.74,0.45
484029008,12612,1078,16,92.02,7.87,0.12
484029009,4521,528,5,89.45,10.45,0.1
484029010,93250,25204,219,78.58,21.24,0.18
484029011,3630,637,0,85.07,14.93,0.0
484029012,6780,1086,10,86.08,13.79,0.13
484029013,68159,17055,162,79.83,19.98,0.19
484029014,12026,1294,12,90.2,9.71,0.09
484029015,37601,4547,95,89.01,10.76,0.22
484029016,5322,860,4,86.03,13.9,0.06
484029017,10577,866,21,92.26,7.55,0.18
484029018,31418,3826,93,88.91,10.83,0.26
484029019,15237,2583,0,85.51,14.49,0.0
484029020,14630,2026,17,87.75,12.15,0.1
484029021,14552,2858,55,83.32,16.36,0.31
484029022,11637,1378,48,89.08,10.55,0.37
484029023,24227,3387,164,87.22,12.19,0.59
484029024,21327,2591,15,89.11,10.83,0.06
484029025,62615,7239,535,88.96,10.28,0.76
484029026,15771,2481,77,86.04,13.54,0.42
484029027,11188,1122,93,90.2,9.05,0.75
484029028,19741,1596,25,92.41,7.47,0.12
484029029,19911,1423,31,93.19,6.66,0.15
484029030,24161,4042,105,85.35,14.28,0.37
484029031,18713,1557,49,92.1,7.66,0.24
484029032,72909,16454,148,81.45,18.38,0.17
484029033,33592,6440,136,83.63,16.03,0.34
484029034,5232,324,18,93.86,5.81,0.32
484029035,17871,2791,30,86.37,13.49,0.14
484029036,6652,1122,30,85.24,14.38,0.38
484029037,17635,2938,43,85.54,14.25,0.21
484029038,19132,1796,31,91.28,8.57,0.15
484029039,11407,1637,24,87.29,12.53,0.18
484029040,22263,4296,120,83.45,16.1,0.45
484029041,9560,2344,8,80.26,19.68,0.07
484029042,26336,7116,130,78.42,21.19,0.39
484029043,43090,7418,243,84.9,14.62,0.48
484030001,6760,474,30,93.06,6.53,0.41
484030002,2294,769,6,74.75,25.06,0.2
484030003,68896,15595,234,81.32,18.41,0.28
484030004,35631,4637,52,88.37,11.5,0.13
484030005,4586,534,20,89.22,10.39,0.39
484030006,18132,1480,0,92.45,7.55,0.0
484030007,5794,362,0,94.12,5.88,0.0
484030008,8446,250,2,97.1,2.87,0.02
484030009,24383,2620,251,89.47,9.61,0.92
484030010,52288,7793,48,86.96,12.96,0.08
484030011,42839,7879,36,84.41,15.52,0.07
484030012,7370,668,91,90.66,8.22,1.12
484030013,20076,6265,40,76.1,23.75,0.15
484030014,35387,5665,99,85.99,13.77,0.24
484030015,28974,4803,213,85.24,14.13,0.63
484030016,16634,7514,182,68.37,30.88,0.75
484030017,3833,178,0,95.56,4.44,0.0
484030018,1663,130,4,92.54,7.23,0.22
484030019,5926,34,35,98.85,0.57,0.58
484030020,9515,259,50,96.85,2.64,0.51
484030021,19784,3484,74,84.76,14.93,0.32
484030022,18321,1090,24,94.27,5.61,0.12
484030023,41616,6253,36,86.87,13.05,0.08
484030024,13647,717,6,94.97,4.99,0.04
484030025,24235,919,127,95.86,3.64,0.5
484030026,13557,5751,0,70.21,29.79,0.0
484030027,17327,410,0,97.69,2.31,0.0
484030028,105950,32345,192,76.51,23.36,0.14
484030029,11636,351,12,96.97,2.93,0.1
484030030,32412,10967,20,74.68,25.27,0.05
484030031,14336,928,40,93.67,6.06,0.26
484030032,36990,10940,260,76.76,22.7,0.54
484030033,21178,1844,349,90.62,7.89,1.49
484030034,32962,5218,168,85.95,13.61,0.44
484030035,10420,386,12,96.32,3.57,0.11
484030036,8754,1242,33,87.29,12.38,0.33
484030037,8394,339,14,95.96,3.88,0.16
484030038,61544,24376,54,71.58,28.35,0.06
484030039,271805,74584,1715,78.08,21.43,0.49
484030040,38017,10861,271,77.35,22.1,0.55
484030041,1891,237,13,88.32,11.07,0.61
484030042,4432,1084,0,80.35,19.65,0.0
484030043,17752,838,95,95.01,4.48,0.51
484030044,143166,51502,1110,73.13,26.31,0.57
484030045,101785,23338,299,81.15,18.61,0.24
484030046,14289,1101,0,92.85,7.15,0.0
484030047,48056,4771,11,90.95,9.03,0.02
484030048,97520,19684,600,82.78,16.71,0.51
484030049,17970,1586,85,91.49,8.07,0.43
484030050,13300,1613,98,88.6,10.75,0.65
484030051,19017,1563,74,92.07,7.57,0.36
484030052,8721,1940,15,81.69,18.17,0.14
484030053,19421,5724,36,77.13,22.73,0.14
484030054,10291,1238,20,89.11,10.72,0.17
484030055,11550,616,185,93.51,4.99,1.5
484030056,5710,186,52,96.0,3.13,0.87
484030057,11706,328,32,97.02,2.72,0.27
484030058,52789,1869,233,96.17,3.4,0.42
484030059,13480,1708,20,88.64,11.23,0.13
484030060,12544,2434,20,83.64,16.23,0.13
484030061,257437,49588,748,83.65,16.11,0.24
484030062,16980,1966,52,89.38,10.35,0.27
484030063,14079,795,30,94.46,5.33,0.2
484030064,3724,156,9,95.76,4.01,0.23
484030065,50100,11281,26,81.59,18.37,0.04
484030066,22290,3058,84,87.65,12.02,0.33
484030067,15607,710,98,95.08,4.33,0.6
484030068,44969,13068,132,77.31,22.47,0.23
484030069,17675,5768,228,74.67,24.37,0.96
484030070,40289,13440,34,74.94,25.0,0.06
484030071,18669,2666,7,87.48,12.49,0.03
484030072,40504,2148,122,94.69,5.02,0.29
484030073,5690,1561,69,77.73,21.33,0.94
484030074,16719,1551,35,91.34,8.47,0.19
484030075,13045,424,94,96.18,3.13,0.69
484030076,54554,11270,150,82.69,17.08,0.23
484030077,12431,104,28,98.95,0.83,0.22
484030078,10387,512,3,95.28,4.7,0.03
484030079,20490,1582,25,92.73,7.16,0.11
484030080,17254,4096,0,80.81,19.19,0.0
484030081,33857,8746,218,79.07,20.42,0.51
484030082,49095,2035,168,95.71,3.97,0.33
484030083,4994,606,8,89.05,10.81,0.14
484030084,56048,8842,135,86.19,13.6,0.21
484030085,37895,4037,28,90.31,9.62,0.07
484030086,330223,124435,2450,72.24,27.22,0.54
484030087,5168,269,8,94.91,4.94,0.15
484030088,32013,8143,54,79.61,20.25,0.13
484030089,8817,1153,72,87.8,11.48,0.72
484030090,29480,6019,84,82.85,16.92,0.24
484030091,14381,1470,64,90.36,9.24,0.4
484030092,60853,9004,140,86.94,12.86,0.2
484030093,12919,2287,12,84.89,15.03,0.08
484030094,1332,211,0,86.33,13.67,0.0
484030095,16088,4174,102,79.0,20.5,0.5
484030096,2871,43,6,98.32,1.47,0.21
484030097,14064,2036,0,87.35,12.65,0.0
484030098,20367,2495,182,88.38,10.83,0.79
484030099,30223,4225,0,87.74,12.26,0.0
484030100,96673,31674,1425,74.49,24.41,1.1
484030101,10447,1323,24,88.58,11.22,0.2
484030102,62455,1704,236,96.99,2.65,0.37
484030103,50501,9378,450,83.71,15.54,0.75
484030104,3941,477,11,88.98,10.77,0.25
484030105,2640,257,0,91.13,8.87,0.0
484030106,52520,10144,0,83.81,16.19,0.0
484030107,9905,404,42,95.69,3.9,0.41
484030108,14875,1898,16,88.6,11.31,0.1
484030109,16698,3892,0,81.1,18.9,0.0
484030110,3962,529,0,88.22,11.78,0.0
484030111,8144,1348,52,85.33,14.12,0.54
484030112,28993,6621,0,81.41,18.59,0.0
484030113,11126,3817,30,74.31,25.49,0.2
484030114,20188,2436,165,88.59,10.69,0.72
484030115,85683,32956,1030,71.6,27.54,0.86
484030116,3942,1021,2,79.4,20.56,0.04
484030117,13130,1285,0,91.09,8.91,0.0
484030118,19481,4080,40,82.54,17.29,0.17
484030119,15904,562,0,96.59,3.41,0.0
484030120,75583,20774,188,78.29,21.52,0.19
484030121,141186,17262,146,89.02,10.88,0.09
484030122,25059,3806,263,86.03,13.07,0.9
484030123,29268,3737,63,88.51,11.3,0.19
484030124,20252,1186,0,94.47,5.53,0.0
484030125,51957,13467,64,79.34,20.56,0.1
484030126,14888,1968,36,88.14,11.65,0.21
484030127,46953,7571,86,85.98,13.86,0.16
484030128,146600,46383,773,75.66,23.94,0.4
484030129,15165,2245,0,87.11,12.89,0.0
484030130,44620,10877,224,80.08,19.52,0.4
484030131,18801,2268,0,89.24,10.76,0.0
484030132,16334,3306,104,82.73,16.74,0.53
484030133,5782,846,2,87.21,12.76,0.03
484030134,5056,393,18,92.48,7.19,0.33
484030135,27098,11979,72,69.22,30.6,0.18
484030136,4756,674,6,87.49,12.4,0.11
484030137,2529,184,2,93.15,6.78,0.07
484030138,135143,21565,108,86.18,13.75,0.07
484030139,51075,4958,209,90.81,8.82,0.37
484030140,29608,3570,128,88.9,10.72,0.38
484030141,12963,2597,44,83.07,16.64,0.28
484030142,3138,357,7,89.61,10.19,0.2
484030143,20806,484,87,97.33,2.26,0.41
484030144,25249,2237,98,91.53,8.11,0.36
484030145,10323,954,0,91.54,8.46,0.0
484030146,20955,2554,20,89.06,10.85,0.09
484030147,10500,2310,8,81.92,18.02,0.06
484030148,5228,630,12,89.06,10.73,0.2
484030149,12564,409,95,96.14,3.13,0.73
484030150,95323,5827,381,93.89,5.74,0.38
484030151,4964,617,3,88.9,11.05,0.05
484030152,17752,1516,12,92.07,7.86,0.06
484030153,19126,5199,147,78.15,21.24,0.6
484030154,23178,123,149,98.84,0.52,0.64
484030155,89923,14071,180,86.32,13.51,0.17
484030156,48936,6758,142,87.64,12.1,0.25
484030157,6739,296,0,95.79,4.21,0.0
484030158,4740,468,7,90.89,8.97,0.13
484030159,12477,3535,4,77.9,22.07,0.02
484030160,7925,469,15,94.24,5.58,0.18
484030161,9234,264,54,96.67,2.76,0.57
484030162,14096,479,47,96.4,3.28,0.32
484030163,10492,98,37,98.73,0.92,0.35
484030164,5112,130,18,97.19,2.47,0.34
484030165,18019,2107,8,89.5,10.46,0.04
484030166,88028,6552,120,92.95,6.92,0.13
484030167,72636,19720,266,78.42,21.29,0.29
484030168,75488,13550,226,84.57,15.18,0.25
484030169,4290,1150,6,78.77,21.12,0.11
484030170,10269,690,0,93.7,6.3,0.0
484030171,10627,2528,18,80.67,19.19,0.14
484030172,3679,257,29,92.79,6.48,0.73
484030173,10410,289,5,97.25,2.7,0.05
484030174,32348,4447,144,87.57,12.04,0.39
484030175,13251,2454,40,84.16,15.59,0.25
484030176,40266,18534,14,68.46,31.51,0.02
484030177,7069,27,33,99.16,0.38,0.46
484030178,4254,608,4,87.42,12.49,0.08
484030179,5718,407,0,93.36,6.64,0.0
484030180,5270,416,5,92.6,7.31,0.09
484030181,14644,1453,8,90.93,9.02,0.05
484030182,112327,28784,0,79.6,20.4,0.0
484030183,1843,329,2,84.77,15.13,0.09
484030184,24842,4372,122,84.68,14.9,0.42
484030185,15568,4411,40,77.77,22.03,0.2
484030186,446323,101654,3583,80.92,18.43,0.65
484030187,9888,1599,24,85.9,13.89,0.21
484030188,5084,29,42,98.62,0.56,0.81
484030189,13947,3299,76,80.52,19.05,0.44
484030190,9285,2406,12,79.34,20.56,0.1
484030191,7401,711,21,91.0,8.74,0.26
484030192,10776,405,6,96.33,3.62,0.05
484030193,12474,813,24,93.71,6.11,0.18
484030194,13669,147,40,98.65,1.06,0.29
484030195,11778,1755,28,86.85,12.94,0.21
484031001,6440,182,28,96.84,2.74,0.42
484031002,14977,864,75,94.1,5.43,0.47
484031003,8946,648,6,93.19,6.75,0.06
484031004,4138,1844,2,69.15,30.82,0.03
484031005,1871,150,7,92.26,7.4,0.35
484031006,7774,610,0,92.72,7.28,0.0
484031007,5400,164,20,96.7,2.94,0.36
484031008,3862,206,19,94.49,5.04,0.46
484031009,5006,555,0,90.02,9.98,0.0
484031010,2282,120,0,95.0,5.0,0.0
484031011,5064,802,0,86.33,13.67,0.0
484031012,3292,343,18,90.12,9.39,0.49
484031013,8409,642,0,92.91,7.09,0.0
484031014,1502,80,0,94.94,5.06,0.0
484031015,4752,195,2,96.02,3.94,0.04
484031016,2702,103,7,96.09,3.66,0.25
484031017,4380,64,15,98.23,1.44,0.34
484031018,2928,86,5,96.99,2.85,0.17
484031019,31162,1195,108,95.99,3.68,0.33
484031020,3674,381,24,90.07,9.34,0.59
484031021,6969,372,23,94.64,5.05,0.31
484031022,4051,78,17,97.71,1.88,0.41
484031023,5354,550,0,90.68,9.32,0.0
484031024,3007,123,9,95.79,3.92,0.29
484031025,4696,235,4,95.16,4.76,0.08
484031026,2865,593,13,82.54,17.08,0.37
484031027,7349,1059,18,87.22,12.57,0.21
484031028,2133,309,12,86.92,12.59,0.49
484031029,5020,318,2,94.01,5.96,0.04
484031030,3338,182,4,94.72,5.16,0.11
484031031,2619,141,3,94.79,5.1,0.11
484031032,14107,1078,66,92.5,7.07,0.43
484031033,16406,1800,30,89.96,9.87,0.16
484031034,6366,288,2,95.64,4.33,0.03
484031035,4862,657,23,87.73,11.85,0.42
484031036,5882,310,4,94.93,5.0,0.06
484031037,4412,408,17,91.21,8.43,0.35
484031038,28535,3372,251,88.73,10.49,0.78
484031039,3462,318,5,91.47,8.4,0.13
484031040,24074,2816,84,89.25,10.44,0.31
484031041,66711,11382,179,85.23,14.54,0.23
484031042,5792,452,0,92.76,7.24,0.0
484031043,2699,45,10,98.0,1.63,0.36
484031044,6339,474,0,93.04,6.96,0.0
484031045,2213,227,1,90.66,9.3,0.04
484031046,2671,201,5,92.84,6.99,0.17
484031047,4834,276,19,94.25,5.38,0.37
484031048,19381,1761,72,91.36,8.3,0.34
484031049,3047,204,6,93.55,6.26,0.18
484031050,683061,131893,11362,82.66,15.96,1.38
484031051,2770,285,0,90.67,9.33,0.0
484031052,30141,4377,0,87.32,12.68,0.0
484031053,11378,1514,0,88.26,11.74,0.0
484031054,2556,171,10,93.39,6.25,0.37
484031055,5592,282,0,95.2,4.8,0.0
484031056,27508,3420,57,88.78,11.04,0.18
484031057,5552,697,14,88.65,11.13,0.22
484031058,22775,2587,29,89.7,10.19,0.11
484031059,41643,12146,173,77.17,22.51,0.32
484031060,883,45,0,95.15,4.85,0.0
484031061,3030,318,2,90.45,9.49,0.06
484031062,4272,303,6,93.25,6.61,0.13
484031063,4726,255,5,94.79,5.11,0.1
484031064,1500,110,0,93.17,6.83,0.0
484031065,1636,192,0,89.5,10.5,0.0
484031066,3641,155,10,95.66,4.07,0.26
484031067,8889,741,0,92.31,7.69,0.0
484031068,2667,431,0,86.09,13.91,0.0
484031069,7371,275,80,95.41,3.56,1.04
484031070,3627,277,3,92.83,7.09,0.08
484031071,1584,101,2,93.89,5.99,0.12
484031072,1719,126,3,93.02,6.82,0.16
484031073,4336,107,0,97.59,2.41,0.0
484031074,3265,315,13,90.87,8.77,0.36
484031075,6006,616,22,90.4,9.27,0.33
484031076,14770,1407,177,90.31,8.6,1.08
484031077,2343,240,19,90.05,9.22,0.73
484031078,3273,383,13,89.21,10.44,0.35
484031079,37680,2392,149,93.68,5.95,0.37
484031080,8956,501,9,94.61,5.29,0.1
484031081,2936,113,28,95.42,3.67,0.91
484031082,2786,719,5,79.37,20.48,0.14
484031083,1415,269,3,83.88,15.95,0.18
484031084,6322,632,0,90.91,9.09,0.0
484031085,13721,643,29,95.33,4.47,0.2
484031086,2030,166,9,92.06,7.53,0.41
484031087,4287,396,7,91.41,8.44,0.15
484031088,1836,124,8,93.29,6.3,0.41
484031089,32627,5867,161,84.41,15.18,0.42
484031090,6865,216,15,96.74,3.04,0.21
484031091,9601,722,12,92.9,6.99,0.12
484031092,6298,102,22,98.07,1.59,0.34
484031093,15783,1105,25,93.32,6.53,0.15
484031094,4505,222,15,95.0,4.68,0.32
484031095,6285,245,10,96.1,3.75,0.15
484031096,64193,8904,96,87.7,12.17,0.13
484031097,3005,438,8,87.08,12.69,0.23
484031098,12093,742,24,94.04,5.77,0.19
484031099,3563,161,51,94.38,4.26,1.35
484031100,3154,273,7,91.85,7.95,0.2
484031101,47464,3881,120,92.23,7.54,0.23
484031102,68007,7567,78,89.89,10.0,0.1
484031103,2977,215,39,92.14,6.65,1.21
484031104,13440,751,72,94.23,5.27,0.5
484031105,2606,247,0,91.34,8.66,0.0
484031106,1887,246,0,88.47,11.53,0.0
484032001,4526,1468,2,75.48,24.48,0.03
484032002,3896,1089,1,78.14,21.84,0.02
484032003,1645,1004,5,61.98,37.83,0.19
484032004,8731,3055,22,73.94,25.87,0.19
484032005,31856,11965,208,72.35,27.18,0.47
484032006,7413,1523,0,82.96,17.04,0.0
484032007,13195,2475,30,84.04,15.76,0.19
484032008,9649,1489,83,85.99,13.27,0.74
484032009,8991,1677,20,84.12,15.69,0.19
484032010,164877,46472,882,77.69,21.9,0.42
484032011,2159,826,0,72.33,27.67,0.0
484032012,5905,574,24,90.8,8.83,0.37
484032013,20769,1735,9,92.25,7.71,0.04
484032014,1238,355,3,77.57,22.24,0.19
484032015,20541,2516,61,88.85,10.88,0.26
484032016,143418,32637,414,81.27,18.49,0.23
484032017,3276,1016,20,75.97,23.56,0.46
484032018,14322,8906,138,61.29,38.12,0.59
484032019,37261,18862,98,66.28,33.55,0.17
484032020,3944,593,27,86.42,12.99,0.59
484032021,15826,5851,101,72.67,26.87,0.46
484032022,6739,5212,10,56.34,43.57,0.08
484032023,39602,10111,132,79.45,20.28,0.26
484032024,8568,2535,48,76.84,22.73,0.43
484032025,16198,2233,0,87.88,12.12,0.0
484032026,2449,209,0,92.14,7.86,0.0
484032027,2023,545,11,78.44,21.13,0.43
484032028,17832,3703,0,82.8,17.2,0.0
484032029,1640,865,0,65.47,34.53,0.0
484032030,5896,2202,0,72.81,27.19,0.0
484032031,10321,2137,154,81.83,16.94,1.22
484032032,3140,1454,8,68.23,31.59,0.17
484032033,17796,10766,10,62.28,37.68,0.03
484032034,14615,2039,12,87.69,12.23,0.07
484032035,35169,6331,280,84.18,15.15,0.67
484032036,15545,1654,0,90.38,9.62,0.0
484032037,66343,4069,147,94.02,5.77,0.21
484032038,53143,10549,128,83.27,16.53,0.2
484032039,19121,2332,44,88.95,10.85,0.2
484032040,50470,11289,100,81.59,18.25,0.16
484032041,1134,207,0,84.56,15.44,0.0
484032042,10857,4899,0,68.91,31.09,0.0
484032043,4908,2466,21,66.37,33.35,0.28
484032044,4998,1584,0,75.93,24.07,0.0
484032045,17444,9362,0,65.07,34.93,0.0
484032046,25559,8001,40,76.07,23.81,0.12
484032047,9867,1104,40,89.61,10.03,0.36
484032048,30676,4325,199,87.15,12.29,0.57
484032049,17139,1513,43,91.68,8.09,0.23
484032050,11628,1109,100,90.58,8.64,0.78
484032051,16712,960,135,93.85,5.39,0.76
484032052,20833,7942,30,72.32,27.57,0.1
484032053,105161,32355,928,75.96,23.37,0.67
