GEOLEV2,ABOVE_POVERTY_POP,BELOW_POVERTY_POP,ABOVE_POVERTY_PCT,BELOW_POVERTY_PCT
484001001,349829,121709,74.19,25.81
484001002,10445,7534,58.1,41.9
484001003,11485,8563,57.29,42.71
484001004,4083,2248,64.49,35.51
484001005,43792,14956,74.54,25.46
484001006,26740,16134,62.37,37.63
484001007,2041,940,68.47,31.53
484001008,4970,2542,66.16,33.84
484002001,185032,65719,73.79,26.21
484002002,394785,78070,83.49,16.51
484002004,872727,155044,84.91,15.09
484003001,290087,77597,78.9,21.1
484004001,9714,14968,39.36,60.64
484004003,181932,155641,53.89,46.11
484004004,5294,7441,41.57,58.43
484004005,914,2158,29.75,70.25
484004006,1851,2926,38.75,61.25
484005001,238,187,56.0,44.0
484005002,58120,13252,81.43,18.57
484005003,6305,1653,79.23,20.77
484005004,8587,3207,72.81,27.19
484005005,255,214,54.37,45.63
484005006,6923,2450,73.86,26.14
484005007,3027,1443,67.72,32.28
484005008,567,393,59.06,40.94
484005009,12725,8421,60.18,39.82
484005010,23550,4910,82.75,17.25
484005011,2498,1338,65.12,34.88
484005012,436,162,72.91,27.09
484005013,482,106,81.97,18.03
484005014,2562,821,75.73,24.27
484005015,370,216,63.14,36.86
484005016,357,186,65.75,34.25
484005017,31819,15158,67.73,32.27
484005018,71483,20140,78.02,21.98
484005019,2407,734,76.63,23.37
484005020,16144,7408,68.55,31.45
484005021,1541,653,70.24,29.76
484005022,8797,1586,84.73,15.27
484005023,2085,1049,66.53,33.47
484005024,11559,6417,64.3,35.7
484005025,58587,12117,82.86,17.14
484005026,601,362,62.41,37.59
484005027,41850,10827,79.45,20.55
484005028,18363,5805,75.98,24.02
484005029,644,243,72.6,27.4
484005030,284764,71637,79.9,20.1
484005031,6467,2404,72.9,27.1
484005032,11320,3167,78.14,21.86
484005033,20640,15490,57.13,42.87
484005034,1832,570,76.27,23.73
484005035,212449,80953,72.41,27.59
484005036,3469,2830,55.07,44.93
484005037,1627,652,71.39,28.61
484005038,3604,1507,70.51,29.49
484006001,71971,25222,74.05,25.95
484006002,54486,23295,70.05,29.95
484006003,5900,4155,58.68,41.32
484006004,5875,3621,61.87,38.13
484006005,8968,4653,65.84,34.16
484006006,1185,1388,46.06,53.94
484006007,2819,1535,64.75,35.25
484006008,35490,18394,65.86,34.14
484006009,51606,21792,70.31,29.69
484007001,1531,4564,25.12,74.88
484007002,20619,35418,36.8,63.2
484007003,3332,6120,35.25,64.75
484007004,1078,7546,12.5,87.5
484007005,554,5235,9.57,90.43
484007006,1125,8400,11.81,88.19
484007007,229,4142,5.24,94.76
484007008,1599,11611,12.1,87.9
484007009,5789,11601,33.29,66.71
484007010,121,1798,6.31,93.69
484007011,304,4438,6.41,93.59
484007012,11917,13158,47.53,52.47
484007013,2446,8342,22.67,77.33
484007014,484,5339,8.31,91.69
484007015,4461,9409,32.16,67.84
484007016,1087,4555,19.27,80.73
484007017,7573,20413,27.06,72.94
484007018,589,2641,18.24,81.76
484007019,26365,45026,36.93,63.07
484007020,2117,15043,12.34,87.66
484007021,1620,4901,24.84,75.16
484007022,185,5104,3.5,96.5
484007023,984,28315,3.36,96.64
484007024,114,2972,3.69,96.31
484007025,284,2011,12.37,87.63
484007026,446,12552,3.43,96.57
484007028,397,1710,18.84,81.16
484007029,561,738,43.19,56.81
484007030,1199,10378,10.36,89.64
484007031,3175,33766,8.59,91.41
484007032,2501,7945,23.94,76.06
484007033,88,1490,5.58,94.42
484007034,7047,22671,23.71,76.29
484007035,1496,3609,29.3,70.7
484007036,205,1669,10.94,89.06
484007037,4918,7849,38.52,61.48
484007038,871,5962,12.75,87.25
484007039,686,6780,9.19,90.81
484007040,7383,13562,35.25,64.75
484007041,1257,14323,8.07,91.93
484007042,436,2780,13.56,86.44
484007043,1045,2790,27.25,72.75
484007044,1259,9173,12.07,87.93
484007045,489,1564,23.82,76.18
484007046,3581,10798,24.9,75.1
484007047,843,6241,11.9,88.1
484007048,2038,4919,29.29,70.71
484007049,477,10099,4.51,95.49
484007050,551,1592,25.71,74.29
484007051,4850,11923,28.92,71.08
484007052,3695,39599,8.53,91.47
484007053,318,1930,14.15,85.85
484007054,3261,7682,29.8,70.2
484007055,664,1441,31.54,68.46
484007056,171,1885,8.32,91.68
484007057,5472,18663,22.67,77.33
484007058,74,1251,5.58,94.42
484007059,8899,62945,12.39,87.61
484007060,679,3144,17.76,82.24
484007061,14750,35766,29.2,70.8
484007062,1674,4653,26.46,73.54
484007063,387,862,30.98,69.02
484007064,833,11678,6.66,93.34
484007065,12771,32705,28.08,71.92
484007066,384,6885,5.28,94.72
484007067,318,3176,9.1,90.9
484007068,3497,8246,29.78,70.22
484007069,5853,14464,28.81,71.19
484007070,218,1501,12.68,87.32
484007071,2868,7849,26.76,73.24
484007072,2498,15362,13.99,86.01
484007074,6860,7689,47.15,52.85
484007075,1301,9098,12.51,87.49
484007076,1007,7772,11.47,88.53
484007077,1708,16089,9.6,90.4
484007078,35623,50121,41.55,58.45
484007079,6497,10006,39.37,60.63
484007080,463,7682,5.68,94.32
484007081,1769,14355,10.97,89.03
484007082,154,3332,4.42,95.58
484007083,976,5807,14.39,85.61
484007084,506,1886,21.15,78.85
484007085,936,2972,23.95,76.05
484007086,3547,5297,40.11,59.89
484007087,5323,9523,35.85,64.15
484007088,132,706,15.75,84.25
484007089,57756,78587,42.36,57.64
484007090,179,1233,12.68,87.32
484007093,475,13868,3.31,96.69
484007094,2279,13185,14.74,85.26
484007095,3330,21061,13.65,86.35
484007096,12826,20616,38.35,61.65
484007097,141,1694,7.68,92.32
484007098,3497,21719,13.87,86.13
484007099,1203,9858,10.88,89.12
484007100,146423,109020,57.32,42.68
484007101,4725,7719,37.97,62.03
484007102,2765,7391,27.23,72.77
484007103,1135,5523,17.05,82.95
484007104,948,3782,20.04,79.96
484007105,2241,21631,9.39,90.61
484007106,5768,22721,20.25,79.75
484007107,11411,23844,32.37,67.63
484007108,1793,8298,17.77,82.23
484007109,496,2160,18.67,81.33
484007110,612,13575,4.31,95.69
484008001,3791,2754,57.92,42.08
484008002,8060,2194,78.6,21.4
484008003,2498,809,75.54,24.46
484008004,7262,1213,85.69,14.31
484008005,8197,1655,83.2,16.8
484008006,1767,594,74.84,25.16
484008007,7106,14846,32.37,67.63
484008008,3252,2403,57.51,42.49
484008009,6065,2484,70.94,29.06
484008010,14595,4085,78.13,21.87
484008011,732,1355,35.07,64.93
484008012,3002,1705,63.78,36.22
484008013,420,365,53.5,46.5
484008014,344,135,71.82,28.18
484008015,818,394,67.49,32.51
484008016,56573,14439,79.67,20.33
484008017,944,884,51.64,48.36
484008018,365120,67862,84.33,15.67
484008019,661,902,42.29,57.71
484008020,50605,15357,76.72,23.28
484008021,370,487,43.17,56.83
484008022,1720,436,79.78,20.22
484008023,1109,445,71.36,28.64
484008024,1912,787,70.84,29.16
484008025,481,382,55.74,44.26
484008026,1187,337,77.89,22.11
484008027,3019,10073,23.06,76.94
484008028,1164,775,60.03,39.97
484008029,7977,5201,60.53,39.47
484008030,32263,13713,70.17,29.83
484008031,117,166,41.34,58.66
484008032,1150,1103,51.04,48.96
484008033,2847,720,79.81,20.19
484008034,10851,4321,71.52,28.48
484008035,536466,139861,79.32,20.68
484008036,1586,402,79.78,20.22
484008037,1061,420,71.64,28.36
484008038,6246,3320,65.29,34.71
484008039,120,213,36.04,63.96
484008040,303,141,68.24,31.76
484008041,562,401,58.36,41.64
484008042,996,531,65.23,34.77
484008043,13325,4816,73.45,26.55
484008044,384,1826,17.38,82.62
484008045,603,608,49.79,50.21
484008046,6150,2170,73.92,26.08
484008047,418,502,45.43,54.57
484008048,19826,7144,73.51,26.49
484008049,1553,843,64.82,35.18
484008050,6917,2327,74.83,25.17
484008051,1340,452,74.78,25.22
484008052,1681,724,69.9,30.1
484008053,4793,2211,68.43,31.57
484008054,226,424,34.77,65.23
484008055,409,404,50.31,49.69
484008056,750,194,79.45,20.55
484008057,1247,519,70.61,29.39
484008058,3104,1351,69.67,30.33
484008059,759,571,57.07,42.93
484008060,7555,2709,73.61,26.39
484008061,834,893,48.29,51.71
484008062,160,238,40.2,59.8
484008063,1600,1964,44.89,55.11
484008064,358,777,31.54,68.46
484008065,799,769,50.96,49.04
484009001,1845299,816198,69.33,30.67
484009002,611604,405019,60.16,39.84
484009003,70599,37834,65.11,34.89
484009004,39724,34225,53.72,46.28
484009005,109442,69414,61.19,38.81
484009006,209958,129553,61.84,38.16
484010001,9260,10773,46.22,53.78
484010002,286,846,25.27,74.73
484010003,311,858,26.6,73.4
484010004,7308,5638,56.45,43.55
484010005,196680,87701,69.16,30.84
484010006,1217,1646,42.51,57.49
484010007,101349,46512,68.54,31.46
484010008,7267,5625,56.37,43.63
484010009,1586,1816,46.62,53.38
484010010,579,471,55.14,44.86
484010011,701,872,44.56,55.44
484010012,44440,18825,70.24,29.76
484010013,5725,3573,61.57,38.43
484010014,1815,3643,33.25,66.75
484010015,1904,2214,46.24,53.76
484010016,3344,3118,51.75,48.25
484010017,965,1559,38.23,61.77
484010018,2231,1689,56.91,43.09
484010019,330,1111,22.9,77.1
484010020,2034,2051,49.79,50.21
484010021,1528,2054,42.66,57.34
484010022,4110,4005,50.65,49.35
484010023,8670,7459,53.75,46.25
484010024,1827,2563,41.62,58.38
484010025,256,717,26.31,73.69
484010026,2563,1649,60.85,39.15
484010027,490,1101,30.8,69.2
484010028,1763,1864,48.61,51.39
484010029,300,441,40.49,59.51
484010030,190,411,31.61,68.39
484010031,674,1388,32.69,67.31
484010032,10823,7332,59.61,40.39
484010033,874,1015,46.27,53.73
484010034,3004,5144,36.87,63.13
484010035,1480,2127,41.03,58.97
484010036,4079,2686,60.3,39.7
484010037,1266,1273,49.86,50.14
484010038,5053,4425,53.31,46.69
484011001,20082,16013,55.64,44.36
484011002,14891,25190,37.15,62.85
484011003,45821,20289,69.31,30.69
484011004,15498,7559,67.22,32.78
484011005,30660,14980,67.18,32.82
484011006,629,951,39.81,60.19
484011007,144461,74486,65.98,34.02
484011008,10516,4472,70.16,29.84
484011009,14921,10957,57.66,42.34
484011010,1627,2517,39.26,60.74
484011011,22952,16863,57.65,42.35
484011012,6314,4912,56.24,43.76
484011013,6876,3388,66.99,33.01
484011014,35669,29909,54.39,45.61
484011015,54795,26320,67.55,32.45
484011016,3300,3716,47.04,52.96
484011017,174350,66543,72.38,27.62
484011018,7840,6738,53.78,46.22
484011019,7385,9003,45.06,54.94
484011020,580970,213938,73.09,26.91
484011021,10237,6999,59.39,40.61
484011022,4433,4087,52.03,47.97
484011023,30700,27426,52.82,47.18
484011024,2354,2303,50.55,49.45
484011025,31186,9068,77.47,22.53
484011026,16294,8280,66.31,33.69
484011027,65564,38505,63.0,37.0
484011028,17552,16079,52.19,47.81
484011029,8950,4701,65.56,34.44
484011030,23553,15263,60.68,39.32
484011031,43667,12363,77.94,22.06
484011032,25381,8575,74.75,25.25
484011033,28384,13216,68.23,31.77
484011034,985,818,54.63,45.37
484011035,15733,13258,54.27,45.73
484011036,1028,1354,43.16,56.84
484011037,58115,22558,72.04,27.96
484011038,1796,2405,42.75,57.25
484011039,7165,5416,56.95,43.05
484011040,4248,2444,63.48,36.52
484011041,12757,12259,51.0,49.0
484011042,29956,27469,52.17,47.83
484011043,3478,3338,51.03,48.97
484011044,17086,9298,64.76,35.24
484011045,942,1644,36.43,63.57
484011046,9576,14349,40.03,59.97
484012001,178404,146467,54.92,45.08
484012002,933,3610,20.54,79.46
484012003,3126,8028,28.03,71.97
484012004,628,2005,23.85,76.15
484012005,672,2251,22.99,77.01
484012006,1192,2161,35.55,64.45
484012007,5725,5954,49.02,50.98
484012008,725,1680,30.15,69.85
484012009,172,1019,14.44,85.56
484012010,715,6440,9.99,90.01
484012011,10207,14705,40.97,59.03
484012012,6883,17901,27.77,72.23
484012013,4338,8882,32.81,67.19
484012014,2921,3702,44.1,55.9
484012015,2353,3610,39.46,60.54
484012016,912,2811,24.5,75.5
484012017,2363,2859,45.25,54.75
484012018,1738,3905,30.8,69.2
484012019,885,4093,17.78,82.22
484012020,1112,4364,20.31,79.69
484012021,9228,16026,36.54,63.46
484012022,3812,8390,31.24,68.76
484012023,3463,5496,38.65,61.35
484012024,494,2047,19.44,80.56
484012025,698,4089,14.58,85.42
484012026,339,1460,18.84,81.16
484012027,2122,3729,36.27,63.73
484012028,16123,39780,28.84,71.16
484012029,66419,48166,57.96,42.04
484012030,3082,4457,40.88,59.12
484012031,153,1405,9.82,90.18
484012032,1223,7602,13.86,86.14
484012033,1927,4664,29.24,70.76
484012034,4548,9335,32.76,67.24
484012035,32855,33310,49.66,50.34
484012036,1217,2918,29.43,70.57
484012037,534,1518,26.02,73.98
484012038,41611,26012,61.53,38.47
484012039,2639,5740,31.5,68.5
484012040,1012,5518,15.5,84.5
484012041,1747,9692,15.27,84.73
484012042,1755,5826,23.15,76.85
484012043,793,3851,17.08,82.92
484012044,1659,2862,36.7,63.3
484012045,1707,6673,20.37,79.63
484012046,8778,18082,32.68,67.32
484012047,148,1505,8.95,91.05
484012048,8294,9514,46.57,53.43
484012049,1913,2385,44.51,55.49
484012050,7034,7397,48.74,51.26
484012051,2658,7492,26.19,73.81
484012052,3020,10069,23.07,76.93
484012053,5366,9035,37.26,62.74
484012054,874,4796,15.41,84.59
484012055,15260,27011,36.1,63.9
484012056,2852,8434,25.27,74.73
484012057,13230,11627,53.22,46.78
484012058,6802,12595,35.07,64.93
484012059,3091,6603,31.89,68.11
484012060,1214,3235,27.29,72.71
484012061,7950,10313,43.53,56.47
484012062,1428,5202,21.54,78.46
484012063,381,2699,12.37,87.63
484012064,1257,2081,37.66,62.34
484012065,495,1718,22.37,77.63
484012066,13950,19661,41.5,58.5
484012067,2710,3254,45.44,54.56
484012068,627,2139,22.67,77.33
484012069,515,2061,19.99,80.01
484012070,1787,12790,12.26,87.74
484012071,1074,15560,6.46,93.54
484012072,2051,2657,43.56,56.44
484012073,913,7655,10.66,89.34
484012074,10478,10908,48.99,51.01
484013001,4093,4712,46.48,53.52
484013002,4873,10461,31.78,68.22
484013003,12790,14728,46.48,53.52
484013004,1190,2499,32.26,67.74
484013005,4236,3932,51.86,48.14
484013006,2111,4972,29.8,70.2
484013007,2420,2328,50.97,49.03
484013008,8954,9977,47.3,52.7
484013009,3838,4682,45.05,54.95
484013010,8671,3770,69.7,30.3
484013011,1402,4805,22.59,77.41
484013012,5042,6706,42.92,57.08
484013013,17422,7340,70.36,29.64
484013014,1100,3977,21.67,78.33
484013015,2628,4328,37.78,62.22
484013016,9136,12761,41.72,58.28
484013017,1413,3127,31.12,68.88
484013018,2304,5673,28.88,71.12
484013019,8673,8424,50.73,49.27
484013020,137,650,17.41,82.59
484013021,3488,2676,56.59,43.41
484013022,3923,3097,55.88,44.12
484013023,7479,6627,53.02,46.98
484013024,3330,3059,52.12,47.88
484013025,1471,5462,21.22,78.78
484013026,524,2864,15.47,84.53
484013027,1522,6324,19.4,80.6
484013028,17372,28169,38.15,61.85
484013029,8217,10114,44.83,55.17
484013030,17748,26480,40.13,59.87
484013031,1612,3092,34.27,65.73
484013032,700,2510,21.81,78.19
484013033,195,653,23.0,77.0
484013034,524,2158,19.54,80.46
484013035,2391,2771,46.32,53.68
484013036,853,2419,26.07,73.93
484013037,2766,5303,34.28,65.72
484013038,2016,1811,52.68,47.32
484013039,3153,3030,50.99,49.01
484013040,654,2812,18.87,81.13
484013041,10459,10258,50.49,49.51
484013042,1388,2303,37.6,62.4
484013043,429,1148,27.2,72.8
484013044,2443,4025,37.77,62.23
484013045,1939,1839,51.32,48.68
484013046,2419,9444,20.39,79.61
484013047,605,803,42.97,57.03
484013048,92417,54766,62.79,37.21
484013049,1457,3969,26.85,73.15
484013050,66739,31038,68.26,31.74
484013051,9848,7685,56.17,43.83
484013052,1753,4930,26.23,73.77
484013053,7155,8689,45.16,54.84
484013054,2844,4890,36.77,63.23
484013055,9813,7255,57.49,42.51
484013056,2392,2724,46.76,53.24
484013057,2433,4108,37.2,62.8
484013058,6830,7920,46.31,53.69
484013059,2024,4401,31.5,68.5
484013060,14090,9047,60.9,39.1
484013061,1418,6752,17.36,82.64
484013062,27095,13388,66.93,33.07
484013063,1862,2009,48.1,51.9
484013064,6562,6065,51.97,48.03
484013065,3127,2868,52.16,47.84
484013066,11295,11766,48.98,51.02
484013067,774,3294,19.03,80.97
484013068,41296,29494,58.34,41.66
484013069,411,2444,14.4,85.6
484013070,2753,1589,63.4,36.6
484013071,2492,8735,22.2,77.8
484013072,6797,4763,58.8,41.2
484013073,4355,4449,49.47,50.53
484013074,30381,17289,63.73,36.27
484013075,41223,34208,54.65,45.35
484013076,604,4628,11.54,88.46
484013077,811,1466,35.62,64.38
484013078,1094,5562,16.44,83.56
484013079,7263,9605,43.06,56.94
484013080,4867,5026,49.2,50.8
484013081,14918,9746,60.48,39.52
484013082,8030,6078,56.92,43.08
484014001,6964,3307,67.8,32.2
484014002,7381,2342,75.91,24.09
484014003,7656,2905,72.49,27.51
484014004,1485,667,69.01,30.99
484014005,4689,1739,72.95,27.05
484014006,16471,7922,67.52,32.48
484014007,2356,920,71.92,28.08
484014008,27877,14148,66.33,33.67
484014009,6145,1912,76.27,23.73
484014010,1823,976,65.13,34.87
484014011,745,778,48.92,51.08
484014012,1120,598,65.19,34.81
484014013,19442,6891,73.83,26.17
484014014,2077,1370,60.26,39.74
484014015,19342,10278,65.3,34.7
484014016,9599,6898,58.19,41.81
484014017,2623,1834,58.85,41.15
484014018,18028,9078,66.51,33.49
484014019,837,511,62.09,37.91
484014020,2556,1789,58.83,41.17
484014021,5412,2566,67.84,32.16
484014022,12163,5792,67.74,32.26
484014023,39326,14287,73.35,26.65
484014024,8137,3812,68.1,31.9
484014025,4433,3851,53.51,46.49
484014026,1787,840,68.02,31.98
484014027,2454,2741,47.24,52.76
484014028,491,354,58.11,41.89
484014029,3558,2714,56.73,43.27
484014030,15381,8661,63.98,36.02
484014031,404,498,44.79,55.21
484014032,1150,786,59.4,40.6
484014033,4922,2807,63.68,36.32
484014034,445,316,58.48,41.52
484014035,14419,7327,66.31,33.69
484014036,5853,2350,71.35,28.65
484014037,7353,3425,68.22,31.78
484014038,862,636,57.54,42.46
484014039,482384,157764,75.36,24.64
484014040,1351,1272,51.51,48.49
484014041,935,1129,45.3,54.7
484014042,1584,1497,51.41,48.59
484014043,6571,2481,72.59,27.41
484014044,21153,7058,74.98,25.02
484014045,4710,3030,60.85,39.15
484014046,7908,5118,60.71,39.29
484014047,6083,3289,64.91,35.09
484014048,4890,2944,62.42,37.58
484014049,1620,1300,55.48,44.52
484014050,15791,4623,77.35,22.65
484014051,9594,2883,76.89,23.11
484014052,1084,748,59.17,40.83
484014053,48753,22150,68.76,31.24
484014054,1416,854,62.38,37.62
484014055,5722,2876,66.55,33.45
484014056,237,423,35.91,64.09
484014057,1096,598,64.7,35.3
484014058,3988,2263,63.8,36.2
484014059,4140,1881,68.76,31.24
484014060,968,661,59.42,40.58
484014061,1257,1989,38.72,61.28
484014062,818,670,54.97,45.03
484014063,32281,14706,68.7,31.3
484014064,7714,4564,62.83,37.17
484014065,2718,1582,63.21,36.79
484014066,14329,5932,70.72,29.28
484014067,111277,32784,77.24,22.76
484014068,2216,1633,57.57,42.43
484014069,1104,1087,50.39,49.61
484014070,70343,27238,72.09,27.91
484014071,482,474,50.42,49.58
484014072,1975,1049,65.31,34.69
484014073,22499,8899,71.66,28.34
484014074,4540,2735,62.41,37.59
484014075,897,571,61.1,38.9
484014076,457,449,50.44,49.56
484014077,6834,3031,69.28,30.72
484014078,7923,5968,57.04,42.96
484014079,5177,1849,73.68,26.32
484014080,1024,1054,49.28,50.72
484014081,363,771,32.01,67.99
484014082,11800,3876,75.27,24.73
484014083,29826,9305,76.22,23.78
484014084,3713,2656,58.3,41.7
484014085,10807,4261,71.72,28.28
484014086,6078,1671,78.44,21.56
484014087,3767,2794,57.42,42.58
484014088,3931,2009,66.18,33.82
484014089,991,400,71.24,28.76
484014090,1545,1256,55.16,44.84
484014091,9752,4875,66.67,33.33
484014092,2492,1310,65.54,34.46
484014093,46681,17118,73.17,26.83
484014094,12261,5331,69.7,30.3
484014095,2598,973,72.75,27.25
484014096,5731,3118,64.76,35.24
484014097,241261,83533,74.28,25.72
484014098,243314,68683,77.99,22.01
484014099,2617,1161,69.27,30.73
484014100,8979,6297,58.78,41.22
484014101,175762,78769,69.05,30.95
484014102,1815,794,69.57,30.43
484014103,2088,875,70.47,29.53
484014104,747,658,53.17,46.83
484014105,6650,2565,72.16,27.84
484014106,1289,662,66.07,33.93
484014107,1887,692,73.17,26.83
484014108,11082,5361,67.4,32.6
484014109,5273,2613,66.87,33.13
484014110,3394,2071,62.1,37.9
484014111,2126,706,75.07,24.93
484014112,1424,1051,57.54,42.46
484014113,4455,1783,71.42,28.58
484014114,4762,1683,73.89,26.11
484014115,942,821,53.43,46.57
484014116,5265,2709,66.03,33.97
484014117,1047,598,63.65,36.35
484014118,5113,3317,60.65,39.35
484014119,7643,3497,68.61,31.39
484014120,527515,163839,76.3,23.7
484014121,10383,3735,73.54,26.46
484014122,1742,1143,60.38,39.62
484014123,4361,2768,61.17,38.83
484014124,19334,9870,66.2,33.8
484015001,9270,13579,40.57,59.43
484015002,45660,20460,69.06,30.94
484015003,8919,9694,47.92,52.08
484015004,1846,3720,33.17,66.83
484015005,33281,21862,60.35,39.65
484015006,3047,2885,51.37,48.63
484015007,3740,4133,47.5,52.5
484015008,2520,4101,38.06,61.94
484015009,10306,10092,50.52,49.48
484015010,7681,5454,58.48,41.52
484015011,1130695,703035,61.66,38.34
484015012,3083,2734,53.0,47.0
484015013,145429,73975,66.28,33.72
484015014,23293,20788,52.84,47.16
484015015,4045,7774,34.22,65.78
484015016,6133,4772,56.24,43.76
484015017,2094,1802,53.75,46.25
484015018,16272,12774,56.02,43.98
484015019,9136,6609,58.02,41.98
484015020,86407,41639,67.48,32.52
484015021,8175,6369,56.21,43.79
484015022,3411,2136,61.49,38.51
484015023,10290,5606,64.73,35.27
484015024,412526,168751,70.97,29.03
484015025,185056,143080,56.4,43.6
484015026,5428,5946,47.72,52.28
484015027,3811,1782,68.14,31.86
484015028,7268,5207,58.26,41.74
484015029,50098,30612,62.07,37.93
484015030,5873,6706,46.69,53.31
484015031,4432,5477,44.73,55.27
484015032,1760,2467,41.64,58.36
484015033,44866,20481,68.66,31.34
484015034,9674,9892,49.44,50.56
484015035,73698,48810,60.16,39.84
484015036,2748,1911,58.98,41.02
484015037,132711,92377,58.96,41.04
484015038,9402,6894,57.7,42.3
484015039,490,1405,25.86,74.14
484015040,23259,36431,38.97,61.03
484015041,4853,7507,39.26,60.74
484015042,11453,7004,62.05,37.95
484015043,17102,17012,50.13,49.87
484015044,4787,3292,59.25,40.75
484015045,12592,13252,48.72,51.28
484015046,13250,15321,46.38,53.62
484015047,2294,3497,39.61,60.39
484015048,5339,5058,51.35,48.65
484015049,51969,16281,76.15,23.85
484015050,4205,8062,34.28,65.72
484015051,16102,9193,63.66,36.34
484015052,67971,36233,65.23,34.77
484015053,3758,2018,65.06,34.94
484015054,3655,7318,33.31,66.69
484015055,237755,131653,64.36,35.64
484015056,15962,7931,66.81,33.19
484015057,121480,61649,66.34,33.66
484015058,2402,1999,54.58,45.42
484015059,20248,11527,63.72,36.28
484015060,4533,8204,35.59,64.41
484015061,6349,6027,51.3,48.7
484015062,6809,6476,51.25,48.75
484015063,489,673,42.08,57.92
484015064,22580,10996,67.25,32.75
484015065,4381,8672,33.56,66.44
484015066,1301,875,59.79,40.21
484015067,74422,59518,55.56,44.44
484015068,3602,2533,58.71,41.29
484015069,3657,2725,57.3,42.7
484015070,9038,4727,65.66,34.34
484015071,42259,31071,57.63,42.37
484015072,6129,5542,52.51,47.49
484015073,24609,16412,59.99,40.01
484015074,902,1253,41.86,58.14
484015075,1468,1436,50.55,49.45
484015076,2894,2707,51.67,48.33
484015077,2153,4205,33.86,66.14
484015078,147478,80046,64.82,35.18
484015079,17036,16519,50.77,49.23
484015080,3261,1847,63.84,36.16
484015081,9880,7156,57.99,42.01
484015082,8916,14139,38.67,61.33
484015083,4526,5725,44.15,55.85
484015084,20137,21729,48.1,51.9
484015085,22464,20019,52.88,47.12
484015086,2471,1552,61.42,38.58
484015087,16804,20505,45.04,54.96
484015088,17332,8072,68.23,31.77
484015089,13150,9193,58.86,41.14
484015090,8040,4898,62.14,37.86
484015091,3859,4232,47.69,52.31
484015092,9961,7486,57.09,42.91
484015093,1914,3932,32.74,67.26
484015094,1290,1046,55.22,44.78
484015095,10729,6460,62.42,37.58
484015096,15256,19171,44.31,55.69
484015097,2782,2738,50.4,49.6
484015098,11523,7381,60.96,39.04
484015099,2414,4176,36.63,63.37
484015100,256211,134931,65.5,34.5
484015101,2971,2551,53.8,46.2
484015102,42506,25611,62.4,37.6
484015103,16689,8364,66.61,33.39
484015104,8677,7458,53.78,46.22
484015105,9970,9475,51.27,48.73
484015106,16081,14962,51.8,48.2
484015107,17888,12764,58.36,41.64
484015108,12849,9340,57.91,42.09
484015109,906,641,58.56,41.44
484015110,1299,2924,30.76,69.24
484015111,53034,24371,68.51,31.49
484015112,1777,4761,27.18,72.82
484015113,70475,41272,63.07,36.93
484016001,2295,2080,52.46,47.54
484016002,2192,2895,43.09,56.91
484016003,3231,4265,43.1,56.9
484016004,17699,24125,42.32,57.68
484016005,1297,2098,38.2,61.8
484016006,32645,20900,60.97,39.03
484016007,467,803,36.77,63.23
484016008,3169,4152,43.29,56.71
484016009,9732,4697,67.45,32.55
484016010,3280,3372,49.31,50.69
484016011,2770,1396,66.49,33.51
484016012,11563,8136,58.7,41.3
484016013,992,1458,40.49,59.51
484016014,4449,1710,72.24,27.76
484016015,3424,3522,49.29,50.71
484016016,2320,4836,32.42,67.58
484016017,6277,11651,35.01,64.99
484016018,1168,1203,49.26,50.74
484016019,4950,2474,66.68,33.32
484016020,5151,6422,44.51,55.49
484016021,2163,3420,38.74,61.26
484016022,4674,4852,49.07,50.93
484016023,2278,1507,60.18,39.82
484016024,2853,3713,43.45,56.55
484016025,9440,6233,60.23,39.77
484016026,616,958,39.14,60.86
484016027,413,1027,28.68,71.32
484016028,903,979,47.98,52.02
484016029,1261,2045,38.14,61.86
484016030,2146,1490,59.02,40.98
484016031,3092,3751,45.18,54.82
484016032,4733,2984,61.33,38.67
484016033,21383,27617,43.64,56.36
484016034,4879,5466,47.16,52.84
484016035,2027,2109,49.01,50.99
484016036,811,1565,34.13,65.87
484016037,8845,7734,53.35,46.65
484016038,1633,1544,51.4,48.6
484016039,3293,4053,44.83,55.17
484016040,2159,3643,37.21,62.79
484016041,3383,2200,60.59,39.41
484016042,20918,9718,68.28,31.72
484016043,2232,2325,48.98,51.02
484016044,13756,6980,66.34,33.66
484016045,2576,3291,43.91,56.09
484016046,2976,4196,41.49,58.51
484016047,855,1035,45.24,54.76
484016048,3279,3702,46.97,53.03
484016049,16280,16724,49.33,50.67
484016050,58677,23772,71.17,28.83
484016051,252617,134099,65.32,34.68
484016052,852,1694,33.46,66.54
484016053,11213,6277,64.11,35.89
484016054,4561,5776,44.12,55.88
484016055,845,931,47.58,52.42
484016056,4980,3026,62.2,37.8
484016057,2061,984,67.68,32.32
484016058,1900,1377,57.98,42.02
484016059,3419,4763,41.79,58.21
484016060,3997,3911,50.54,49.46
484016061,2184,3334,39.58,60.42
484016062,6879,3492,66.33,33.67
484016063,7465,7293,50.58,49.42
484016064,22098,18506,54.42,45.58
484016065,2151,2861,42.92,57.08
484016066,10280,1996,83.74,16.26
484016067,27861,17959,60.81,39.19
484016068,3687,2569,58.94,41.06
484016069,2343,2786,45.68,54.32
484016070,4983,5497,47.55,52.45
484016071,2434,1353,64.27,35.73
484016072,28890,6516,81.6,18.4
484016073,20569,15466,57.08,42.92
484016074,2395,3431,41.11,58.89
484016075,2161,2558,45.79,54.21
484016076,10869,7876,57.98,42.02
484016077,1889,3954,32.33,67.67
484016078,480,2017,19.22,80.78
484016079,21403,10443,67.21,32.79
484016080,9425,2774,77.26,22.74
484016081,7555,3901,65.95,34.05
484016082,9642,5242,64.78,35.22
484016083,3449,1459,70.27,29.73
484016084,4106,1443,74.0,26.0
484016085,31115,18387,62.86,37.14
484016086,6564,3604,64.56,35.44
484016087,3633,1945,65.13,34.87
484016088,4363,1561,73.65,26.35
484016089,1419,2040,41.02,58.98
484016090,3297,5154,39.01,60.99
484016091,1149,1171,49.53,50.47
484016092,3434,1362,71.6,28.4
484016093,804,1019,44.1,55.9
484016094,3815,3734,50.54,49.46
484016095,4075,5426,42.89,57.11
484016096,1339,3129,29.97,70.03
484016097,2477,3349,42.52,57.48
484016098,603,1886,24.23,75.77
484016099,103885,47520,68.61,31.39
484016100,5620,3912,58.96,41.04
484016101,3413,1969,63.42,36.58
484016102,5495,2232,71.11,28.89
484016103,7441,5230,58.72,41.28
484016104,14974,15100,49.79,50.21
484016105,55181,31224,63.86,36.14
484016106,657,550,54.43,45.57
484016107,8312,8670,48.95,51.05
484016108,4592,1826,71.55,28.45
484016109,29578,31356,48.54,51.46
484017001,2892,3237,47.19,52.81
484017002,5187,5795,47.23,52.77
484017003,5034,11845,29.82,70.18
484017004,17113,20707,45.25,54.75
484017005,1165,2000,36.81,63.19
484017006,41954,42231,49.84,50.16
484017007,113518,67279,62.79,37.21
484017008,29042,18868,60.62,39.38
484017009,6363,5822,52.22,47.78
484017010,3397,4605,42.45,57.55
484017011,59520,42584,58.29,41.71
484017012,13230,11280,53.98,46.02
484017013,2750,4276,39.14,60.86
484017014,1362,1763,43.58,56.42
484017015,4217,6428,39.61,60.39
484017016,2076,5786,26.41,73.59
484017017,13241,14312,48.06,51.94
484017018,30625,24169,55.89,44.11
484017019,3798,7748,32.89,67.11
484017020,13393,11467,53.87,46.13
484017021,1256,1680,42.78,57.22
484017022,2766,6853,28.76,71.24
484017023,1150,2492,31.58,68.42
484017024,7604,14028,35.15,64.85
484017025,6088,6926,46.78,53.22
484017026,3973,5298,42.85,57.15
484017027,2195,3668,37.44,62.56
484017028,17199,15782,52.15,47.85
484017029,24385,25226,49.15,50.85
484017030,10906,12541,46.51,53.49
484017031,7691,7056,52.15,47.85
484017032,4354,7220,37.62,62.38
484018001,6084,7701,44.13,55.87
484018002,3569,2419,59.6,40.4
484018003,2886,2019,58.84,41.16
484018004,79869,33956,70.17,29.83
484018005,1011,2272,30.8,69.2
484018006,7573,4475,62.86,37.14
484018007,3562,3309,51.84,48.16
484018008,18909,9023,67.7,32.3
484018009,2360,6654,26.18,73.82
484018010,5238,7030,42.7,57.3
484018011,5126,4507,53.21,46.79
484018012,10338,5722,64.37,35.63
484018013,1823,1179,60.73,39.27
484018014,5692,4145,57.86,42.14
484018015,24415,14235,63.17,36.83
484018016,6672,8150,45.01,54.99
484018017,134206,60020,69.1,30.9
484018018,7270,6325,53.48,46.52
484018019,1239,2337,34.65,65.35
484019001,945,157,85.75,14.25
484019002,873,428,67.1,32.9
484019003,243,277,46.73,53.27
484019004,11183,2313,82.86,17.14
484019005,4212,2536,62.42,37.58
484019006,259499,45961,84.95,15.05
484019007,1531,2796,35.38,64.62
484019008,854,518,62.24,37.76
484019009,38722,9238,80.74,19.26
484019010,34032,5455,86.19,13.81
484019011,2118,775,73.21,26.79
484019012,24945,3977,86.25,13.75
484019013,2811,806,77.72,22.28
484019014,4252,7736,35.47,64.53
484019015,234,192,54.93,45.07
484019016,894,218,80.4,19.6
484019017,7426,4781,60.83,39.17
484019018,143371,22924,86.21,13.79
484019019,41048,14954,73.3,26.7
484019020,1427,751,65.52,34.48
484019021,163989,32143,83.61,16.39
484019022,3941,1178,76.99,23.01
484019023,353,159,68.95,31.05
484019024,595,1098,35.14,64.86
484019025,35617,5746,86.11,13.89
484019026,226767,56757,79.98,20.02
484019027,325,310,51.18,48.82
484019028,432,116,78.83,21.17
484019029,1544,963,61.59,38.41
484019030,546,555,49.59,50.41
484019031,172387,27895,86.07,13.93
484019032,1281,618,67.46,32.54
484019033,17551,14743,54.35,45.65
484019034,1777,242,88.01,11.99
484019035,358,176,67.04,32.96
484019036,288,1280,18.37,81.63
484019037,1759,486,78.35,21.65
484019038,21042,4406,82.69,17.31
484019039,377278,106075,78.05,21.95
484019040,233,92,71.69,28.31
484019041,58665,9896,85.57,14.43
484019042,1331,500,72.69,27.31
484019043,333,567,37.0,63.0
484019044,10041,4009,71.47,28.53
484019045,31823,5015,86.39,13.61
484019046,133202,37548,78.01,21.99
484019047,4999,891,84.87,15.13
484019048,110753,25457,81.31,18.69
484019049,13966,3982,77.81,22.19
484019050,382,254,60.06,39.94
484019051,716,513,58.26,41.74
484020001,13,71,15.48,84.52
484020002,4255,10938,28.01,71.99
484020003,139,701,16.55,83.45
484020004,124,284,30.39,69.61
484020005,2933,2740,51.7,48.3
484020006,3215,5120,38.57,61.43
484020007,107,817,11.58,88.42
484020008,59,188,23.89,76.11
484020009,280,1421,16.46,83.54
484020010,2596,2300,53.02,46.98
484020011,51,267,16.04,83.96
484020012,1023,2281,30.96,69.04
484020013,502,857,36.94,63.06
484020014,6566,5552,54.18,45.82
484020015,142,1141,11.07,88.93
484020016,148,1426,9.4,90.6
484020017,135,1043,11.46,88.54
484020018,48,240,16.67,83.33
484020019,76,777,8.91,91.09
484020020,509,568,47.26,52.74
484020021,1778,3874,31.46,68.54
484020022,33,188,14.93,85.07
484020023,6409,5417,54.19,45.81
484020024,168,1075,13.52,86.48
484020025,2204,3089,41.64,58.36
484020026,772,2854,21.29,78.71
484020027,90,655,12.08,87.92
484020028,2488,5416,31.48,68.52
484020029,111,1413,7.28,92.72
484020030,2561,1062,70.69,29.31
484020031,950,1853,33.89,66.11
484020032,60,193,23.72,76.28
484020033,745,596,55.56,44.44
484020034,107,235,31.29,68.71
484020035,172,140,55.13,44.87
484020036,270,1492,15.32,84.68
484020037,223,944,19.11,80.89
484020038,212,647,24.68,75.32
484020039,17603,15091,53.84,46.16
484020040,161,1699,8.66,91.34
484020041,2351,9403,20.0,80.0
484020042,1217,2576,32.09,67.91
484020043,24800,20266,55.03,44.97
484020044,6579,10826,37.8,62.2
484020045,2364,1385,63.06,36.94
484020046,186,849,17.97,82.03
484020047,2,40,4.76,95.24
484020048,36,355,9.21,90.79
484020049,210,251,45.55,54.45
484020050,162,1436,10.14,89.86
484020051,342,1761,16.26,83.74
484020052,813,1109,42.3,57.7
484020053,200,241,45.35,54.65
484020054,33,111,22.92,77.08
484020055,334,947,26.07,73.93
484020056,74,391,15.91,84.09
484020057,5947,8019,42.58,57.42
484020058,227,3207,6.61,93.39
484020059,9350,10640,46.77,53.23
484020060,128,827,13.4,86.6
484020061,223,431,34.1,65.9
484020062,106,106,50.0,50.0
484020063,944,1026,47.92,52.08
484020064,1222,2139,36.36,63.64
484020065,37,275,11.86,88.14
484020066,757,1068,41.48,58.52
484020067,75272,55028,57.77,42.23
484020068,5070,4359,53.77,46.23
484020069,132,546,19.47,80.53
484020070,602,1815,24.91,75.09
484020071,373,875,29.89,70.11
484020072,1560,1505,50.9,49.1
484020073,4061,7278,35.81,64.19
484020074,6,115,4.96,95.04
484020075,372,753,33.07,66.93
484020076,194,927,17.31,82.69
484020077,1056,1011,51.09,48.91
484020078,363,259,58.36,41.64
484020079,19300,13286,59.23,40.77
484020080,108,519,17.22,82.78
484020081,119,435,21.48,78.52
484020082,169,1091,13.41,86.59
484020083,3317,1684,66.33,33.67
484020084,1283,634,66.93,33.07
484020085,1256,4553,21.62,78.38
484020086,61,349,14.88,85.12
484020087,1180,1461,44.68,55.32
484020088,55,691,7.37,92.63
484020089,236,421,35.92,64.08
484020090,769,1450,34.66,65.34
484020091,1979,968,67.15,32.85
484020092,297,408,42.13,57.87
484020093,25,257,8.87,91.13
484020094,139,471,22.79,77.21
484020095,291,1216,19.31,80.69
484020096,109,199,35.39,64.61
484020097,38,622,5.76,94.24
484020098,180,1140,13.64,86.36
484020099,30,54,35.71,64.29
484020100,23,162,12.43,87.57
484020101,43,179,19.37,80.63
484020102,1105,1111,49.86,50.14
484020103,1075,2094,33.92,66.08
484020104,145,715,16.86,83.14
484020105,293,1326,18.1,81.9
484020106,19,78,19.59,80.41
484020107,7203,5006,59.0,41.0
484020108,122,495,19.77,80.23
484020109,1910,2695,41.48,58.52
484020110,62,649,8.72,91.28
484020111,172,807,17.57,82.43
484020112,259,425,37.87,62.13
484020113,303,767,28.32,71.68
484020114,40,203,16.46,83.54
484020115,2825,1995,58.61,41.39
484020116,104,766,11.95,88.05
484020117,154,529,22.55,77.45
484020118,269,651,29.24,70.76
484020119,47,374,11.16,88.84
484020120,15,34,30.61,69.39
484020121,35,271,11.44,88.56
484020122,21,213,8.97,91.03
484020123,150,688,17.9,82.1
484020124,3792,6083,38.4,61.6
484020125,324,2877,10.12,89.88
484020126,210,1925,9.84,90.16
484020127,65,287,18.47,81.53
484020128,156,328,32.23,67.77
484020129,50,112,30.86,69.14
484020130,260,1131,18.69,81.31
484020131,1376,2395,36.49,63.51
484020132,251,165,60.34,39.66
484020133,132,906,12.72,87.28
484020134,1003,6851,12.77,87.23
484020135,1377,1953,41.35,58.65
484020136,455,2922,13.47,86.53
484020137,54,690,7.26,92.74
484020138,38,137,21.71,78.29
484020139,47,417,10.13,89.87
484020140,74,187,28.35,71.65
484020141,716,2695,20.99,79.01
484020142,14,258,5.15,94.85
484020143,1372,2461,35.79,64.21
484020144,40,298,11.83,88.17
484020145,1499,917,62.04,37.96
484020146,294,429,40.66,59.34
484020147,11,142,7.19,92.81
484020148,63,582,9.77,90.23
484020149,223,482,31.63,68.37
484020150,3227,2232,59.11,40.89
484020151,4,116,3.33,96.67
484020152,75,485,13.39,86.61
484020153,809,1066,43.15,56.85
484020154,137,652,17.36,82.64
484020155,71,286,19.89,80.11
484020156,335,1008,24.94,75.06
484020157,5475,2858,65.7,34.3
484020158,97,260,27.17,72.83
484020159,332,1434,18.8,81.2
484020160,199,359,35.66,64.34
484020161,260,1042,19.97,80.03
484020162,346,380,47.66,52.34
484020163,82,438,15.77,84.23
484020164,170,517,24.75,75.25
484020165,74,442,14.34,85.66
484020166,1188,2538,31.88,68.12
484020167,144,636,18.46,81.54
484020168,80,309,20.57,79.43
484020169,82,979,7.73,92.27
484020170,151,580,20.66,79.34
484020171,482,5508,8.05,91.95
484020172,33,141,18.97,81.03
484020173,1347,761,63.9,36.1
484020174,48,343,12.28,87.72
484020175,256,765,25.07,74.93
484020176,1183,2444,32.62,67.38
484020177,1592,1273,55.57,44.43
484020178,95,436,17.89,82.11
484020179,196,500,28.16,71.84
484020180,34,129,20.86,79.14
484020181,49,550,8.18,91.82
484020182,110,441,19.96,80.04
484020183,31076,33168,48.37,51.63
484020184,839,1520,35.57,64.43
484020185,40,92,30.3,69.7
484020186,91,729,11.1,88.9
484020187,367,2859,11.38,88.62
484020188,26,646,3.87,96.13
484020189,1974,5428,26.67,73.33
484020190,34,121,21.94,78.06
484020191,273,366,42.72,57.28
484020192,614,577,51.55,48.45
484020193,106,457,18.83,81.17
484020194,46,228,16.79,83.21
484020195,28,83,25.23,74.77
484020196,602,721,45.5,54.5
484020197,1746,8812,16.54,83.46
484020198,28,118,19.18,80.82
484020199,190,987,16.14,83.86
484020200,32,659,4.63,95.37
484020201,426,1137,27.26,72.74
484020202,93,699,11.74,88.26
484020203,23,183,11.17,88.83
484020204,556,4171,11.76,88.24
484020205,230,723,24.13,75.87
484020206,807,5200,13.43,86.57
484020207,355,1969,15.28,84.72
484020208,6,98,5.77,94.23
484020209,65,928,6.55,93.45
484020210,80,922,7.98,92.02
484020211,39,745,4.97,95.03
484020212,184,751,19.68,80.32
484020213,87,354,19.73,80.27
484020214,80,199,28.67,71.33
484020215,31,414,6.97,93.03
484020216,118,1038,10.21,89.79
484020217,1,100,0.99,99.01
484020218,212,840,20.15,79.85
484020219,51,734,6.5,93.5
484020220,118,517,18.58,81.42
484020221,47,549,7.89,92.11
484020222,14,137,9.27,90.73
484020223,70,171,29.05,70.95
484020224,190,1485,11.34,88.66
484020225,326,777,29.56,70.44
484020226,5109,3532,59.13,40.87
484020227,8,231,3.35,96.65
484020228,165,863,16.05,83.95
484020229,61,149,29.05,70.95
484020230,103,663,13.45,86.55
484020231,1813,6023,23.14,76.86
484020232,153,496,23.57,76.43
484020233,124,2420,4.87,95.13
484020234,190,1007,15.87,84.13
484020235,54,351,13.33,86.67
484020236,207,295,41.24,58.76
484020237,125,329,27.53,72.47
484020238,67,325,17.09,82.91
484020239,58,315,15.55,84.45
484020240,79,267,22.83,77.17
484020241,155,1766,8.07,91.93
484020242,446,333,57.25,42.75
484020243,266,1280,17.21,82.79
484020244,66,289,18.59,81.41
484020245,27,130,17.2,82.8
484020246,368,329,52.8,47.2
484020247,1407,2855,33.01,66.99
484020248,226,958,19.09,80.91
484020249,132,382,25.68,74.32
484020250,60,288,17.24,82.76
484020251,136,718,15.93,84.07
484020252,89,635,12.29,87.71
484020253,407,691,37.07,62.93
484020254,65,300,17.81,82.19
484020255,35,79,30.7,69.3
484020256,26,374,6.5,93.5
484020257,29,222,11.55,88.45
484020258,86,601,12.52,87.48
484020259,133,394,25.24,74.76
484020260,383,1637,18.96,81.04
484020261,65,310,17.33,82.67
484020262,323,785,29.15,70.85
484020263,107,457,18.97,81.03
484020264,464,1996,18.86,81.14
484020265,1191,2183,35.3,64.7
484020266,22,46,32.35,67.65
484020267,189,364,34.18,65.82
484020268,533,1173,31.24,68.76
484020269,24,492,4.65,95.35
484020270,77,568,11.94,88.06
484020271,472,1005,31.96,68.04
484020272,146,802,15.4,84.6
484020273,26,436,5.63,94.37
484020274,219,2049,9.66,90.34
484020275,19,249,7.09,92.91
484020276,1035,3048,25.35,74.65
484020277,2665,9390,22.11,77.89
484020278,391,551,41.51,58.49
484020279,138,876,13.61,86.39
484020280,24,101,19.2,80.8
484020281,36,162,18.18,81.82
484020282,71,204,25.82,74.18
484020283,194,815,19.23,80.77
484020284,401,773,34.16,65.84
484020285,297,613,32.64,67.36
484020286,21,146,12.57,87.43
484020287,30,231,11.49,88.51
484020288,136,287,32.15,67.85
484020289,68,223,23.37,76.63
484020290,277,931,22.93,77.07
484020291,32,365,8.06,91.94
484020292,5800,2203,72.47,27.53
484020293,1668,1501,52.63,47.37
484020294,2120,2130,49.88,50.12
484020295,61,140,30.35,69.65
484020296,61,324,15.84,84.16
484020297,2017,4638,30.31,69.69
484020298,60,396,13.16,86.84
484020299,402,2007,16.69,83.31
484020300,205,457,30.97,69.03
484020301,104,889,10.47,89.53
484020302,51,393,11.49,88.51
484020303,43,230,15.75,84.25
484020304,941,862,52.19,47.81
484020305,371,1054,26.04,73.96
484020306,1277,2068,38.18,61.82
484020307,625,707,46.92,53.08
484020308,479,2133,18.34,81.66
484020309,3406,3025,52.96,47.04
484020310,10,64,13.51,86.49
484020311,453,2257,16.72,83.28
484020312,19,313,5.72,94.28
484020313,224,372,37.58,62.42
484020314,182,576,24.01,75.99
484020315,25,193,11.47,88.53
484020316,88,354,19.91,80.09
484020317,15312,8118,65.35,34.65
484020318,27,150,15.25,84.75
484020319,42,230,15.44,84.56
484020320,26,316,7.6,92.4
484020321,12,308,3.75,96.25
484020322,163,604,21.25,78.75
484020323,9918,8812,52.95,47.05
484020324,1105,2924,27.43,72.57
484020325,123,1193,9.35,90.65
484020326,2741,4225,39.35,60.65
484020327,69,482,12.52,87.48
484020328,19,358,5.04,94.96
484020329,243,1202,16.82,83.18
484020330,52,372,12.26,87.74
484020331,13,136,8.72,91.28
484020332,669,617,52.02,47.98
484020333,9108,11178,44.9,55.1
484020334,22,265,7.67,92.33
484020335,63,411,13.29,86.71
484020336,510,1602,24.15,75.85
484020337,2599,1795,59.15,40.85
484020338,737,1055,41.13,58.87
484020339,86,511,14.41,85.59
484020340,35,60,36.84,63.16
484020341,1250,820,60.39,39.61
484020342,322,614,34.4,65.6
484020343,135,701,16.15,83.85
484020344,307,1109,21.68,78.32
484020345,61,411,12.92,87.08
484020346,285,1224,18.89,81.11
484020347,838,2291,26.78,73.22
484020348,334,490,40.53,59.47
484020349,6346,2134,74.83,25.17
484020350,162,764,17.49,82.51
484020351,52,552,8.61,91.39
484020352,176,512,25.58,74.42
484020353,6,162,3.57,96.43
484020354,25,207,10.78,89.22
484020355,216,586,26.93,73.07
484020356,58,215,21.25,78.75
484020357,147,596,19.78,80.22
484020358,18,158,10.23,89.77
484020359,489,938,34.27,65.73
484020360,40,227,14.98,85.02
484020361,212,430,33.02,66.98
484020362,345,712,32.64,67.36
484020363,2878,4391,39.59,60.41
484020364,44,392,10.09,89.91
484020365,219,669,24.66,75.34
484020366,364,1377,20.91,79.09
484020367,322,455,41.44,58.56
484020368,432,491,46.8,53.2
484020369,49,155,24.02,75.98
484020370,51,288,15.04,84.96
484020371,41,291,12.35,87.65
484020372,14,120,10.45,89.55
484020373,57,516,9.95,90.05
484020374,4069,2084,66.13,33.87
484020375,26,97,21.14,78.86
484020376,513,2647,16.23,83.77
484020377,292,904,24.41,75.59
484020378,138,481,22.29,77.71
484020379,410,671,37.93,62.07
484020380,204,684,22.97,77.03
484020381,31,188,14.16,85.84
484020382,30,153,16.39,83.61
484020383,208,1501,12.17,87.83
484020384,28019,17309,61.81,38.19
484020385,660,2454,21.19,78.81
484020386,328,593,35.61,64.39
484020387,163,681,19.31,80.69
484020388,76,447,14.53,85.47
484020389,15520,8388,64.92,35.08
484020390,73,590,11.01,88.99
484020391,186,1469,11.24,88.76
484020392,669,961,41.04,58.96
484020393,192,787,19.61,80.39
484020394,99,595,14.27,85.73
484020395,50,1065,4.48,95.52
484020396,7270,8483,46.15,53.85
484020397,468,1395,25.12,74.88
484020398,11411,7979,58.85,41.15
484020399,830,1840,31.09,68.91
484020400,6593,4318,60.43,39.57
484020401,99,252,28.21,71.79
484020402,1025,691,59.73,40.27
484020403,72,244,22.78,77.22
484020404,163,365,30.87,69.13
484020405,538,5908,8.35,91.65
484020406,291,2857,9.24,90.76
484020407,48,201,19.28,80.72
484020408,2279,1867,54.97,45.03
484020409,103,987,9.45,90.55
484020410,196,264,42.61,57.39
484020411,160,815,16.41,83.59
484020412,16110,8635,65.1,34.9
484020413,1604,2943,35.28,64.72
484020414,284,1152,19.78,80.22
484020415,5,243,2.02,97.98
484020416,481,2307,17.25,82.75
484020417,2062,2813,42.3,57.7
484020418,61,157,27.98,72.02
484020419,138,293,32.02,67.98
484020420,837,1149,42.15,57.85
484020421,52,155,25.12,74.88
484020422,17,136,11.11,88.89
484020423,140,1094,11.35,88.65
484020424,55,681,7.47,92.53
484020425,290,2042,12.44,87.56
484020426,2825,4256,39.9,60.1
484020427,44,534,7.61,92.39
484020428,70,442,13.67,86.33
484020429,23,103,18.25,81.75
484020430,160,613,20.7,79.3
484020431,50,358,12.25,87.75
484020432,2705,3958,40.6,59.4
484020433,58,1014,5.41,94.59
484020434,283,769,26.9,73.1
484020435,13,359,3.49,96.51
484020436,1206,2005,37.56,62.44
484020437,88,401,18.0,82.0
484020438,3580,4075,46.77,53.23
484020439,42,193,17.87,82.13
484020440,1967,1706,53.55,46.45
484020441,4,70,5.41,94.59
484020442,30,71,29.7,70.3
484020443,29,157,15.59,84.41
484020444,173,556,23.73,76.27
484020445,186,1720,9.76,90.24
484020446,1394,4076,25.48,74.52
484020447,24,581,3.97,96.03
484020448,298,758,28.22,71.78
484020449,266,1071,19.9,80.1
484020450,22,303,6.77,93.23
484020451,306,1497,16.97,83.03
484020452,576,1009,36.34,63.66
484020453,309,1162,21.01,78.99
484020454,177,740,19.3,80.7
484020455,230,430,34.85,65.15
484020456,94,958,8.94,91.06
484020457,82,264,23.7,76.3
484020458,510,1123,31.23,68.77
484020459,192,1293,12.93,87.07
484020460,10,91,9.9,90.1
484020461,13,148,8.07,91.93
484020462,10,127,7.3,92.7
484020463,37,430,7.92,92.08
484020464,246,2496,8.97,91.03
484020465,2421,4855,33.27,66.73
484020466,309,3753,7.61,92.39
484020467,3165,7843,28.75,71.25
484020468,155,1329,10.44,89.56
484020469,14,170,7.61,92.39
484020470,557,846,39.7,60.3
484020471,40,272,12.82,87.18
484020472,301,795,27.46,72.54
484020473,1335,2397,35.77,64.23
484020474,33,113,22.6,77.4
484020475,43,325,11.68,88.32
484020476,47,319,12.84,87.16
484020477,7,68,9.33,90.67
484020478,59,443,11.75,88.25
484020479,62,823,7.01,92.99
484020480,10880,11867,47.83,52.17
484020481,2370,1979,54.5,45.5
484020482,328,1010,24.51,75.49
484020483,122,626,16.31,83.69
484020484,218,839,20.62,79.38
484020485,204,382,34.81,65.19
484020486,22,27,44.9,55.1
484020487,227,1240,15.47,84.53
484020488,26,756,3.32,96.68
484020489,85,999,7.84,92.16
484020490,166,766,17.81,82.19
484020491,72,181,28.46,71.54
484020492,157,1106,12.43,87.57
484020493,57,921,5.83,94.17
484020494,251,462,35.2,64.8
484020495,296,951,23.74,76.26
484020496,525,1902,21.63,78.37
484020497,300,494,37.78,62.22
484020498,387,2895,11.79,88.21
484020499,88,167,34.51,65.49
484020500,195,1318,12.89,87.11
484020501,25,156,13.81,86.19
484020502,111,443,20.04,79.96
484020503,1283,1693,43.11,56.89
484020504,51,252,16.83,83.17
484020505,270,834,24.46,75.54
484020506,310,325,48.82,51.18
484020507,703,1615,30.33,69.67
484020508,41,233,14.96,85.04
484020509,59,796,6.9,93.1
484020510,56,232,19.44,80.56
484020511,1082,2131,33.68,66.32
484020512,17,279,5.74,94.26
484020513,11432,15391,42.62,57.38
484020514,253,996,20.26,79.74
484020515,432,908,32.24,67.76
484020516,4,43,8.51,91.49
484020517,702,835,45.67,54.33
484020518,774,2098,26.95,73.05
484020519,9,89,9.18,90.82
484020520,56,427,11.59,88.41
484020521,212,424,33.33,66.67
484020522,7,103,6.36,93.64
484020523,1659,3849,30.12,69.88
484020524,131,372,26.04,73.96
484020525,40,239,14.34,85.66
484020526,77,419,15.52,84.48
484020527,487,1153,29.7,70.3
484020528,406,921,30.6,69.4
484020529,121,511,19.15,80.85
484020530,472,649,42.11,57.89
484020531,137,648,17.45,82.55
484020532,184,598,23.53,76.47
484020533,40,188,17.54,82.46
484020534,742,1527,32.7,67.3
484020535,78,217,26.44,73.56
484020536,1614,1344,54.56,45.44
484020537,1584,2056,43.52,56.48
484020538,36,641,5.32,94.68
484020539,68,283,19.37,80.63
484020540,515,1595,24.41,75.59
484020541,85,313,21.36,78.64
484020542,1264,2020,38.49,61.51
484020543,77,368,17.3,82.7
484020544,262,608,30.11,69.89
484020545,585,3194,15.48,84.52
484020546,1278,1598,44.44,55.56
484020547,7526,6618,53.21,46.79
484020548,13,167,7.22,92.78
484020549,3358,2247,59.91,40.09
484020550,245,1207,16.87,83.13
484020551,509,880,36.65,63.35
484020552,34,60,36.17,63.83
484020553,2415,2820,46.13,53.87
484020554,121,414,22.62,77.38
484020555,2046,5716,26.36,73.64
484020556,722,2205,24.67,75.33
484020557,285,816,25.89,74.11
484020558,164,557,22.75,77.25
484020559,97,226,30.03,69.97
484020560,32,453,6.6,93.4
484020561,10873,8702,55.55,44.45
484020562,81,770,9.52,90.48
484020563,128,898,12.48,87.52
484020564,182,466,28.09,71.91
484020565,45,386,10.44,89.56
484020566,4625,5029,47.91,52.09
484021001,10101,14325,41.35,58.65
484021002,1394,2299,37.75,62.25
484021003,4938,9325,34.62,65.38
484021004,9027,14416,38.51,61.49
484021005,108,1583,6.39,93.61
484021006,1790,3391,34.55,65.45
484021007,126,726,14.79,85.21
484021008,1453,2349,38.22,61.78
484021009,215,466,31.57,68.43
484021010,9088,19500,31.79,68.21
484021011,112,278,28.72,71.28
484021012,375,2081,15.27,84.73
484021013,3069,7476,29.1,70.9
484021014,167,1350,11.01,88.99
484021015,27668,22151,55.54,44.46
484021016,1027,2334,30.56,69.44
484021017,3065,7512,28.98,71.02
484021018,324,881,26.89,73.11
484021019,25293,35954,41.3,58.7
484021020,784,1933,28.86,71.14
484021021,188,393,32.36,67.64
484021022,612,3660,14.33,85.67
484021023,207,2886,6.69,93.31
484021024,145,226,39.08,60.92
484021025,932,2192,29.83,70.17
484021026,1378,4206,24.68,75.32
484021027,153,1615,8.65,91.35
484021028,74,846,8.04,91.96
484021029,281,1130,19.91,80.09
484021030,40,225,15.09,84.91
484021031,163,727,18.31,81.69
484021032,180,211,46.04,53.96
484021033,340,1726,16.46,83.54
484021034,9048,11296,44.48,55.52
484021035,1950,4783,28.96,71.04
484021036,289,3718,7.21,92.79
484021037,276,569,32.66,67.34
484021038,1653,2273,42.1,57.9
484021039,720,3157,18.57,81.43
484021040,2764,2260,55.02,44.98
484021041,42556,22732,65.18,34.82
484021042,132,543,19.56,80.44
484021043,3348,15288,17.97,82.03
484021044,2029,4074,33.25,66.75
484021045,5540,11661,32.21,67.79
484021046,1012,2394,29.71,70.29
484021047,3154,4365,41.95,58.05
484021048,3193,6735,32.16,67.84
484021049,851,6214,12.05,87.95
484021050,2485,6237,28.49,71.51
484021051,4334,8393,34.05,65.95
484021052,54,439,10.95,89.05
484021053,8709,15218,36.4,63.6
484021054,5681,10000,36.23,63.77
484021055,252,1117,18.41,81.59
484021056,170,267,38.9,61.1
484021057,470,1473,24.19,75.81
484021058,1537,4522,25.37,74.63
484021059,364,650,35.9,64.1
484021060,1015,2182,31.75,68.25
484021061,847,3910,17.81,82.19
484021062,485,1399,25.74,74.26
484021063,1023,3533,22.45,77.55
484021064,1610,4672,25.63,74.37
484021065,3290,5105,39.19,60.81
484021066,245,1433,14.6,85.4
484021067,2077,5298,28.16,71.84
484021068,204,2161,8.63,91.37
484021069,2575,8650,22.94,77.06
484021070,313,1760,15.1,84.9
484021071,15197,23403,39.37,60.63
484021072,776,5183,13.02,86.98
484021073,892,2161,29.22,70.78
484021074,14860,22505,39.77,60.23
484021075,1054,3596,22.67,77.33
484021076,2557,7940,24.36,75.64
484021077,211,1789,10.55,89.45
484021078,543,5188,9.47,90.53
484021079,835,1279,39.5,60.5
484021080,73,743,8.95,91.05
484021081,227,655,25.74,74.26
484021082,1142,2203,34.14,65.86
484021083,1324,6900,16.1,83.9
484021084,392,2089,15.8,84.2
484021085,11897,19502,37.89,62.11
484021086,1001,2879,25.8,74.2
484021087,587,3198,15.51,84.49
484021088,230,1420,13.94,86.06
484021089,661,3119,17.49,82.51
484021090,5489,3703,59.71,40.29
484021091,1662,2308,41.86,58.14
484021092,375,1250,23.08,76.92
484021093,193,2297,7.75,92.25
484021094,5190,8773,37.17,62.83
484021095,68,139,32.85,67.15
484021096,421,754,35.83,64.17
484021097,434,492,46.87,53.13
484021098,492,1613,23.37,76.63
484021099,1460,4492,24.53,75.47
484021100,310,4105,7.02,92.98
484021101,145,1001,12.65,87.35
484021102,2282,3491,39.53,60.47
484021103,828,1734,32.32,67.68
484021104,6573,4520,59.25,40.75
484021105,387,1407,21.57,78.43
484021106,8207,8246,49.88,50.12
484021107,432,3049,12.41,87.59
484021108,2709,4794,36.11,63.89
484021109,1963,6060,24.47,75.53
484021110,3734,14253,20.76,79.24
484021111,1153,4846,19.22,80.78
484021112,526,2196,19.32,80.68
484021113,525,1098,32.35,67.65
484021114,485934,265107,64.7,35.3
484021115,6160,14118,30.38,69.62
484021116,1263,5705,18.13,81.87
484021117,3248,2257,59.0,41.0
484021118,3315,7623,30.31,69.69
484021119,44192,24915,63.95,36.05
484021120,631,1496,29.67,70.33
484021121,87,337,20.52,79.48
484021122,1504,2818,34.8,65.2
484021123,160,1081,12.89,87.11
484021124,1723,4192,29.13,70.87
484021125,2366,1721,57.89,42.11
484021126,629,2202,22.22,77.78
484021127,225,1139,16.5,83.5
484021128,1650,1504,52.31,47.69
484021129,1133,4195,21.27,78.73
484021130,245,1105,18.15,81.85
484021131,59,289,16.95,83.05
484021132,31110,36070,46.31,53.69
484021133,71,172,29.22,70.78
484021134,2726,5746,32.18,67.82
484021135,21,199,9.55,90.45
484021136,2426,2062,54.06,45.94
484021137,1137,2626,30.22,69.78
484021138,1440,3329,30.2,69.8
484021139,324,996,24.55,75.45
484021140,34390,24235,58.66,41.34
484021141,315,1025,23.51,76.49
484021142,3767,8147,31.62,68.38
484021143,7324,7165,50.55,49.45
484021144,2527,4311,36.96,63.04
484021145,312,4141,7.01,92.99
484021146,50,226,18.12,81.88
484021147,501,1850,21.31,78.69
484021148,1269,3575,26.2,73.8
484021149,4751,8361,36.23,63.77
484021150,505,1437,26.0,74.0
484021151,1231,2457,33.38,66.62
484021152,1401,2610,34.93,65.07
484021153,3813,4925,43.64,56.36
484021154,15398,17852,46.31,53.69
484021155,981,1313,42.76,57.24
484021156,67872,78024,46.52,53.48
484021157,1700,2361,41.86,58.14
484021158,403,2012,16.69,83.31
484021159,135,1078,11.13,88.87
484021160,294,681,30.15,69.85
484021161,3228,5500,36.98,63.02
484021162,94,1208,7.22,92.78
484021163,3915,2958,56.96,43.04
484021164,10882,21177,33.94,66.06
484021165,51,223,18.61,81.39
484021166,905,2325,28.02,71.98
484021167,561,2458,18.58,81.42
484021168,863,1299,39.92,60.08
484021169,2744,6052,31.2,68.8
484021170,1895,4081,31.71,68.29
484021171,741,920,44.61,55.39
484021172,2357,7568,23.75,76.25
484021173,1225,1503,44.9,55.1
484021174,21595,24041,47.32,52.68
484021175,1112,5082,17.95,82.05
484021176,1387,2475,35.91,64.09
484021177,6359,13547,31.95,68.05
484021178,702,4708,12.98,87.02
484021179,2280,8731,20.71,79.29
484021180,5938,9113,39.45,60.55
484021181,1145,1560,42.33,57.67
484021182,516,1504,25.54,74.46
484021183,812,6908,10.52,89.48
484021184,225,2151,9.47,90.53
484021185,889,3039,22.63,77.37
484021186,6413,14740,30.32,69.68
484021187,265,1770,13.02,86.98
484021188,936,6228,13.07,86.93
484021189,3507,4876,41.83,58.17
484021190,66,320,17.1,82.9
484021191,1553,2864,35.16,64.84
484021192,355,2260,13.58,86.42
484021193,725,1331,35.26,64.74
484021194,3396,6735,33.52,66.48
484021195,1269,6642,16.04,83.96
484021196,162,332,32.79,67.21
484021197,11382,20693,35.49,64.51
484021198,91,194,31.93,68.07
484021199,5619,12513,30.99,69.01
484021200,176,1022,14.69,85.31
484021201,201,843,19.25,80.75
484021202,633,4599,12.1,87.9
484021203,527,2097,20.08,79.92
484021204,1155,1967,37.0,63.0
484021205,3614,5730,38.68,61.32
484021206,373,1125,24.9,75.1
484021207,5844,17291,25.26,74.74
484021208,13789,18974,42.09,57.91
484021209,1054,2827,27.16,72.84
484021210,331,1687,16.4,83.6
484021211,2796,4139,40.32,59.68
484021212,1416,4627,23.43,76.57
484021213,798,3326,19.35,80.65
484021214,2477,6206,28.53,71.47
484021215,150,1560,8.77,91.23
484021216,115,869,11.69,88.31
484021217,649,5762,10.12,89.88
484022001,12861,12773,50.17,49.83
484022002,2797,3887,41.85,58.15
484022003,2322,1547,60.02,39.98
484022004,14971,9870,60.27,39.73
484022005,20492,6924,74.74,25.26
484022006,77868,22670,77.45,22.55
484022007,11611,7505,60.74,39.26
484022008,7538,3989,65.39,34.61
484022009,5866,4397,57.16,42.84
484022010,1674,2790,37.5,62.5
484022011,82078,23923,77.43,22.57
484022012,24066,8948,72.9,27.1
484022013,2991,2724,52.34,47.66
484022014,344316,136675,71.58,28.42
484022015,1264,1195,51.4,48.6
484022016,89274,40811,68.63,31.37
484022017,18353,14223,56.34,43.66
484022018,5937,4022,59.61,40.39
484023001,592064,259493,69.53,30.47
484024001,2398,3615,39.88,60.12
484024002,545,1492,26.76,73.24
484024003,2628,10793,19.58,80.42
484024004,656,592,52.56,47.44
484024005,3376,3578,48.55,51.45
484024006,743,2194,25.3,74.7
484024007,3854,3231,54.4,45.6
484024008,4213,4210,50.02,49.98
484024009,1491,696,68.18,31.82
484024010,7586,8922,45.95,54.05
484024011,10428,10201,50.55,49.45
484024012,1754,5454,24.33,75.67
484024013,42375,32478,56.61,43.39
484024014,1122,4171,21.2,78.8
484024015,3660,4451,45.12,54.88
484024016,12474,15989,43.83,56.17
484024017,1968,4780,29.16,70.84
484024018,1511,3875,28.05,71.95
484024019,442,962,31.48,68.52
484024020,23753,19299,55.17,44.83
484024021,12608,7865,61.58,38.42
484024022,2215,3361,39.72,60.28
484024023,2192,2766,44.21,55.79
484024024,22720,15883,58.86,41.14
484024025,3638,6409,36.21,63.79
484024026,429,2459,14.85,85.15
484024027,1734,2183,44.27,55.73
484024028,323132,88913,78.42,21.58
484024029,703,5913,10.63,89.37
484024030,589,803,42.31,57.69
484024031,653,1227,34.73,65.27
484024032,8467,5294,61.53,38.47
484024033,430,1303,24.81,75.19
484024034,1542,4031,27.67,72.33
484024035,114494,39970,74.12,25.88
484024036,3566,7105,33.42,66.58
484024037,13719,26537,34.08,65.92
484024038,989,4175,19.15,80.85
484024039,1092,3865,22.03,77.97
484024040,858,5072,14.47,85.53
484024041,1380,3736,26.97,73.03
484024042,1149,1458,44.07,55.93
484024043,1053,1277,45.19,54.81
484024044,2087,3735,35.85,64.15
484024045,3880,3716,51.08,48.92
484024046,653,2150,23.3,76.7
484024047,1112,894,55.43,44.57
484024048,2435,5505,30.67,69.33
484024049,13628,5389,71.66,28.34
484024050,5928,4895,54.77,45.23
484024051,1175,1980,37.24,62.76
484024052,2462,8962,21.55,78.45
484024053,4669,8984,34.2,65.8
484024054,7137,2843,71.51,28.49
484025001,115570,73770,61.04,38.96
484025002,10704,5224,67.2,32.8
484025003,2599,2972,46.65,53.35
484025004,5882,3294,64.1,35.9
484025005,2495,2234,52.76,47.24
484025006,376875,105736,78.09,21.91
484025007,3797,3926,49.16,50.84
484025008,14093,5054,73.6,26.4
484025009,18332,8179,69.15,30.85
484025010,19255,13498,58.79,41.21
484025011,75957,32646,69.94,30.06
484025012,169160,54268,75.71,24.29
484025013,29138,17518,62.45,37.55
484025014,15541,5928,72.39,27.61
484025015,3619,2687,57.39,42.61
484025016,11417,13208,46.36,53.64
484026001,708,269,72.47,27.53
484026002,31267,6860,82.01,17.99
484026003,4323,4149,51.03,48.97
484026004,2972,704,80.85,19.15
484026005,280,153,64.67,35.33
484026006,757,327,69.83,30.17
484026007,138,61,69.35,30.65
484026008,142,182,43.83,56.17
484026009,162,100,61.83,38.17
484026010,240,223,51.84,48.16
484026011,339,170,66.6,33.4
484026012,5161,3524,59.42,40.58
484026013,563,182,75.57,24.43
484026014,668,341,66.2,33.8
484026015,197,150,56.77,43.23
484026016,1209,427,73.9,26.1
484026017,31769,5911,84.31,15.69
484026018,129157,54744,70.23,29.77
484026019,12719,2755,82.2,17.8
484026020,1572,421,78.88,21.12
484026021,591,181,76.55,23.45
484026022,232,92,71.6,28.4
484026023,1578,436,78.35,21.65
484026024,170,116,59.44,40.56
484026025,14372,4810,74.92,25.08
484026026,12877,17602,42.25,57.75
484026027,2166,695,75.71,24.29
484026028,268,154,63.51,36.49
484026029,48435,18339,72.54,27.46
484026030,336275,80568,80.67,19.33
484026031,247,203,54.89,45.11
484026032,245,109,69.21,30.79
484026033,15482,12773,54.79,45.21
484026034,213,91,70.07,29.93
484026035,3428,1342,71.87,28.13
484026036,11174,3060,78.5,21.5
484026037,350,81,81.21,18.79
484026038,1492,481,75.62,24.38
484026039,1389,412,77.12,22.88
484026040,205,255,44.57,55.43
484026041,4684,854,84.58,15.42
484026042,42262,23057,64.7,35.3
484026043,98341,13075,88.26,11.74
484026044,97,54,64.24,35.76
484026045,541,455,54.32,45.68
484026046,151,57,72.6,27.4
484026047,2711,1053,72.02,27.98
484026048,24106,8418,74.12,25.88
484026049,482,545,46.93,53.07
484026050,390,156,71.43,28.57
484026051,909,671,57.53,42.47
484026052,1075,656,62.1,37.9
484026053,89,55,61.81,38.19
484026054,145,39,78.8,21.2
484026055,65169,11794,84.68,15.32
484026056,4160,657,86.36,13.64
484026057,318,221,59.0,41.0
484026058,4185,1899,68.79,31.21
484026059,494,145,77.31,22.69
484026060,406,357,53.21,46.79
484026061,389,196,66.5,33.5
484026062,315,144,68.63,31.37
484026063,171,191,47.24,52.76
484026064,412,131,75.87,24.13
484026065,313,204,60.54,39.46
484026066,2360,1285,64.75,35.25
484026067,324,131,71.21,28.79
484026068,306,194,61.2,38.8
484026069,565,584,49.17,50.83
484027001,6793,15110,31.01,68.99
484027002,42498,42311,50.11,49.89
484027003,10300,23194,30.75,69.25
484027004,182047,104747,63.48,36.52
484027005,35265,44121,44.42,55.58
484027006,25462,28646,47.06,52.94
484027007,5795,7071,45.04,54.96
484027008,29072,34277,45.89,54.11
484027009,4674,8613,35.18,64.82
484027010,15753,14497,52.08,47.92
484027011,3250,7915,29.11,70.89
484027012,21400,25406,45.72,54.28
484027013,36969,22598,62.06,37.94
484027014,19932,15078,56.93,43.07
484027015,5264,10362,33.69,66.31
484027016,11841,11828,50.03,49.97
484027017,11107,14234,43.83,56.17
484028001,1253,1948,39.14,60.86
484028002,5287,4747,52.69,47.31
484028003,76261,38833,66.26,33.74
484028004,1231,2053,37.48,62.52
484028005,641,822,43.81,56.19
484028006,305,2113,12.61,87.39
484028007,4242,1399,75.2,24.8
484028008,503,708,41.54,58.46
484028009,57944,24478,70.3,29.7
484028010,288,301,48.9,51.1
484028011,1282,1903,40.25,59.75
484028012,6559,8951,42.29,57.71
484028013,2082,3418,37.85,62.15
484028014,1085,224,82.89,17.11
484028015,283070,87336,76.42,23.58
484028016,1534,4268,26.44,73.56
484028017,2212,3148,41.27,58.73
484028018,748,1080,40.92,59.08
484028019,1822,3787,32.48,67.52
484028020,179,496,26.52,73.48
484028021,18654,24326,43.4,56.6
484028022,182877,46319,79.79,20.21
484028023,579,797,42.08,57.92
484028024,1849,774,70.49,29.51
484028025,7675,2448,75.82,24.18
484028026,183,938,16.32,83.68
484028027,140894,35554,79.85,20.15
484028028,739,583,55.9,44.1
484028029,1677,2807,37.4,62.6
484028030,1827,2647,40.84,59.16
484028031,154,446,25.67,74.33
484028032,328,1625,16.79,83.21
484028033,11128,6407,63.46,36.54
484028034,14,119,10.53,89.47
484028035,3958,4089,49.19,50.81
484028036,80316,45353,63.91,36.09
484028037,3219,6346,33.65,66.35
484028038,16334,8236,66.48,33.52
484028039,103259,51405,66.76,33.24
484028040,562,1171,32.43,67.57
484028041,4262,4165,50.58,49.42
484029001,2430,2335,51.0,49.0
484029002,3898,3166,55.18,44.82
484029003,1221,1393,46.71,53.29
484029004,1676,5345,23.87,76.13
484029005,18379,16705,52.39,47.61
484029006,9555,10649,47.29,52.71
484029007,2550,3588,41.54,58.46
484029008,2120,3410,38.34,61.66
484029009,999,1316,43.15,56.85
484029010,20311,27755,42.26,57.74
484029011,698,829,45.71,54.29
484029012,1124,1856,37.72,62.28
484029013,16665,22339,42.73,57.27
484029014,1927,3721,34.12,65.88
484029015,8104,10894,42.66,57.34
484029016,1257,2185,36.52,63.48
484029017,1600,3194,33.38,66.62
484029018,6369,11006,36.66,63.34
484029019,3993,5249,43.2,56.8
484029020,2414,2942,45.07,54.93
484029021,2667,4582,36.79,63.21
484029022,1944,3838,33.62,66.38
484029023,4826,7697,38.54,61.46
484029024,6017,5505,52.22,47.78
484029025,20622,12738,61.82,38.18
484029026,5417,5319,50.46,49.54
484029027,2120,2241,48.61,51.39
484029028,4156,5375,43.61,56.39
484029029,2803,5660,33.12,66.88
484029030,7241,7292,49.82,50.18
484029031,4525,5614,44.63,55.37
484029032,26156,18981,57.95,42.05
484029033,5706,11633,32.91,67.09
484029034,1030,1346,43.35,56.65
484029035,5387,4965,52.04,47.96
484029036,911,2357,27.88,72.12
484029037,4730,5059,48.32,51.68
484029038,4178,4379,48.83,51.17
484029039,1851,2930,38.72,61.28
484029040,5932,7747,43.37,56.63
484029041,2956,2545,53.74,46.26
484029042,8473,8326,50.44,49.56
484029043,10316,13761,42.85,57.15
484030001,1225,2788,30.53,69.47
484030002,180,1119,13.86,86.14
484030003,11430,20287,36.04,63.96
484030004,7058,9413,42.85,57.15
484030005,543,1539,26.08,73.92
484030006,2384,4958,32.47,67.53
484030007,736,1835,28.63,71.37
484030008,834,3106,21.17,78.83
484030009,4180,6312,39.84,60.16
484030010,6939,15242,31.28,68.72
484030011,12439,9552,56.56,43.44
484030012,1095,1960,35.84,64.16
484030013,3627,6461,35.95,64.05
484030014,7338,10741,40.59,59.41
484030015,3869,9574,28.78,71.22
484030016,6644,5750,53.61,46.39
484030017,659,1195,35.54,64.46
484030018,42,605,6.49,93.51
484030019,340,1214,21.88,78.12
484030020,399,3547,10.11,89.89
484030021,3570,5604,38.91,61.09
484030022,2285,6660,25.54,74.46
484030023,4341,14358,23.22,76.78
484030024,1209,5032,19.37,80.63
484030025,745,6727,9.97,90.03
484030026,6834,4706,59.22,40.78
484030027,757,3507,17.75,82.25
484030028,41312,18874,68.64,31.36
484030029,616,3776,14.03,85.97
484030030,6383,9527,40.12,59.88
484030031,1575,4882,24.39,75.61
484030032,4582,12647,26.59,73.41
484030033,2308,6322,26.74,73.26
484030034,3566,11000,24.48,75.52
484030035,702,3204,17.97,82.03
484030036,1232,3202,27.79,72.21
484030037,258,1794,12.57,87.43
484030038,20944,20533,50.5,49.5
484030039,85229,63304,57.38,42.62
484030040,12033,9031,57.13,42.87
484030041,209,617,25.3,74.7
484030042,443,1623,21.44,78.56
484030043,1315,5738,18.64,81.36
484030044,43605,42497,50.64,49.36
484030045,21416,24883,46.26,53.74
484030046,1321,5932,18.21,81.79
484030047,6706,13871,32.59,67.41
484030048,26461,24669,51.75,48.25
484030049,3994,5391,42.56,57.44
484030050,955,4196,18.54,81.46
484030051,1806,6226,22.49,77.51
484030052,1594,2727,36.89,63.11
484030053,5338,5491,49.29,50.71
484030054,1330,2533,34.43,65.57
484030055,1188,3460,25.56,74.44
484030056,402,1437,21.86,78.14
484030057,508,4027,11.2,88.8
484030058,3409,15001,18.52,81.48
484030059,3612,4437,44.88,55.12
484030060,1650,3950,29.46,70.54
484030061,43944,60430,42.1,57.9
484030062,3130,5235,37.42,62.58
484030063,1281,3560,26.46,73.54
484030064,213,904,19.07,80.93
484030065,25035,15425,61.88,38.12
484030066,2148,6634,24.46,75.54
484030067,1012,4148,19.61,80.39
484030068,13740,14052,49.44,50.56
484030069,3449,6445,34.86,65.14
484030070,8634,21132,29.01,70.99
484030071,2088,4858,30.06,69.94
484030072,2853,11498,19.88,80.12
484030073,1158,1795,39.21,60.79
484030074,2050,3906,34.42,65.58
484030075,374,2573,12.69,87.31
484030076,8967,16430,35.31,64.69
484030077,837,3604,18.85,81.15
484030078,747,3765,16.56,83.44
484030079,1864,7501,19.9,80.1
484030080,4795,5965,44.56,55.44
484030081,8079,6593,55.06,44.94
484030082,2594,13595,16.02,83.98
484030083,642,1598,28.66,71.34
484030084,14301,16614,46.26,53.74
484030085,4032,13123,23.5,76.5
484030086,128800,90600,58.71,41.29
484030087,447,1868,19.31,80.69
484030088,6207,8695,41.65,58.35
484030089,2069,2105,49.57,50.43
484030090,6297,10512,37.46,62.54
484030091,2677,4053,39.78,60.22
484030092,7892,15842,33.25,66.75
484030093,919,4635,16.55,83.45
484030094,68,497,12.04,87.96
484030095,3191,3736,46.07,53.93
484030096,386,848,31.28,68.72
484030097,1563,5249,22.94,77.06
484030098,4028,4635,46.5,53.5
484030099,4266,8143,34.38,65.62
484030100,29052,29509,49.61,50.39
484030101,502,2233,18.35,81.65
484030102,2689,16487,14.02,85.98
484030103,28080,14274,66.3,33.7
484030104,249,1374,15.34,84.66
484030105,142,793,15.19,84.81
484030106,10984,15737,41.11,58.89
484030107,614,2947,17.24,82.76
484030108,2618,2331,52.9,47.1
484030109,2624,6608,28.42,71.58
484030110,467,1182,28.32,71.68
484030111,1518,2332,39.43,60.57
484030112,4904,9811,33.33,66.67
484030113,2675,4255,38.6,61.4
484030114,2342,6073,27.83,72.17
484030115,25531,25107,50.42,49.58
484030116,723,1749,29.25,70.75
484030117,1805,2457,42.35,57.65
484030118,3444,5688,37.71,62.29
484030119,1347,5768,18.93,81.07
484030120,18660,18751,49.88,50.12
484030121,21485,40708,34.55,65.45
484030122,4073,7329,35.72,64.28
484030123,6408,5684,52.99,47.01
484030124,1171,8070,12.67,87.33
484030125,10000,16871,37.21,62.79
484030126,1926,4407,30.41,69.59
484030127,3477,13840,20.08,79.92
484030128,46215,29476,61.06,38.94
484030129,2185,4941,30.66,69.34
484030130,13256,8616,60.61,39.39
484030131,3267,5154,38.8,61.2
484030132,3311,6651,33.24,66.76
484030133,1522,1756,46.43,53.57
484030134,302,1754,14.69,85.31
484030135,8508,7506,53.13,46.87
484030136,715,1349,34.64,65.36
484030137,258,1032,20.0,80.0
484030138,15146,35333,30.0,70.0
484030139,5117,13727,27.15,72.85
484030140,3338,8740,27.64,72.36
484030141,2681,4146,39.27,60.73
484030142,345,1384,19.95,80.05
484030143,400,6284,5.98,94.02
484030144,4175,6147,40.45,59.55
484030145,1201,3243,27.03,72.97
484030146,1922,6307,23.36,76.64
484030147,1862,2469,42.99,57.01
484030148,340,1726,16.46,83.54
484030149,751,3225,18.89,81.11
484030150,8308,27534,23.18,76.82
484030151,425,1758,19.47,80.53
484030152,2009,4710,29.9,70.1
484030153,3465,6632,34.32,65.68
484030154,2479,5021,33.05,66.95
484030155,20303,23357,46.5,53.5
484030156,5831,12841,31.23,68.77
484030157,251,2459,9.26,90.74
484030158,150,1685,8.17,91.83
484030159,2300,4959,31.68,68.32
484030160,648,3215,16.77,83.23
484030161,503,2819,15.14,84.86
484030162,1092,4742,18.72,81.28
484030163,294,2052,12.53,87.47
484030164,322,1532,17.37,82.63
484030165,1871,5117,26.77,73.23
484030166,7305,31562,18.79,81.21
484030167,17845,21157,45.75,54.25
484030168,13674,20773,39.7,60.3
484030169,425,1280,24.93,75.07
484030170,912,3192,22.22,77.78
484030171,1893,3476,35.26,64.74
484030172,246,1649,12.98,87.02
484030173,402,2539,13.67,86.33
484030174,7508,7521,49.96,50.04
484030175,3601,4893,42.39,57.61
484030176,8781,16804,34.32,65.68
484030177,352,1872,15.83,84.17
484030178,681,1535,30.73,69.27
484030179,942,2263,29.39,70.61
484030180,377,1663,18.48,81.52
484030181,1063,5633,15.88,84.12
484030182,32310,29428,52.33,47.67
484030183,244,428,36.31,63.69
484030184,6154,5063,54.86,45.14
484030185,3158,4332,42.16,57.84
484030186,167394,99689,62.67,37.33
484030187,1281,3126,29.07,70.93
484030188,269,1380,16.31,83.69
484030189,2895,4322,40.11,59.89
484030190,647,3473,15.7,84.3
484030191,478,1722,21.73,78.27
484030192,2054,2597,44.16,55.84
484030193,924,4044,18.6,81.4
484030194,376,2671,12.34,87.66
484030195,654,4069,13.85,86.15
484031001,1473,1149,56.18,43.82
484031002,4635,2929,61.28,38.72
484031003,1076,4196,20.41,79.59
484031004,1297,1651,44.0,56.0
484031005,384,594,39.26,60.74
484031006,1196,2602,31.49,68.51
484031007,1427,1826,43.87,56.13
484031008,312,1217,20.41,79.59
484031009,718,1126,38.94,61.06
484031010,385,582,39.81,60.19
484031011,1139,1827,38.4,61.6
484031012,312,1051,22.89,77.11
484031013,4833,2813,63.21,36.79
484031014,273,358,43.26,56.74
484031015,1270,1285,49.71,50.29
484031016,259,685,27.44,72.56
484031017,265,1568,14.46,85.54
484031018,446,845,34.55,65.45
484031019,4278,8770,32.79,67.21
484031020,1162,754,60.65,39.35
484031021,708,2636,21.17,78.83
484031022,255,1457,14.89,85.11
484031023,1293,1058,55.0,45.0
484031024,441,938,31.98,68.02
484031025,522,1957,21.06,78.94
484031026,753,755,49.93,50.07
484031027,1433,2082,40.77,59.23
484031028,322,742,30.26,69.74
484031029,867,1330,39.46,60.54
484031030,409,1329,23.53,76.47
484031031,241,712,25.29,74.71
484031032,1599,5254,23.33,76.67
484031033,3336,5476,37.86,62.14
484031034,1333,1463,47.68,52.32
484031035,991,1434,40.87,59.13
484031036,1371,2041,40.18,59.82
484031037,983,1429,40.75,59.25
484031038,6735,8385,44.54,55.46
484031039,1035,989,51.14,48.86
484031040,5277,7856,40.18,59.82
484031041,43596,23515,64.96,35.04
484031042,781,1294,37.64,62.36
484031043,278,899,23.62,76.38
484031044,1474,1497,49.61,50.39
484031045,570,587,49.27,50.73
484031046,375,978,27.72,72.28
484031047,504,2067,19.6,80.4
484031048,5748,4739,54.81,45.19
484031049,512,1132,31.14,68.86
484031050,310920,147604,67.81,32.19
484031051,899,536,62.65,37.35
484031052,8855,8502,51.02,48.98
484031053,2320,3162,42.32,57.68
484031054,581,686,45.86,54.14
484031055,1318,1947,40.37,59.63
484031056,3643,9563,27.59,72.41
484031057,790,2458,24.32,75.68
484031058,2894,6897,29.56,70.44
484031059,16802,11758,58.83,41.17
484031060,132,289,31.35,68.65
484031061,530,1138,31.77,68.23
484031062,976,1037,48.48,51.52
484031063,1110,1277,46.5,53.5
484031064,329,317,50.93,49.07
484031065,310,534,36.73,63.27
484031066,441,1259,25.94,74.06
484031067,2692,1907,58.53,41.47
484031068,377,861,30.45,69.55
484031069,1373,1935,41.51,58.49
484031070,534,1212,30.58,69.42
484031071,212,646,24.71,75.29
484031072,355,461,43.5,56.5
484031073,341,1771,16.15,83.85
484031074,731,869,45.69,54.31
484031075,1101,1728,38.92,61.08
484031076,3970,4064,49.41,50.59
484031077,309,731,29.71,70.29
484031078,658,839,43.95,56.05
484031079,5611,10860,34.07,65.93
484031080,1607,3377,32.24,67.76
484031081,304,872,25.85,74.15
484031082,619,895,40.89,59.11
484031083,360,546,39.74,60.26
484031084,983,1729,36.25,63.75
484031085,1866,5562,25.12,74.88
484031086,271,493,35.47,64.53
484031087,1048,1210,46.41,53.59
484031088,276,331,45.47,54.53
484031089,6733,9657,41.08,58.92
484031090,1827,1506,54.82,45.18
484031091,1457,3075,32.15,67.85
484031092,620,2333,21.0,79.0
484031093,4503,4199,51.75,48.25
484031094,524,1253,29.49,70.51
484031095,1491,1229,54.82,45.18
484031096,11714,20666,36.18,63.82
484031097,343,1200,22.23,77.77
484031098,1424,4634,23.51,76.49
484031099,496,1264,28.18,71.82
484031100,1035,954,52.04,47.96
484031101,19817,12388,61.53,38.47
484031102,16962,18777,47.46,52.54
484031103,699,607,53.52,46.48
484031104,1664,4717,26.08,73.92
484031105,672,775,46.44,53.56
484031106,302,662,31.33,68.67
484032001,1123,920,54.97,45.03
484032002,757,943,44.53,55.47
484032003,386,358,51.88,48.12
484032004,2209,2023,52.2,47.8
484032005,13292,6678,66.56,33.44
484032006,1089,1624,40.14,59.86
484032007,2966,1896,61.0,39.0
484032008,2412,1728,58.26,41.74
484032009,1301,1230,51.4,48.6
484032010,60148,30494,66.36,33.64
484032011,717,380,65.36,34.64
484032012,1207,1157,51.06,48.94
484032013,1732,3423,33.6,66.4
484032014,160,379,29.68,70.32
484032015,2875,3471,45.3,54.7
484032016,66138,33804,66.18,33.82
484032017,698,823,45.89,54.11
484032018,5772,3699,60.94,39.06
484032019,12629,12040,51.19,48.81
484032020,371,821,31.12,68.88
484032021,3349,4050,45.26,54.74
484032022,2634,1770,59.81,40.19
484032023,11322,7822,59.14,40.86
484032024,2288,1991,53.47,46.53
484032025,2149,2689,44.42,55.58
484032026,365,558,39.54,60.46
484032027,336,256,56.76,43.24
484032028,4151,3463,54.52,45.48
484032029,443,480,48.0,52.0
484032030,1439,1727,45.45,54.55
484032031,3347,1727,65.96,34.04
484032032,808,695,53.76,46.24
484032033,5874,5268,52.72,47.28
484032034,1816,2646,40.7,59.3
484032035,7469,6774,52.44,47.56
484032036,3309,2032,61.95,38.05
484032037,8327,11400,42.21,57.79
484032038,13144,10546,55.48,44.52
484032039,1963,4775,29.13,70.87
484032040,12576,9243,57.64,42.36
484032041,171,270,38.78,61.22
484032042,3285,2483,56.95,43.05
484032043,1364,1376,49.78,50.22
484032044,714,1035,40.82,59.18
484032045,5857,5101,53.45,46.55
484032046,4184,5385,43.72,56.28
484032047,2137,921,69.88,30.12
484032048,4981,3794,56.76,43.24
484032049,4178,2053,67.05,32.95
484032050,1627,2178,42.76,57.24
484032051,1544,3860,28.57,71.43
484032052,5445,6075,47.27,52.73
484032053,43138,21540,66.7,33.3
