GEOLEV2,INT_NO_HH,INT_YES_HH,INT_UK_HH,INT_NO_PCT,INT_YES_PCT,INT_UK_PCT
484001001,308715,716114,0,30.12,69.88,0.0
484001002,31428,19835,28,61.27,38.67,0.05
484001003,28697,29458,0,49.35,50.65,0.0
484001004,11707,5245,0,69.06,30.94,0.0
484001005,49519,80295,36,38.14,61.84,0.03
484001006,50172,54461,0,47.95,52.05,0.0
484001007,6686,2826,10,70.22,29.68,0.11
484001008,12074,10365,0,53.81,46.19,0.0
484002001,188795,365235,168,34.07,65.9,0.03
484002002,258327,779070,149,24.9,75.09,0.01
484002004,519524,1613094,584,24.35,75.62,0.03
484003001,244155,545055,536,30.92,69.02,0.07
484004001,39942,19087,9,67.65,32.33,0.02
484004003,362662,434660,15482,44.62,53.48,1.9
484004004,21940,9974,0,68.75,31.25,0.0
484004005,6107,2473,33,70.9,28.71,0.38
484004006,8741,2680,9,76.47,23.45,0.08
484005001,899,122,0,88.05,11.95,0.0
484005002,81053,81597,0,49.83,50.17,0.0
484005003,11819,11192,0,51.36,48.64,0.0
484005004,19494,9984,0,66.13,33.87,0.0
484005005,1374,268,0,83.68,16.32,0.0
484005006,18570,10472,25,63.89,36.03,0.09
484005007,9013,3684,0,70.99,29.01,0.0
484005008,2184,858,0,71.79,28.21,0.0
484005009,37519,21476,18,63.58,36.39,0.03
484005010,33536,48792,0,40.73,59.27,0.0
484005011,9908,1923,9,83.68,16.24,0.08
484005012,1283,347,0,78.71,21.29,0.0
484005013,1413,322,0,81.44,18.56,0.0
484005014,7066,2281,0,75.6,24.4,0.0
484005015,1368,216,0,86.36,13.64,0.0
484005016,1577,187,0,89.4,10.6,0.0
484005017,74180,43420,119,63.01,36.88,0.1
484005018,80445,157077,72,33.86,66.11,0.03
484005019,2955,4918,0,37.53,62.47,0.0
484005020,33583,37935,10,46.95,53.04,0.01
484005021,5052,1486,0,77.27,22.73,0.0
484005022,15252,17779,25,46.14,53.78,0.08
484005023,6313,3183,10,66.41,33.48,0.11
484005024,29460,14802,0,66.56,33.44,0.0
484005025,51739,122875,0,29.63,70.37,0.0
484005026,2405,814,0,74.71,25.29,0.0
484005027,46024,74850,0,38.08,61.92,0.0
484005028,26943,37811,0,41.61,58.39,0.0
484005029,2157,314,0,87.29,12.71,0.0
484005030,254497,622160,658,29.01,70.92,0.08
484005031,15437,9280,0,62.45,37.55,0.0
484005032,16029,26075,108,37.97,61.77,0.26
484005033,61376,39355,0,60.93,39.07,0.0
484005034,4488,2035,0,68.8,31.2,0.0
484005035,249981,467792,150,34.82,65.16,0.02
484005036,17297,2805,12,85.99,13.95,0.06
484005037,4391,1794,0,70.99,29.01,0.0
484005038,7448,5627,12,56.91,43.0,0.09
484006001,86874,130301,15,40.0,59.99,0.01
484006002,42171,112120,48,27.32,72.65,0.03
484006003,11971,9560,24,55.54,44.35,0.11
484006004,9433,11308,0,45.48,54.52,0.0
484006005,12085,18950,15,38.92,61.03,0.05
484006006,2796,2807,0,49.9,50.1,0.0
484006007,7231,2962,0,70.94,29.06,0.0
484006008,63716,51590,0,55.26,44.74,0.0
484006009,27160,122513,0,18.15,81.85,0.0
484007001,16660,1295,0,92.79,7.21,0.0
484007002,100301,43060,0,69.96,30.04,0.0
484007003,23221,3392,0,87.25,12.75,0.0
484007004,31399,4597,0,87.23,12.77,0.0
484007005,23011,1410,0,94.23,5.77,0.0
484007006,28823,2826,0,91.07,8.93,0.0
484007007,11187,88,0,99.22,0.78,0.0
484007008,34468,5249,0,86.78,13.22,0.0
484007009,30437,10489,0,74.37,25.63,0.0
484007010,6433,947,0,87.17,12.83,0.0
484007011,18240,1897,0,90.58,9.42,0.0
484007012,42055,22397,0,65.25,34.75,0.0
484007013,30119,6822,0,81.53,18.47,0.0
484007014,22736,1475,22,93.82,6.09,0.09
484007015,41999,7891,0,84.18,15.82,0.0
484007016,15881,1537,0,91.18,8.82,0.0
484007017,66296,20161,0,76.68,23.32,0.0
484007018,9251,595,0,93.96,6.04,0.0
484007019,122758,42150,0,74.44,25.56,0.0
484007020,46371,3241,0,93.47,6.53,0.0
484007021,18862,3222,0,85.41,14.59,0.0
484007022,21664,222,0,98.99,1.01,0.0
484007023,100124,1602,16,98.41,1.57,0.02
484007024,13580,39,2,99.7,0.29,0.01
484007025,6592,771,0,89.53,10.47,0.0
484007026,55036,679,6,98.77,1.22,0.01
484007028,6033,119,0,98.07,1.93,0.0
484007029,4275,1123,0,79.2,20.8,0.0
484007030,32235,4374,0,88.05,11.95,0.0
484007031,132670,4104,0,97.0,3.0,0.0
484007032,24043,6777,0,78.01,21.99,0.0
484007033,6836,379,0,94.75,5.25,0.0
484007034,70631,10137,0,87.45,12.55,0.0
484007035,12869,1495,0,89.59,10.41,0.0
484007036,7003,679,0,91.16,8.84,0.0
484007037,30013,6278,0,82.7,17.3,0.0
484007038,22752,163,0,99.29,0.71,0.0
484007039,27013,809,0,97.09,2.91,0.0
484007040,37747,14629,12,72.05,27.92,0.02
484007041,44756,1500,24,96.71,3.24,0.05
484007042,10075,1228,0,89.14,10.86,0.0
484007043,9371,1533,0,85.94,14.06,0.0
484007044,27935,977,16,96.57,3.38,0.06
484007045,5622,550,0,91.09,8.91,0.0
484007046,28860,11984,0,70.66,29.34,0.0
484007047,23171,1641,35,93.25,6.6,0.14
484007048,18924,2823,0,87.02,12.98,0.0
484007049,34994,981,3,97.26,2.73,0.01
484007050,4618,590,0,88.67,11.33,0.0
484007051,40009,5926,0,87.1,12.9,0.0
484007052,147672,7638,4,95.08,4.92,0.0
484007053,7297,583,0,92.6,7.4,0.0
484007054,25770,2326,0,91.72,8.28,0.0
484007055,5181,700,0,88.1,11.9,0.0
484007056,13571,36,0,99.74,0.26,0.0
484007057,37769,38404,0,49.58,50.42,0.0
484007058,4647,76,2,98.35,1.61,0.04
484007059,294654,11823,25,96.13,3.86,0.01
484007060,13092,899,0,93.57,6.43,0.0
484007061,109583,32426,0,77.17,22.83,0.0
484007062,15836,2577,8,85.97,13.99,0.04
484007063,3580,397,0,90.02,9.98,0.0
484007064,53834,933,4,98.29,1.7,0.01
484007065,115808,15707,0,88.06,11.94,0.0
484007066,26088,128,26,99.41,0.49,0.1
484007067,11462,677,0,94.42,5.58,0.0
484007068,23569,8132,0,74.35,25.65,0.0
484007069,40332,10637,0,79.13,20.87,0.0
484007070,11727,527,0,95.7,4.3,0.0
484007071,26893,2156,0,92.58,7.42,0.0
484007072,57531,4581,8,92.61,7.37,0.01
484007074,33788,10948,12,75.51,24.47,0.03
484007075,27393,1324,0,95.39,4.61,0.0
484007076,29655,199,0,99.33,0.67,0.0
484007077,59385,4203,0,93.39,6.61,0.0
484007078,129162,85638,0,60.13,39.87,0.0
484007079,23847,17870,0,57.16,42.84,0.0
484007080,28876,1245,11648,69.13,2.98,27.89
484007081,56970,1584,0,97.29,2.71,0.0
484007082,14908,499,0,96.76,3.24,0.0
484007083,15974,3098,20,83.67,16.23,0.1
484007084,7072,1410,0,83.38,16.62,0.0
484007085,8872,2010,0,81.53,18.47,0.0
484007086,17718,7831,0,69.35,30.65,0.0
484007087,35498,5765,0,86.03,13.97,0.0
484007088,1560,748,0,67.59,32.41,0.0
484007089,203485,145366,32,58.32,41.67,0.01
484007090,4196,243,0,94.53,5.47,0.0
484007093,47475,618,5,98.7,1.28,0.01
484007094,47179,2170,77,95.45,4.39,0.16
484007095,80469,2753,0,96.69,3.31,0.0
484007096,60237,31342,24,65.76,34.22,0.03
484007097,6347,857,0,88.1,11.9,0.0
484007098,73732,8922,0,89.21,10.79,0.0
484007099,33799,3905,6,89.63,10.36,0.02
484007100,214771,384265,246,35.84,64.12,0.04
484007101,35524,5463,0,86.67,13.33,0.0
484007102,25304,4925,0,83.71,16.29,0.0
484007103,14940,1591,0,90.38,9.62,0.0
484007104,12619,3242,0,79.56,20.44,0.0
484007105,64817,2273,6,96.6,3.39,0.01
484007106,69569,11458,9,85.85,14.14,0.01
484007107,88633,20421,0,81.27,18.73,0.0
484007108,38176,1892,0,95.28,4.72,0.0
484007109,7366,162,0,97.85,2.15,0.0
484007110,42389,2519,7,94.38,5.61,0.02
484008001,9256,5292,0,63.62,36.38,0.0
484008002,14967,10995,0,57.65,42.35,0.0
484008003,4673,3814,0,55.06,44.94,0.0
484008004,13319,8041,12,62.32,37.62,0.06
484008005,16068,9973,0,61.7,38.3,0.0
484008006,2232,3552,9,38.53,61.32,0.16
484008007,68859,7915,66,89.61,10.3,0.09
484008008,20082,2884,0,87.44,12.56,0.0
484008009,20421,4710,0,81.26,18.74,0.0
484008010,23725,25647,0,48.05,51.95,0.0
484008011,6793,1279,0,84.16,15.84,0.0
484008012,7352,4376,0,62.69,37.31,0.0
484008013,1584,450,0,77.88,22.12,0.0
484008014,1006,224,0,81.79,18.21,0.0
484008015,1917,1776,1,51.89,48.08,0.03
484008016,82241,96714,136,45.92,54.0,0.08
484008017,3730,1357,8,73.21,26.63,0.16
484008018,217100,717069,70,23.24,76.75,0.01
484008019,5539,646,0,89.56,10.44,0.0
484008020,56225,93578,80,37.51,62.43,0.05
484008021,1316,1136,0,53.67,46.33,0.0
484008022,4452,2188,0,67.05,32.95,0.0
484008023,2220,1562,0,58.7,41.3,0.0
484008024,5689,1311,0,81.27,18.73,0.0
484008025,959,1457,0,39.69,60.31,0.0
484008026,2712,1466,0,64.91,35.09,0.0
484008027,46985,3225,48,93.49,6.42,0.1
484008028,7512,681,0,91.69,8.31,0.0
484008029,24274,11012,0,68.79,31.21,0.0
484008030,48440,67392,63,41.8,58.15,0.05
484008031,632,194,0,76.51,23.49,0.0
484008032,1740,3448,0,33.54,66.46,0.0
484008033,9367,1552,0,85.79,14.21,0.0
484008034,19298,21410,0,47.41,52.59,0.0
484008035,478725,1025548,0,31.82,68.18,0.0
484008036,3531,1447,2,70.9,29.06,0.04
484008037,1592,2391,0,39.97,60.03,0.0
484008038,20399,4656,0,81.42,18.58,0.0
484008039,1273,19,2,98.38,1.47,0.15
484008040,1051,127,0,89.22,10.78,0.0
484008041,2441,300,0,89.06,10.94,0.0
484008042,3013,1250,0,70.68,29.32,0.0
484008043,20047,24557,29,44.92,55.02,0.06
484008044,6832,279,0,96.08,3.92,0.0
484008045,4333,95,0,97.85,2.15,0.0
484008046,12478,10080,0,55.32,44.68,0.0
484008047,2354,391,0,85.76,14.24,0.0
484008048,25993,39427,13,39.72,60.26,0.02
484008049,7753,346,8,95.63,4.27,0.1
484008050,9638,14819,30,39.36,60.52,0.12
484008051,2981,2108,0,58.58,41.42,0.0
484008052,4896,2764,6,63.87,36.06,0.08
484008053,8460,8216,0,50.73,49.27,0.0
484008054,1211,867,0,58.28,41.72,0.0
484008055,1660,507,2,76.53,23.37,0.09
484008056,1701,985,0,63.33,36.67,0.0
484008057,2818,2172,6,56.41,43.47,0.12
484008058,6493,5073,0,56.14,43.86,0.0
484008059,3249,158,0,95.36,4.64,0.0
484008060,15357,14360,0,51.68,48.32,0.0
484008061,4928,374,12,92.74,7.04,0.23
484008062,752,691,6,51.9,47.69,0.41
484008063,16253,684,0,95.96,4.04,0.0
484008064,6471,34,0,99.48,0.52,0.0
484008065,3840,916,0,80.74,19.26,0.0
484009001,905406,4485600,1695,16.79,83.18,0.03
484009002,563533,1686893,240,25.04,74.95,0.01
484009003,52163,194371,70,21.15,78.82,0.03
484009004,72237,80370,0,47.34,52.66,0.0
484009005,106421,282823,42,27.34,72.65,0.01
484009006,161853,532477,0,23.31,76.69,0.0
484010001,39476,19455,20,66.96,33.0,0.03
484010002,2868,1411,12,66.84,32.88,0.28
484010003,2539,1536,3,62.26,37.67,0.07
484010004,22246,12527,0,63.97,36.03,0.0
484010005,251623,431252,160,36.84,63.14,0.02
484010006,7940,2082,0,79.23,20.77,0.0
484010007,181074,189147,23,48.91,51.09,0.01
484010008,18591,17713,0,51.21,48.79,0.0
484010009,8488,1322,0,86.52,13.48,0.0
484010010,2878,932,3,75.48,24.44,0.08
484010011,3969,753,6,83.95,15.93,0.13
484010012,65321,97855,0,40.03,59.97,0.0
484010013,18721,8200,0,69.54,30.46,0.0
484010014,45610,1088,438,96.76,2.31,0.93
484010015,10551,2333,0,81.89,18.11,0.0
484010016,12908,6110,0,67.87,32.13,0.0
484010017,5587,2279,0,71.03,28.97,0.0
484010018,4783,5561,0,46.24,53.76,0.0
484010019,4169,750,0,84.75,15.25,0.0
484010020,9304,3337,0,73.6,26.4,0.0
484010021,9243,1861,0,83.24,16.76,0.0
484010022,16537,8984,0,64.8,35.2,0.0
484010023,39704,11203,0,77.99,22.01,0.0
484010024,9557,3198,4,74.9,25.06,0.03
484010025,2229,605,0,78.65,21.35,0.0
484010026,14506,2652,16,84.46,15.44,0.09
484010027,4747,495,0,90.56,9.44,0.0
484010028,9442,2560,0,78.67,21.33,0.0
484010029,1389,711,0,66.14,33.86,0.0
484010030,1483,137,0,91.54,8.46,0.0
484010031,4274,2449,0,63.57,36.43,0.0
484010032,28017,20250,0,58.05,41.95,0.0
484010033,5882,1035,0,85.04,14.96,0.0
484010034,18520,7565,0,71.0,29.0,0.0
484010035,10014,1212,0,89.2,10.8,0.0
484010036,17627,3484,0,83.5,16.5,0.0
484010037,4329,4848,0,47.17,52.83,0.0
484010038,14029,9347,4,60.0,39.98,0.02
484011001,55528,36406,0,60.4,39.6,0.0
484011002,72387,35803,63,66.87,33.07,0.06
484011003,97624,75286,0,56.46,43.54,0.0
484011004,35241,27611,15,56.06,43.92,0.02
484011005,52861,64685,2,44.97,55.03,0.0
484011006,3161,2169,0,59.31,40.69,0.0
484011007,215341,304182,54,41.45,58.54,0.01
484011008,25377,15845,0,61.56,38.44,0.0
484011009,51241,29774,0,63.25,36.75,0.0
484011010,8481,2556,0,76.84,23.16,0.0
484011011,51103,46748,0,52.23,47.77,0.0
484011012,19571,11106,38,63.72,36.16,0.12
484011013,17629,9715,0,64.47,35.53,0.0
484011014,77515,84165,0,47.94,52.06,0.0
484011015,75463,117999,132,38.98,60.95,0.07
484011016,13369,7745,12,63.28,36.66,0.06
484011017,230506,353442,112,39.47,60.51,0.02
484011018,27815,10863,0,71.91,28.09,0.0
484011019,33546,15894,11,67.84,32.14,0.02
484011020,674894,1037576,837,39.39,60.56,0.05
484011021,21264,25923,0,45.06,54.94,0.0
484011022,18717,6014,0,75.68,24.32,0.0
484011023,108476,46023,0,70.21,29.79,0.0
484011024,6427,5934,0,51.99,48.01,0.0
484011025,52966,30705,0,63.3,36.7,0.0
484011026,40099,25435,10,61.18,38.81,0.02
484011027,109094,163230,462,39.99,59.84,0.17
484011028,45821,47933,8,48.87,51.12,0.01
484011029,29880,11147,0,72.83,27.17,0.0
484011030,86651,32530,343,72.5,27.22,0.29
484011031,74267,56235,11,56.9,43.09,0.01
484011032,58269,31205,0,65.12,34.88,0.0
484011033,82410,45757,24,64.29,35.69,0.02
484011034,3995,1665,0,70.58,29.42,0.0
484011035,52354,28445,0,64.8,35.2,0.0
484011036,3382,3322,0,50.45,49.55,0.0
484011037,98619,104391,0,48.58,51.42,0.0
484011038,7000,4286,12,61.96,37.94,0.11
484011039,23693,12152,0,66.1,33.9,0.0
484011040,14326,5634,0,71.77,28.23,0.0
484011041,34173,27232,0,55.65,44.35,0.0
484011042,96755,51743,30,65.14,34.84,0.02
484011043,13032,8102,16,61.62,38.31,0.08
484011044,34377,31102,0,52.5,47.5,0.0
484011045,5040,6062,0,45.4,54.6,0.0
484011046,42541,26148,0,61.93,38.07,0.0
484012001,355293,418542,48,45.91,54.08,0.01
484012002,22973,1975,0,92.08,7.92,0.0
484012003,31884,5190,0,86.0,14.0,0.0
484012004,18653,2414,0,88.54,11.46,0.0
484012005,5897,1803,0,76.58,23.42,0.0
484012006,9339,1773,0,84.04,15.96,0.0
484012007,22225,10725,12,67.43,32.54,0.04
484012008,8020,1129,0,87.66,12.34,0.0
484012009,5456,235,0,95.87,4.13,0.0
484012010,26344,2061,0,92.74,7.26,0.0
484012011,43728,16815,42,72.18,27.75,0.07
484012012,60352,8408,0,87.77,12.23,0.0
484012013,29957,6822,22,81.4,18.54,0.06
484012014,10151,4981,2,67.07,32.91,0.01
484012015,9438,3523,0,72.82,27.18,0.0
484012016,10318,2087,0,83.18,16.82,0.0
484012017,11635,3944,0,74.68,25.32,0.0
484012018,11958,2392,0,83.33,16.67,0.0
484012019,12445,3053,0,80.3,19.7,0.0
484012020,20203,1150,0,94.61,5.39,0.0
484012021,56755,15956,0,78.06,21.94,0.0
484012022,28301,9905,142,73.8,25.83,0.37
484012023,22007,4545,5,82.87,17.11,0.02
484012024,7304,496,0,93.64,6.36,0.0
484012025,16628,383,0,97.75,2.25,0.0
484012026,7231,1038,0,87.45,12.55,0.0
484012027,16776,3713,0,81.88,18.12,0.0
484012028,115516,25857,0,81.71,18.29,0.0
484012029,120417,158764,0,43.13,56.87,0.0
484012030,18675,3473,0,84.32,15.68,0.0
484012031,5930,325,0,94.8,5.2,0.0
484012032,32675,4263,0,88.46,11.54,0.0
484012033,12531,4873,0,72.0,28.0,0.0
484012034,28367,8036,0,77.92,22.08,0.0
484012035,77860,74265,0,51.18,48.82,0.0
484012036,10541,1195,0,89.82,10.18,0.0
484012037,4854,1283,0,79.09,20.91,0.0
484012038,77559,74238,0,51.09,48.91,0.0
484012039,21094,4913,0,81.11,18.89,0.0
484012040,23963,2349,0,91.07,8.93,0.0
484012041,38501,2244,0,94.49,5.51,0.0
484012042,15055,3514,0,81.08,18.92,0.0
484012043,35474,4195,3,89.42,10.57,0.01
484012044,7916,4467,0,63.93,36.07,0.0
484012045,23095,5097,0,81.92,18.08,0.0
484012046,54657,13168,0,80.59,19.41,0.0
484012047,6691,387,0,94.53,5.47,0.0
484012048,25486,18828,12,57.5,42.48,0.03
484012049,9855,2891,0,77.32,22.68,0.0
484012050,22189,15995,0,58.11,41.89,0.0
484012051,33209,2888,0,92.0,8.0,0.0
484012052,42728,3099,0,93.24,6.76,0.0
484012053,41776,8310,0,83.41,16.59,0.0
484012054,21883,2221,3,90.77,9.21,0.01
484012055,65845,39481,0,62.52,37.48,0.0
484012056,43635,2404,0,94.78,5.22,0.0
484012057,49495,15271,8,76.41,23.58,0.01
484012058,34413,19369,0,63.99,36.01,0.0
484012059,25696,5025,0,83.64,16.36,0.0
484012060,11822,1716,0,87.32,12.68,0.0
484012061,25183,17538,0,58.95,41.05,0.0
484012062,20281,2272,0,89.93,10.07,0.0
484012063,8872,1081,0,89.14,10.86,0.0
484012064,9535,2147,0,81.62,18.38,0.0
484012065,6582,997,8,86.75,13.14,0.11
484012066,59695,34620,0,63.29,36.71,0.0
484012067,16719,5315,0,75.88,24.12,0.0
484012068,11044,836,5,92.92,7.03,0.04
484012069,6854,1006,0,87.2,12.8,0.0
484012070,27896,1736,8,94.12,5.86,0.03
484012071,49228,2154,4,95.8,4.19,0.01
484012072,13559,3557,0,79.22,20.78,0.0
484012073,20247,1678,0,92.35,7.65,0.0
484012074,31703,21289,14,59.81,40.16,0.03
484013001,15254,6954,0,68.69,31.31,0.0
484013002,41683,4281,6,90.67,9.31,0.01
484013003,30715,30057,14,50.53,49.45,0.02
484013004,9095,1212,0,88.24,11.76,0.0
484013005,8927,9871,0,47.49,52.51,0.0
484013006,16293,2832,0,85.19,14.81,0.0
484013007,9127,3395,0,72.89,27.11,0.0
484013008,21887,24625,14,47.04,52.93,0.03
484013009,13767,6032,0,69.53,30.47,0.0
484013010,14197,17203,0,45.21,54.79,0.0
484013011,18116,1667,0,91.57,8.43,0.0
484013012,24063,6019,0,79.99,20.01,0.0
484013013,33604,28816,0,53.84,46.16,0.0
484013014,14552,1527,0,90.5,9.5,0.0
484013015,13761,5464,0,71.58,28.42,0.0
484013016,42784,17573,24,70.86,29.1,0.04
484013017,10194,2763,0,78.68,21.32,0.0
484013018,18376,4481,0,80.4,19.6,0.0
484013019,27708,14648,28,65.37,34.56,0.07
484013020,2213,380,0,85.35,14.65,0.0
484013021,8836,6273,4,58.47,41.51,0.03
484013022,9960,6288,3,61.29,38.69,0.02
484013023,21685,14346,36,60.12,39.78,0.1
484013024,12597,4890,20,71.95,27.93,0.11
484013025,18398,2244,0,89.13,10.87,0.0
484013026,12337,424,3,96.65,3.32,0.02
484013027,20572,2061,0,90.89,9.11,0.0
484013028,101562,25051,15,80.21,19.78,0.01
484013029,30733,16413,0,65.19,34.81,0.0
484013030,62047,35741,0,63.45,36.55,0.0
484013031,8896,3315,0,72.85,27.15,0.0
484013032,9540,705,0,93.12,6.88,0.0
484013033,2100,793,0,72.59,27.41,0.0
484013034,9133,337,0,96.44,3.56,0.0
484013035,9169,3888,0,70.22,29.78,0.0
484013036,7716,1720,0,81.77,18.23,0.0
484013037,14646,6296,0,69.94,30.06,0.0
484013038,5856,2985,12,66.15,33.72,0.14
484013039,7649,6647,0,53.5,46.5,0.0
484013040,8715,1103,0,88.77,11.23,0.0
484013041,24983,22106,0,53.05,46.95,0.0
484013042,9860,1529,6,86.53,13.42,0.05
484013043,4545,1619,2,73.71,26.26,0.03
484013044,13850,3063,24,81.77,18.08,0.14
484013045,7224,2070,0,77.73,22.27,0.0
484013046,35603,2866,0,92.55,7.45,0.0
484013047,2873,1908,0,60.09,39.91,0.0
484013048,98378,213246,0,31.57,68.43,0.0
484013049,16306,2372,0,87.3,12.7,0.0
484013050,52834,148386,0,26.26,73.74,0.0
484013051,23331,15306,0,60.39,39.61,0.0
484013052,14070,3528,0,79.95,20.05,0.0
484013053,23764,12923,0,64.77,35.23,0.0
484013054,13537,4780,0,73.9,26.1,0.0
484013055,20255,19217,27,51.28,48.65,0.07
484013056,11966,3165,0,79.08,20.92,0.0
484013057,13281,4077,0,76.51,23.49,0.0
484013058,31822,6027,0,84.08,15.92,0.0
484013059,13664,3600,0,79.15,20.85,0.0
484013060,24633,31596,0,43.81,56.19,0.0
484013061,29982,1112,26,96.34,3.57,0.08
484013062,54218,36180,0,59.98,40.02,0.0
484013063,8174,2639,0,75.59,24.41,0.0
484013064,17576,13243,12,57.01,42.95,0.04
484013065,5307,7709,0,40.77,59.23,0.0
484013066,39909,15030,27,72.61,27.34,0.05
484013067,13790,530,0,96.3,3.7,0.0
484013068,80290,87719,15,47.78,52.21,0.01
484013069,8063,965,0,89.31,10.69,0.0
484013070,5635,5472,0,50.73,49.27,0.0
484013071,35555,2129,0,94.35,5.65,0.0
484013072,20052,8538,32,70.06,29.83,0.11
484013073,14166,7045,9,66.76,33.2,0.04
484013074,57814,56622,0,50.52,49.48,0.0
484013075,72204,94543,0,43.3,56.7,0.0
484013076,17907,313,0,98.28,1.72,0.0
484013077,6294,721,0,89.72,10.28,0.0
484013078,23623,975,0,96.04,3.96,0.0
484013079,27171,10802,48,71.46,28.41,0.13
484013080,11209,10197,0,52.36,47.64,0.0
484013081,27862,29755,0,48.36,51.64,0.0
484013082,25306,14260,0,63.96,36.04,0.0
484014001,11865,11199,0,51.44,48.56,0.0
484014002,11144,12406,0,47.32,52.68,0.0
484014003,12462,10866,0,53.42,46.58,0.0
484014004,3745,1969,0,65.54,34.46,0.0
484014005,8723,7685,6,53.14,46.82,0.04
484014006,25739,34226,0,42.92,57.08,0.0
484014007,5456,3962,0,57.93,42.07,0.0
484014008,46460,52130,0,47.12,52.88,0.0
484014009,10118,10921,75,47.92,51.72,0.36
484014010,4616,3147,0,59.46,40.54,0.0
484014011,4349,1248,0,77.7,22.3,0.0
484014012,3141,1031,0,75.29,24.71,0.0
484014013,31800,31806,0,50.0,50.0,0.0
484014014,5011,3627,2,58.0,41.98,0.02
484014015,23574,40882,0,36.57,63.43,0.0
484014016,22649,18762,0,54.69,45.31,0.0
484014017,8199,4644,9,63.8,36.13,0.07
484014018,31128,36667,0,45.91,54.09,0.0
484014019,5295,1477,0,78.19,21.81,0.0
484014020,8088,2765,0,74.52,25.48,0.0
484014021,11165,9351,0,54.42,45.58,0.0
484014022,19619,19837,0,49.72,50.28,0.0
484014023,32111,81338,32,28.3,71.68,0.03
484014024,13943,15233,0,47.79,52.21,0.0
484014025,7728,11824,0,39.53,60.47,0.0
484014026,2198,4121,2,34.77,65.2,0.03
484014027,14339,3974,0,78.3,21.7,0.0
484014028,1486,680,0,68.61,31.39,0.0
484014029,11833,5967,0,66.48,33.52,0.0
484014030,21670,33108,0,39.56,60.44,0.0
484014031,2578,682,0,79.08,20.92,0.0
484014032,5484,490,0,91.8,8.2,0.0
484014033,11322,9799,0,53.61,46.39,0.0
484014034,1228,715,8,62.94,36.65,0.41
484014035,28759,24236,0,54.27,45.73,0.0
484014036,10684,9238,0,53.63,46.37,0.0
484014037,12870,12989,0,49.77,50.23,0.0
484014038,2689,1503,0,64.15,35.85,0.0
484014039,265227,1112887,292,19.24,80.74,0.02
484014040,6955,1759,6,79.76,20.17,0.07
484014041,3658,2253,0,61.88,38.12,0.0
484014042,8149,1774,0,82.12,17.88,0.0
484014043,12734,10447,0,54.93,45.07,0.0
484014044,31588,36157,0,46.63,53.37,0.0
484014045,12759,7639,0,62.55,37.45,0.0
484014046,14337,18153,16,44.11,55.85,0.05
484014047,11586,12896,0,47.32,52.68,0.0
484014048,11726,7192,0,61.98,38.02,0.0
484014049,4864,3871,2,55.67,44.31,0.02
484014050,25346,21217,0,54.43,45.57,0.0
484014051,19017,11784,0,61.74,38.26,0.0
484014052,3920,1598,0,71.04,28.96,0.0
484014053,80144,91870,0,46.59,53.41,0.0
484014054,2387,2964,0,44.61,55.39,0.0
484014055,11324,10435,0,52.04,47.96,0.0
484014056,1479,332,0,81.67,18.33,0.0
484014057,1490,2596,5,36.42,63.46,0.12
484014058,7675,6707,0,53.37,46.63,0.0
484014059,5307,8485,0,38.48,61.52,0.0
484014060,3664,1633,0,69.17,30.83,0.0
484014061,19683,1246,8,94.01,5.95,0.04
484014062,2611,1009,0,72.13,27.87,0.0
484014063,36154,69697,39,34.14,65.82,0.04
484014064,23406,10141,0,69.77,30.23,0.0
484014065,6670,4661,0,58.87,41.13,0.0
484014066,34093,19286,0,63.87,36.13,0.0
484014067,86649,203333,96,29.87,70.1,0.03
484014068,6362,4910,10,56.39,43.52,0.09
484014069,6014,1693,0,78.03,21.97,0.0
484014070,122718,97023,0,55.85,44.15,0.0
484014071,2561,346,0,88.1,11.9,0.0
484014072,4067,3517,0,53.63,46.37,0.0
484014073,30567,41248,66,42.52,57.38,0.09
484014074,8453,8256,9,50.56,49.38,0.05
484014075,2375,1358,8,63.49,36.3,0.21
484014076,2413,664,0,78.42,21.58,0.0
484014077,16708,11282,0,59.69,40.31,0.0
484014078,15583,16329,0,48.83,51.17,0.0
484014079,10462,5891,0,63.98,36.02,0.0
484014080,3433,1653,0,67.5,32.5,0.0
484014081,2225,1277,6,63.43,36.4,0.17
484014082,16615,20178,0,45.16,54.84,0.0
484014083,29267,58229,0,33.45,66.55,0.0
484014084,8900,6010,0,59.69,40.31,0.0
484014085,15149,23251,0,39.45,60.55,0.0
484014086,14113,6856,0,67.3,32.7,0.0
484014087,8722,7806,0,52.77,47.23,0.0
484014088,10850,5687,0,65.61,34.39,0.0
484014089,2412,1642,0,59.5,40.5,0.0
484014090,4356,2924,0,59.84,40.16,0.0
484014091,14347,25404,0,36.09,63.91,0.0
484014092,6525,4409,9,59.63,40.29,0.08
484014093,48532,100963,66,32.45,67.51,0.04
484014094,19661,24461,36,44.52,55.39,0.08
484014095,3815,5822,0,39.59,60.41,0.0
484014096,10532,12033,0,46.67,53.33,0.0
484014097,245232,480587,721,33.75,66.15,0.1
484014098,190161,495392,40,27.74,72.26,0.01
484014099,6788,3533,0,65.77,34.23,0.0
484014100,23985,12212,0,66.26,33.74,0.0
484014101,193065,375443,557,33.93,65.98,0.1
484014102,3340,2621,0,56.03,43.97,0.0
484014103,4477,3046,0,59.51,40.49,0.0
484014104,2379,1762,6,57.37,42.49,0.14
484014105,15507,7913,0,66.21,33.79,0.0
484014106,3017,1565,0,65.84,34.16,0.0
484014107,3580,3102,0,53.58,46.42,0.0
484014108,16671,20634,0,44.69,55.31,0.0
484014109,9799,9195,0,51.59,48.41,0.0
484014110,6074,7712,0,44.06,55.94,0.0
484014111,3095,3523,0,46.77,53.23,0.0
484014112,2593,3506,0,42.52,57.48,0.0
484014113,10598,4675,0,69.39,30.61,0.0
484014114,9724,8871,0,52.29,47.71,0.0
484014115,2972,2525,0,54.07,45.93,0.0
484014116,5071,14932,0,25.35,74.65,0.0
484014117,2893,1490,0,66.01,33.99,0.0
484014118,12293,9999,0,55.15,44.85,0.0
484014119,16773,13165,0,56.03,43.97,0.0
484014120,301861,1167927,494,20.53,79.44,0.03
484014121,11945,20946,0,36.32,63.68,0.0
484014122,5308,2140,0,71.27,28.73,0.0
484014123,13810,5460,0,71.67,28.33,0.0
484014124,35622,29117,0,55.02,44.98,0.0
484015001,54648,13094,65,80.59,19.31,0.1
484015002,58377,105992,296,35.45,64.37,0.18
484015003,42789,6124,0,87.48,12.52,0.0
484015004,11423,3883,0,74.63,25.37,0.0
484015005,131878,38129,0,77.57,22.43,0.0
484015006,5056,7628,0,39.86,60.14,0.0
484015007,19200,4400,0,81.36,18.64,0.0
484015008,19933,5292,16,78.97,20.97,0.06
484015009,30712,22632,0,57.57,42.43,0.0
484015010,18414,13458,0,57.77,42.23,0.0
484015011,1368650,3047247,5860,30.95,68.91,0.13
484015012,5235,7712,0,40.43,59.57,0.0
484015013,130742,390981,490,25.04,74.87,0.09
484015014,73272,35695,0,67.24,32.76,0.0
484015015,23006,8737,0,72.48,27.52,0.0
484015016,17476,11479,33,60.29,39.6,0.11
484015017,5563,4316,0,56.31,43.69,0.0
484015018,32180,36139,0,47.1,52.9,0.0
484015019,14689,21979,35,40.02,59.88,0.1
484015020,58332,234267,86,19.93,80.04,0.03
484015021,31003,7593,19,80.29,19.66,0.05
484015022,6844,8199,6,45.48,54.48,0.04
484015023,21885,18903,0,53.66,46.34,0.0
484015024,359787,987446,1302,26.68,73.22,0.1
484015025,317290,467918,532,40.38,59.55,0.07
484015026,24706,6842,16,78.27,21.68,0.05
484015027,5000,7755,0,39.2,60.8,0.0
484015028,14651,15171,20,49.1,50.84,0.07
484015029,74125,125524,466,37.04,62.73,0.23
484015030,11177,16295,0,40.69,59.31,0.0
484015031,33223,3575,124,89.98,9.68,0.34
484015032,7504,3309,0,69.4,30.6,0.0
484015033,77608,85367,154,47.57,52.33,0.09
484015034,35399,11257,0,75.87,24.13,0.0
484015035,78642,205757,177,27.63,72.3,0.06
484015036,6397,5486,4,53.82,46.15,0.03
484015037,202618,337475,527,37.48,62.42,0.1
484015038,15428,21209,4,42.11,57.88,0.01
484015039,6298,174,0,97.31,2.69,0.0
484015040,113929,45562,0,71.43,28.57,0.0
484015041,18704,11932,0,61.05,38.95,0.0
484015042,17534,25405,25,40.81,59.13,0.06
484015043,55175,31989,24,63.28,36.69,0.03
484015044,10842,8955,46,54.64,45.13,0.23
484015045,54950,21630,0,71.76,28.24,0.0
484015046,41167,27606,0,59.86,40.14,0.0
484015047,7188,8185,0,46.76,53.24,0.0
484015048,18667,8427,9,68.87,31.09,0.03
484015049,40413,129187,168,23.8,76.1,0.1
484015050,20329,7719,0,72.48,27.52,0.0
484015051,25847,35108,84,42.35,57.52,0.14
484015052,57372,184746,32,23.69,76.29,0.01
484015053,6039,7726,0,43.87,56.13,0.0
484015054,23931,9043,0,72.58,27.42,0.0
484015055,223354,606425,0,26.92,73.08,0.0
484015056,30183,26668,3,53.09,46.91,0.01
484015057,159231,269650,375,37.09,62.82,0.09
484015058,5227,4992,8,51.11,48.81,0.08
484015059,24954,46843,40,34.74,65.21,0.06
484015060,28292,7930,0,78.11,21.89,0.0
484015061,25137,11520,0,68.57,31.43,0.0
484015062,18309,16899,0,52.0,48.0,0.0
484015063,4238,578,0,88.0,12.0,0.0
484015064,57199,31300,0,64.63,35.37,0.0
484015065,20213,10408,0,66.01,33.99,0.0
484015066,1617,3157,0,33.87,66.13,0.0
484015067,136678,167087,26,44.99,55.0,0.01
484015068,9190,5739,0,61.56,38.44,0.0
484015069,6638,9293,0,41.67,58.33,0.0
484015070,12705,19194,0,39.83,60.17,0.0
484015071,203406,41049,0,83.21,16.79,0.0
484015072,14939,14164,0,51.33,48.67,0.0
484015073,41343,55988,0,42.48,57.52,0.0
484015074,5122,1551,4,76.71,23.23,0.06
484015075,7498,2208,0,77.25,22.75,0.0
484015076,10048,4242,0,70.31,29.69,0.0
484015077,19146,4838,0,79.83,20.17,0.0
484015078,178138,368437,202,32.58,67.38,0.04
484015079,78368,29463,0,72.68,27.32,0.0
484015080,7918,6197,0,56.1,43.9,0.0
484015081,25335,18226,0,58.16,41.84,0.0
484015082,47896,18281,0,72.38,27.62,0.0
484015083,27061,7668,0,77.92,22.08,0.0
484015084,57658,48017,0,54.56,45.44,0.0
484015085,52383,50785,8,50.77,49.22,0.01
484015086,6301,5011,4,55.68,44.28,0.04
484015087,56360,33099,40,62.97,36.98,0.04
484015088,29627,35448,168,45.41,54.33,0.26
484015089,27980,30380,12,47.93,52.05,0.02
484015090,14758,17320,0,46.01,53.99,0.0
484015091,13769,6563,0,67.72,32.28,0.0
484015092,22167,17226,0,56.27,43.73,0.0
484015093,13263,5063,10,72.33,27.61,0.05
484015094,2787,2947,0,48.6,51.4,0.0
484015095,22523,24047,12,48.35,51.62,0.03
484015096,47389,36593,10,56.42,43.57,0.01
484015097,12481,3931,0,76.05,23.95,0.0
484015098,22068,26842,70,45.06,54.8,0.14
484015099,28550,3153,5,90.04,9.94,0.02
484015100,388483,520118,0,42.76,57.24,0.0
484015101,5689,7025,0,44.75,55.25,0.0
484015102,47380,109591,66,30.17,69.79,0.04
484015103,36001,25084,12,58.92,41.06,0.02
484015104,49055,4190,0,92.13,7.87,0.0
484015105,41156,10124,0,80.26,19.74,0.0
484015106,52702,16256,9,76.42,23.57,0.01
484015107,101005,6977,77,93.47,6.46,0.07
484015108,31590,22986,0,57.88,42.12,0.0
484015109,3624,1470,5,71.07,28.83,0.1
484015110,10423,3017,4,77.53,22.44,0.03
484015111,113750,88718,0,56.18,43.82,0.0
484015112,15706,3124,0,83.41,16.59,0.0
484015113,136628,142612,0,48.93,51.07,0.0
484016001,8490,2792,0,75.25,24.75,0.0
484016002,8915,5585,78,61.15,38.31,0.54
484016003,15397,7553,0,67.09,32.91,0.0
484016004,58841,50736,0,53.7,46.3,0.0
484016005,8265,2613,0,75.98,24.02,0.0
484016006,51264,73948,0,40.94,59.06,0.0
484016007,2818,704,0,80.01,19.99,0.0
484016008,17669,6161,48,74.0,25.8,0.2
484016009,18828,17006,92,52.41,47.34,0.26
484016010,15084,5121,22,74.57,25.32,0.11
484016011,5710,5951,0,48.97,51.03,0.0
484016012,21850,23249,56,48.39,51.49,0.12
484016013,7632,1391,0,84.58,15.42,0.0
484016014,10628,6169,0,63.27,36.73,0.0
484016015,10421,8734,38,54.3,45.51,0.2
484016016,15652,5270,8,74.78,25.18,0.04
484016017,42431,8604,0,83.14,16.86,0.0
484016018,7203,2268,12,75.96,23.92,0.13
484016019,13188,6880,0,65.72,34.28,0.0
484016020,18930,10947,30,63.3,36.6,0.1
484016021,12976,493,0,96.34,3.66,0.0
484016022,9565,12495,0,43.36,56.64,0.0
484016023,4516,5899,0,43.36,56.64,0.0
484016024,18009,2551,0,87.59,12.41,0.0
484016025,32041,8417,36,79.13,20.79,0.09
484016026,2030,2612,0,43.73,56.27,0.0
484016027,4141,797,0,83.86,16.14,0.0
484016028,2752,2476,0,52.64,47.36,0.0
484016029,6521,5712,10,53.26,46.66,0.08
484016030,6853,4970,0,57.96,42.04,0.0
484016031,12704,2958,0,81.11,18.89,0.0
484016032,15401,5917,8,72.22,27.75,0.04
484016033,77713,47831,60,61.87,38.08,0.05
484016034,22405,7970,66,73.6,26.18,0.22
484016035,6665,4945,12,57.35,42.55,0.1
484016036,5797,2147,0,72.97,27.03,0.0
484016037,19482,22258,24,46.65,53.29,0.06
484016038,6842,2161,10,75.91,23.98,0.11
484016039,12521,5810,0,68.31,31.69,0.0
484016040,9960,6070,0,62.13,37.87,0.0
484016041,8365,5915,12,58.53,41.39,0.08
484016042,33482,34897,0,48.97,51.03,0.0
484016043,9793,3150,0,75.66,24.34,0.0
484016044,17222,32825,0,34.41,65.59,0.0
484016045,11126,3787,0,74.61,25.39,0.0
484016046,11494,8249,0,58.22,41.78,0.0
484016047,3883,1862,0,67.59,32.41,0.0
484016048,15712,3159,0,83.26,16.74,0.0
484016049,58819,29997,56,66.18,33.75,0.06
484016050,84730,109535,11,43.61,56.38,0.01
484016051,238980,603247,252,28.37,71.6,0.03
484016052,5608,2360,0,70.38,29.62,0.0
484016053,28561,17048,0,62.62,37.38,0.0
484016054,26762,5826,0,82.12,17.88,0.0
484016055,6958,1176,0,85.54,14.46,0.0
484016056,12705,8171,0,60.86,39.14,0.0
484016057,7504,1492,0,83.41,16.59,0.0
484016058,4876,4553,0,51.71,48.29,0.0
484016059,21661,3050,0,87.66,12.34,0.0
484016060,11671,9330,6,55.56,44.41,0.03
484016061,11673,3198,18,78.4,21.48,0.12
484016062,21375,5278,0,80.2,19.8,0.0
484016063,28568,10773,0,72.62,27.38,0.0
484016064,48533,49143,70,49.65,50.28,0.07
484016065,14032,2586,0,84.44,15.56,0.0
484016066,17293,11948,0,59.14,40.86,0.0
484016067,39429,66341,13,37.27,62.71,0.01
484016068,10799,4697,0,69.69,30.31,0.0
484016069,10136,3817,0,72.64,27.36,0.0
484016070,18776,8321,40,69.19,30.66,0.15
484016071,5546,5007,0,52.55,47.45,0.0
484016072,43128,35052,0,55.17,44.83,0.0
484016073,27863,50313,0,35.64,64.36,0.0
484016074,10831,6609,16,62.05,37.86,0.09
484016075,6371,6388,12,49.89,50.02,0.09
484016076,36430,13266,0,73.31,26.69,0.0
484016077,17254,2565,0,87.06,12.94,0.0
484016078,8560,444,0,95.07,4.93,0.0
484016079,57463,21260,0,72.99,27.01,0.0
484016080,22262,10871,40,67.11,32.77,0.12
484016081,23652,7969,0,74.8,25.2,0.0
484016082,19401,15774,0,55.16,44.84,0.0
484016083,8293,7217,0,53.47,46.53,0.0
484016084,10006,5518,0,64.46,35.54,0.0
484016085,53747,60349,17,47.1,52.89,0.01
484016086,11470,12112,70,48.49,51.21,0.3
484016087,12483,3837,0,76.49,23.51,0.0
484016088,10456,4457,0,70.11,29.89,0.0
484016089,11787,999,0,92.19,7.81,0.0
484016090,21254,7229,0,74.62,25.38,0.0
484016091,4762,1644,10,74.22,25.62,0.16
484016092,6854,5424,6,55.8,44.15,0.05
484016093,4219,1684,4,71.42,28.51,0.07
484016094,24609,4044,0,85.89,14.11,0.0
484016095,16552,9160,0,64.37,35.63,0.0
484016096,11256,2997,0,78.97,21.03,0.0
484016097,11983,2889,0,80.57,19.43,0.0
484016098,8128,532,9,93.76,6.14,0.1
484016099,153395,200174,105,43.37,56.6,0.03
484016100,10575,12821,0,45.2,54.8,0.0
484016101,9768,6047,0,61.76,38.24,0.0
484016102,12296,8634,0,58.75,41.25,0.0
484016103,16564,15493,0,51.67,48.33,0.0
484016104,46218,30382,0,60.34,39.66,0.0
484016105,79309,124713,0,38.87,61.13,0.0
484016106,1821,1353,0,57.37,42.63,0.0
484016107,34061,14824,0,69.68,30.32,0.0
484016108,8157,10213,0,44.4,55.6,0.0
484016109,92990,63614,0,59.38,40.62,0.0
484017001,10506,7089,0,59.71,40.29,0.0
484017002,13147,11952,0,52.38,47.62,0.0
484017003,24083,14549,0,62.34,37.66,0.0
484017004,51977,37234,0,58.26,41.74,0.0
484017005,6623,3046,0,68.5,31.5,0.0
484017006,66505,118693,12,35.91,64.09,0.01
484017007,75109,300576,0,19.99,80.01,0.0
484017008,40041,66312,0,37.65,62.35,0.0
484017009,10637,13711,0,43.69,56.31,0.0
484017010,10072,8127,0,55.34,44.66,0.0
484017011,58386,156472,0,27.17,72.83,0.0
484017012,22068,35203,0,38.53,61.47,0.0
484017013,10197,6386,0,61.49,38.51,0.0
484017014,4906,4692,0,51.11,48.89,0.0
484017015,12945,13692,20,48.56,51.36,0.08
484017016,12725,6467,0,66.3,33.7,0.0
484017017,37303,30130,0,55.32,44.68,0.0
484017018,43538,77943,0,35.84,64.16,0.0
484017019,17931,10123,0,63.92,36.08,0.0
484017020,20845,34022,0,37.99,62.01,0.0
484017021,4839,2766,0,63.63,36.37,0.0
484017022,14393,8200,0,63.71,36.29,0.0
484017023,5772,2156,0,72.81,27.19,0.0
484017024,22825,29183,0,43.89,56.11,0.0
484017025,15280,18462,0,45.28,54.72,0.0
484017026,9809,9399,0,51.07,48.93,0.0
484017027,8623,4106,0,67.74,32.26,0.0
484017028,22828,47665,0,32.38,67.62,0.0
484017029,42417,62700,78,40.32,59.6,0.07
484017030,32861,23116,0,58.7,41.3,0.0
484017031,11168,24748,0,31.09,68.91,0.0
484017032,14316,11840,0,54.73,45.27,0.0
484018001,26452,10530,0,71.53,28.47,0.0
484018002,8433,6786,0,55.41,44.59,0.0
484018003,7137,4353,0,62.11,37.89,0.0
484018004,149722,114194,42,56.72,43.26,0.02
484018005,11152,817,0,93.17,6.83,0.0
484018006,16281,12937,0,55.72,44.28,0.0
484018007,15150,4171,0,78.41,21.59,0.0
484018008,26144,38202,28,40.61,59.34,0.04
484018009,44453,1214,89,97.15,2.65,0.19
484018010,20991,12501,0,62.67,37.33,0.0
484018011,16994,6960,0,70.94,29.06,0.0
484018012,25627,15648,0,62.09,37.91,0.0
484018013,4868,2691,0,64.4,35.6,0.0
484018014,15682,8605,0,64.57,35.43,0.0
484018015,61243,31804,0,65.82,34.18,0.0
484018016,16594,20435,12,44.8,55.17,0.03
484018017,119266,300673,112,28.39,71.58,0.03
484018018,17383,12549,4,58.07,41.92,0.01
484018019,12068,1424,20,89.31,10.54,0.15
484019001,1509,1457,0,50.88,49.12,0.0
484019002,2013,1359,0,59.7,40.3,0.0
484019003,1042,365,0,74.06,25.94,0.0
484019004,12028,22993,5,34.34,65.65,0.01
484019005,11047,6971,0,61.31,38.69,0.0
484019006,107013,544339,301,16.42,83.53,0.05
484019007,12802,2166,0,85.53,14.47,0.0
484019008,2120,1441,0,59.53,40.47,0.0
484019009,43216,76992,0,35.95,64.05,0.0
484019010,37780,66390,174,36.21,63.63,0.17
484019011,4167,3161,0,56.86,43.14,0.0
484019012,31164,37543,23,45.34,54.62,0.03
484019013,5623,4307,0,56.63,43.37,0.0
484019014,29662,6330,30,82.34,17.57,0.08
484019015,1280,78,0,94.26,5.74,0.0
484019016,2488,766,0,76.46,23.54,0.0
484019017,35140,5486,36,86.42,13.49,0.09
484019018,130213,266435,356,32.8,67.11,0.09
484019019,7030,124106,504,5.34,94.28,0.38
484019020,3737,1759,0,67.99,32.01,0.0
484019021,132182,348031,373,27.5,72.42,0.08
484019022,9336,4689,0,66.57,33.43,0.0
484019023,886,922,0,49.0,51.0,0.0
484019024,5870,345,0,94.45,5.55,0.0
484019025,35969,66137,16,35.22,64.76,0.02
484019026,111065,530271,264,17.31,82.65,0.04
484019027,1178,770,0,60.47,39.53,0.0
484019028,987,397,0,71.32,28.68,0.0
484019029,3264,3760,0,46.47,53.53,0.0
484019030,2795,439,0,86.43,13.57,0.0
484019031,152352,318755,198,32.33,67.63,0.04
484019032,3506,1840,0,65.58,34.42,0.0
484019033,33776,50662,0,40.0,60.0,0.0
484019034,3667,1451,0,71.65,28.35,0.0
484019035,943,524,5,64.06,35.6,0.34
484019036,6280,1372,0,82.07,17.93,0.0
484019037,4327,1666,0,72.2,27.8,0.0
484019038,25202,41345,90,37.82,62.05,0.14
484019039,200906,935711,1511,17.65,82.21,0.13
484019040,523,383,0,57.73,42.27,0.0
484019041,69017,78147,331,46.79,52.98,0.22
484019042,2403,2915,0,45.19,54.81,0.0
484019043,2263,110,0,95.36,4.64,0.0
484019044,13638,20921,0,39.46,60.54,0.0
484019045,42750,43883,75,49.3,50.61,0.09
484019046,52708,358574,276,12.81,87.13,0.07
484019047,8103,7949,29,50.39,49.43,0.18
484019048,53265,252019,276,17.43,82.48,0.09
484019049,11701,34788,0,25.17,74.83,0.0
484019050,1301,249,0,83.94,16.06,0.0
484019051,2563,1003,6,71.75,28.08,0.17
484020001,764,60,0,92.72,7.28,0.0
484020002,30814,14274,0,68.34,31.66,0.0
484020003,2339,168,0,93.3,6.7,0.0
484020004,864,234,0,78.69,21.31,0.0
484020005,9837,5346,0,64.79,35.21,0.0
484020006,16639,3650,0,82.01,17.99,0.0
484020007,1858,528,0,77.87,22.13,0.0
484020008,697,36,0,95.09,4.91,0.0
484020009,5992,852,0,87.55,12.45,0.0
484020010,9129,4333,0,67.81,32.19,0.0
484020011,1237,53,0,95.89,4.11,0.0
484020012,10761,351,0,96.84,3.16,0.0
484020013,1083,1960,0,35.59,64.41,0.0
484020014,13236,14638,0,47.49,52.51,0.0
484020015,3673,1684,0,68.56,31.44,0.0
484020016,9069,376,16,95.86,3.97,0.17
484020017,3364,242,0,93.29,6.71,0.0
484020018,638,114,0,84.84,15.16,0.0
484020019,2546,183,0,93.29,6.71,0.0
484020020,4156,590,0,87.57,12.43,0.0
484020021,10558,3878,0,73.14,26.86,0.0
484020022,720,40,0,94.74,5.26,0.0
484020023,17821,8972,26,66.45,33.45,0.1
484020024,2492,1089,0,69.59,30.41,0.0
484020025,8599,2661,0,76.37,23.63,0.0
484020026,6841,2081,0,76.68,23.32,0.0
484020027,1583,596,0,72.65,27.35,0.0
484020028,12935,10190,16,55.9,44.03,0.07
484020029,3805,355,0,91.47,8.53,0.0
484020030,3506,5219,0,40.18,59.82,0.0
484020031,5394,1546,18,77.52,22.22,0.26
484020032,1035,41,0,96.19,3.81,0.0
484020033,1465,1452,0,50.22,49.78,0.0
484020034,1259,31,0,97.6,2.4,0.0
484020035,258,312,0,45.26,54.74,0.0
484020036,3270,1972,0,62.38,37.62,0.0
484020037,3515,851,0,80.51,19.49,0.0
484020038,1377,482,0,74.07,25.93,0.0
484020039,45320,32507,0,58.23,41.77,0.0
484020040,5814,547,0,91.4,8.6,0.0
484020041,22960,8623,3,72.69,27.3,0.01
484020042,7055,2704,0,72.29,27.71,0.0
484020043,59915,53041,487,52.82,46.76,0.43
484020044,25950,14804,0,63.67,36.33,0.0
484020045,3308,4578,0,41.95,58.05,0.0
484020046,2656,274,0,90.65,9.35,0.0
484020047,76,5,0,93.83,6.17,0.0
484020048,1326,70,0,94.99,5.01,0.0
484020049,771,412,0,65.17,34.83,0.0
484020050,3096,558,0,84.73,15.27,0.0
484020051,4605,159,0,96.66,3.34,0.0
484020052,4989,986,14,83.3,16.46,0.23
484020053,865,426,0,67.0,33.0,0.0
484020054,342,62,0,84.65,15.35,0.0
484020055,3482,254,0,93.2,6.8,0.0
484020056,1308,133,0,90.77,9.23,0.0
484020057,26717,11302,94,70.1,29.65,0.25
484020058,11887,774,1,93.88,6.11,0.01
484020059,31016,17448,0,64.0,36.0,0.0
484020060,2439,35,0,98.59,1.41,0.0
484020061,2452,434,0,84.96,15.04,0.0
484020062,234,264,0,46.99,53.01,0.0
484020063,1790,2495,5,41.72,58.16,0.12
484020064,7258,1225,0,85.56,14.44,0.0
484020065,1047,17,0,98.4,1.6,0.0
484020066,4468,780,0,85.14,14.86,0.0
484020067,91636,177256,54,34.07,65.91,0.02
484020068,11946,11776,0,50.36,49.64,0.0
484020069,2888,164,0,94.63,5.37,0.0
484020070,4776,1603,0,74.87,25.13,0.0
484020071,2793,458,0,85.91,14.09,0.0
484020072,5904,2153,4,73.24,26.71,0.05
484020073,26170,7873,36,76.79,23.1,0.11
484020074,441,15,0,96.71,3.29,0.0
484020075,2468,176,0,93.34,6.66,0.0
484020076,2027,1335,0,60.29,39.71,0.0
484020077,2324,2036,0,53.3,46.7,0.0
484020078,679,623,0,52.15,47.85,0.0
484020079,34944,49122,12,41.56,58.42,0.01
484020080,1159,435,0,72.71,27.29,0.0
484020081,1727,134,0,92.8,7.2,0.0
484020082,3694,441,0,89.33,10.67,0.0
484020083,4996,6332,0,44.1,55.9,0.0
484020084,1329,2829,0,31.96,68.04,0.0
484020085,25076,849,0,96.73,3.27,0.0
484020086,825,123,0,87.03,12.97,0.0
484020087,2933,2544,0,53.55,46.45,0.0
484020088,2483,378,0,86.79,13.21,0.0
484020089,1987,297,5,86.81,12.98,0.22
484020090,5290,937,0,84.95,15.05,0.0
484020091,1657,4597,0,26.5,73.5,0.0
484020092,987,791,0,55.51,44.49,0.0
484020093,516,4,0,99.23,0.77,0.0
484020094,1748,93,0,94.95,5.05,0.0
484020095,4056,455,0,89.91,10.09,0.0
484020096,293,458,0,39.01,60.99,0.0
484020097,1527,202,0,88.32,11.68,0.0
484020098,2932,1251,0,70.09,29.91,0.0
484020099,364,17,0,95.54,4.46,0.0
484020100,324,69,0,82.44,17.56,0.0
484020101,521,222,0,70.12,29.88,0.0
484020102,3440,1885,0,64.6,35.4,0.0
484020103,4324,1704,8,71.64,28.23,0.13
484020104,2026,641,0,75.97,24.03,0.0
484020105,5418,2203,0,71.09,28.91,0.0
484020106,201,48,0,80.72,19.28,0.0
484020107,12574,13657,0,47.94,52.06,0.0
484020108,2432,396,0,86.0,14.0,0.0
484020109,6217,5076,0,55.05,44.95,0.0
484020110,1552,64,0,96.04,3.96,0.0
484020111,4709,124,0,97.43,2.57,0.0
484020112,1951,621,0,75.86,24.14,0.0
484020113,2474,686,0,78.29,21.71,0.0
484020114,573,101,0,85.01,14.99,0.0
484020115,4791,5296,0,47.5,52.5,0.0
484020116,3663,465,0,88.74,11.26,0.0
484020117,2140,73,0,96.7,3.3,0.0
484020118,1824,567,0,76.29,23.71,0.0
484020119,487,248,0,66.26,33.74,0.0
484020120,131,165,0,44.26,55.74,0.0
484020121,574,22,0,96.31,3.69,0.0
484020122,588,65,0,90.05,9.95,0.0
484020123,2384,445,0,84.27,15.73,0.0
484020124,15939,3731,0,81.03,18.97,0.0
484020125,10590,1033,0,91.11,8.89,0.0
484020126,5225,172,0,96.81,3.19,0.0
484020127,1143,108,0,91.37,8.63,0.0
484020128,772,519,0,59.8,40.2,0.0
484020129,326,30,0,91.57,8.43,0.0
484020130,4986,166,0,96.78,3.22,0.0
484020131,10303,1039,4,90.81,9.16,0.04
484020132,1121,229,0,83.04,16.96,0.0
484020133,3669,244,1,93.74,6.23,0.03
484020134,25807,2666,0,90.64,9.36,0.0
484020135,6695,1539,0,81.31,18.69,0.0
484020136,11420,601,0,95.0,5.0,0.0
484020137,3219,203,0,94.07,5.93,0.0
484020138,358,90,0,79.91,20.09,0.0
484020139,1733,438,0,79.82,20.18,0.0
484020140,758,47,0,94.16,5.84,0.0
484020141,7573,1131,0,87.01,12.99,0.0
484020142,795,46,0,94.53,5.47,0.0
484020143,7308,2103,0,77.65,22.35,0.0
484020144,933,92,0,91.02,8.98,0.0
484020145,2402,2770,0,46.44,53.56,0.0
484020146,2294,486,0,82.52,17.48,0.0
484020147,295,83,0,78.04,21.96,0.0
484020148,1979,199,0,90.86,9.14,0.0
484020149,1796,218,0,89.18,10.82,0.0
484020150,9754,4086,0,70.48,29.52,0.0
484020151,301,11,0,96.47,3.53,0.0
484020152,2087,294,0,87.65,12.35,0.0
484020153,3977,926,0,81.11,18.89,0.0
484020154,1954,365,4,84.12,15.71,0.17
484020155,996,59,0,94.41,5.59,0.0
484020156,2674,979,2,73.16,26.79,0.05
484020157,4213,12572,0,25.1,74.9,0.0
484020158,1696,509,0,76.92,23.08,0.0
484020159,4989,547,0,90.12,9.88,0.0
484020160,1201,228,0,84.04,15.96,0.0
484020161,2225,503,0,81.56,18.44,0.0
484020162,1830,216,0,89.44,10.56,0.0
484020163,1332,216,0,86.05,13.95,0.0
484020164,2815,58,0,97.98,2.02,0.0
484020165,1485,144,0,91.16,8.84,0.0
484020166,9761,1489,2,86.75,13.23,0.02
484020167,1463,677,0,68.36,31.64,0.0
484020168,619,316,0,66.2,33.8,0.0
484020169,3939,166,0,95.96,4.04,0.0
484020170,3108,594,0,83.95,16.05,0.0
484020171,16114,1767,0,90.12,9.88,0.0
484020172,342,67,0,83.62,16.38,0.0
484020173,2022,2524,0,44.48,55.52,0.0
484020174,1216,177,9,86.73,12.62,0.64
484020175,1933,708,0,73.19,26.81,0.0
484020176,8455,1601,0,84.08,15.92,0.0
484020177,3594,3099,0,53.7,46.3,0.0
484020178,956,491,0,66.07,33.93,0.0
484020179,1972,351,0,84.89,15.11,0.0
484020180,439,14,0,96.91,3.09,0.0
484020181,2106,50,0,97.68,2.32,0.0
484020182,1361,105,0,92.84,7.16,0.0
484020183,77476,80621,0,49.01,50.99,0.0
484020184,7170,1769,0,80.21,19.79,0.0
484020185,452,69,0,86.76,13.24,0.0
484020186,1442,317,0,81.98,18.02,0.0
484020187,8900,676,0,92.94,7.06,0.0
484020188,2324,787,0,74.7,25.3,0.0
484020189,19323,2922,28,86.76,13.12,0.13
484020190,202,94,0,68.24,31.76,0.0
484020191,659,864,0,43.27,56.73,0.0
484020192,1905,899,0,67.94,32.06,0.0
484020193,1163,206,0,84.95,15.05,0.0
484020194,1014,42,0,96.02,3.98,0.0
484020195,204,203,0,50.12,49.88,0.0
484020196,2934,355,0,89.21,10.79,0.0
484020197,27396,2346,0,92.11,7.89,0.0
484020198,454,33,5,92.28,6.71,1.02
484020199,3068,596,0,83.73,16.27,0.0
484020200,1712,162,0,91.36,8.64,0.0
484020201,3375,1181,20,73.75,25.81,0.44
484020202,2823,716,0,79.77,20.23,0.0
484020203,486,148,0,76.66,23.34,0.0
484020204,15709,1188,9,92.92,7.03,0.05
484020205,1745,674,0,72.14,27.86,0.0
484020206,16785,2228,0,88.28,11.72,0.0
484020207,6538,340,2,95.03,4.94,0.03
484020208,597,10,0,98.35,1.65,0.0
484020209,5077,674,0,88.28,11.72,0.0
484020210,3366,43,0,98.74,1.26,0.0
484020211,2706,402,0,87.07,12.93,0.0
484020212,3871,295,0,92.92,7.08,0.0
484020213,1689,344,0,83.08,16.92,0.0
484020214,787,41,0,95.05,4.95,0.0
484020215,1032,205,0,83.43,16.57,0.0
484020216,2914,247,0,92.19,7.81,0.0
484020217,514,30,0,94.49,5.51,0.0
484020218,1520,1145,0,57.04,42.96,0.0
484020219,2534,146,0,94.55,5.45,0.0
484020220,1391,102,0,93.17,6.83,0.0
484020221,1303,115,0,91.89,8.11,0.0
484020222,317,110,0,74.24,25.76,0.0
484020223,595,49,0,92.39,7.61,0.0
484020224,5576,314,0,94.67,5.33,0.0
484020225,2266,705,0,76.27,23.73,0.0
484020226,8086,10215,0,44.18,55.82,0.0
484020227,776,33,0,95.92,4.08,0.0
484020228,8901,142,0,98.43,1.57,0.0
484020229,901,30,0,96.78,3.22,0.0
484020230,3164,25,0,99.22,0.78,0.0
484020231,16080,6053,0,72.65,27.35,0.0
484020232,1574,141,0,91.78,8.22,0.0
484020233,6978,150,0,97.9,2.1,0.0
484020234,3092,720,0,81.11,18.89,0.0
484020235,1236,125,0,90.82,9.18,0.0
484020236,1268,297,0,81.02,18.98,0.0
484020237,582,412,0,58.55,41.45,0.0
484020238,836,164,0,83.6,16.4,0.0
484020239,2522,185,0,93.17,6.83,0.0
484020240,862,172,0,83.37,16.63,0.0
484020241,11794,512,0,95.84,4.16,0.0
484020242,984,990,0,49.85,50.15,0.0
484020243,2588,1340,0,65.89,34.11,0.0
484020244,1273,26,0,98.0,2.0,0.0
484020245,462,134,0,77.52,22.48,0.0
484020246,628,913,0,40.75,59.25,0.0
484020247,13723,1759,0,88.64,11.36,0.0
484020248,3714,115,0,97.0,3.0,0.0
484020249,689,548,0,55.7,44.3,0.0
484020250,1198,18,0,98.52,1.48,0.0
484020251,1994,261,0,88.43,11.57,0.0
484020252,1976,42,0,97.92,2.08,0.0
484020253,2151,951,6,69.21,30.6,0.19
484020254,1568,387,0,80.2,19.8,0.0
484020255,187,42,0,81.66,18.34,0.0
484020256,886,168,0,84.06,15.94,0.0
484020257,624,70,0,89.91,10.09,0.0
484020258,1772,367,0,82.84,17.16,0.0
484020259,2067,124,0,94.34,5.66,0.0
484020260,6784,140,0,97.98,2.02,0.0
484020261,723,262,0,73.4,26.6,0.0
484020262,2738,445,0,86.02,13.98,0.0
484020263,1711,368,0,82.3,17.7,0.0
484020264,5978,714,10,89.2,10.65,0.15
484020265,6132,2412,2,71.75,28.22,0.02
484020266,214,31,0,87.35,12.65,0.0
484020267,322,825,0,28.07,71.93,0.0
484020268,3135,1137,0,73.38,26.62,0.0
484020269,1222,4,0,99.67,0.33,0.0
484020270,3054,88,0,97.2,2.8,0.0
484020271,4507,1739,0,72.16,27.84,0.0
484020272,2469,1300,0,65.51,34.49,0.0
484020273,1140,134,0,89.48,10.52,0.0
484020274,6531,717,0,90.11,9.89,0.0
484020275,627,64,0,90.74,9.26,0.0
484020276,10845,1482,0,87.98,12.02,0.0
484020277,33381,5142,0,86.65,13.35,0.0
484020278,1398,1497,0,48.29,51.71,0.0
484020279,1438,560,0,71.97,28.03,0.0
484020280,255,47,0,84.44,15.56,0.0
484020281,563,90,0,86.22,13.78,0.0
484020282,967,77,0,92.62,7.38,0.0
484020283,1702,1434,0,54.27,45.73,0.0
484020284,3309,349,0,90.46,9.54,0.0
484020285,2756,318,5,89.51,10.33,0.16
484020286,222,85,0,72.31,27.69,0.0
484020287,567,5,0,99.13,0.87,0.0
484020288,1198,16,0,98.68,1.32,0.0
484020289,1011,32,0,96.93,3.07,0.0
484020290,4024,283,1,93.41,6.57,0.02
484020291,949,514,0,64.87,35.13,0.0
484020292,5486,11576,0,32.15,67.85,0.0
484020293,4063,2970,0,57.77,42.23,0.0
484020294,5275,4743,0,52.66,47.34,0.0
484020295,841,105,0,88.9,11.1,0.0
484020296,2311,396,0,85.37,14.63,0.0
484020297,9602,3913,0,71.05,28.95,0.0
484020298,688,432,0,61.43,38.57,0.0
484020299,5802,808,0,87.78,12.22,0.0
484020300,1098,498,0,68.8,31.2,0.0
484020301,4416,141,0,96.91,3.09,0.0
484020302,767,312,1,71.02,28.89,0.09
484020303,714,2,0,99.72,0.28,0.0
484020304,2312,2016,4,53.37,46.54,0.09
484020305,4267,382,0,91.78,8.22,0.0
484020306,9071,609,6,93.65,6.29,0.06
484020307,2290,1017,0,69.25,30.75,0.0
484020308,9591,509,0,94.96,5.04,0.0
484020309,11482,3001,8,79.24,20.71,0.06
484020310,341,142,0,70.6,29.4,0.0
484020311,9616,1608,0,85.67,14.33,0.0
484020312,557,173,0,76.3,23.7,0.0
484020313,1529,214,0,87.72,12.28,0.0
484020314,1717,183,0,90.37,9.63,0.0
484020315,456,263,0,63.42,36.58,0.0
484020316,1025,228,0,81.8,18.2,0.0
484020317,30996,18203,30,62.96,36.98,0.06
484020318,908,64,0,93.42,6.58,0.0
484020319,543,161,0,77.13,22.87,0.0
484020320,725,25,0,96.67,3.33,0.0
484020321,752,36,0,95.43,4.57,0.0
484020322,2248,156,0,93.51,6.49,0.0
484020323,33672,14320,0,70.16,29.84,0.0
484020324,11280,492,0,95.82,4.18,0.0
484020325,4904,138,0,97.26,2.74,0.0
484020326,11458,3770,0,75.24,24.76,0.0
484020327,1280,161,0,88.83,11.17,0.0
484020328,1012,124,0,89.08,10.92,0.0
484020329,2588,1704,1,60.28,39.69,0.02
484020330,797,143,0,84.79,15.21,0.0
484020331,273,96,0,73.98,26.02,0.0
484020332,2142,1068,0,66.73,33.27,0.0
484020333,38638,11521,8,77.02,22.97,0.02
484020334,843,22,0,97.46,2.54,0.0
484020335,1168,510,0,69.61,30.39,0.0
484020336,4744,636,0,88.18,11.82,0.0
484020337,4330,5733,9,42.99,56.92,0.09
484020338,3239,1090,0,74.82,25.18,0.0
484020339,1648,64,0,96.26,3.74,0.0
484020340,228,6,0,97.44,2.56,0.0
484020341,1882,2224,0,45.84,54.16,0.0
484020342,1560,439,2,77.96,21.94,0.1
484020343,2318,493,0,82.46,17.54,0.0
484020344,3683,483,0,88.41,11.59,0.0
484020345,1401,136,0,91.15,8.85,0.0
484020346,3064,1099,14,73.35,26.31,0.34
484020347,7377,702,10,91.2,8.68,0.12
484020348,1151,1033,0,52.7,47.3,0.0
484020349,2753,14121,0,16.32,83.68,0.0
484020350,2599,201,0,92.82,7.18,0.0
484020351,4923,18,0,99.64,0.36,0.0
484020352,1568,828,0,65.44,34.56,0.0
484020353,397,76,0,83.93,16.07,0.0
484020354,611,66,0,90.25,9.75,0.0
484020355,1677,492,0,77.32,22.68,0.0
484020356,814,34,0,95.99,4.01,0.0
484020357,1805,152,0,92.23,7.77,0.0
484020358,547,87,0,86.28,13.72,0.0
484020359,3043,939,0,76.42,23.58,0.0
484020360,809,16,0,98.06,1.94,0.0
484020361,837,655,0,56.1,43.9,0.0
484020362,2219,456,0,82.95,17.05,0.0
484020363,15194,3232,0,82.46,17.54,0.0
484020364,869,188,2,82.06,17.75,0.19
484020365,3415,251,0,93.15,6.85,0.0
484020366,3882,661,0,85.45,14.55,0.0
484020367,1086,979,0,52.59,47.41,0.0
484020368,1420,770,0,64.84,35.16,0.0
484020369,541,119,0,81.97,18.03,0.0
484020370,834,136,0,85.98,14.02,0.0
484020371,1128,79,0,93.45,6.55,0.0
484020372,390,11,0,97.26,2.74,0.0
484020373,1599,48,0,97.09,2.91,0.0
484020374,5097,8016,21,38.81,61.03,0.16
484020375,348,17,0,95.34,4.66,0.0
484020376,8280,2542,0,76.51,23.49,0.0
484020377,3245,477,0,87.18,12.82,0.0
484020378,2605,297,8,89.52,10.21,0.27
484020379,1610,631,0,71.84,28.16,0.0
484020380,2863,68,3,97.58,2.32,0.1
484020381,757,413,0,64.7,35.3,0.0
484020382,549,35,0,94.01,5.99,0.0
484020383,4253,537,0,88.79,11.21,0.0
484020384,38513,61620,0,38.46,61.54,0.0
484020385,16366,2614,0,86.23,13.77,0.0
484020386,2096,797,0,72.45,27.55,0.0
484020387,2402,406,0,85.54,14.46,0.0
484020388,850,58,0,93.61,6.39,0.0
484020389,13544,35563,0,27.58,72.42,0.0
484020390,3145,222,0,93.41,6.59,0.0
484020391,5739,646,0,89.88,10.12,0.0
484020392,2642,1533,0,63.28,36.72,0.0
484020393,2525,213,0,92.22,7.78,0.0
484020394,1543,26,0,98.34,1.66,0.0
484020395,2958,244,1,92.35,7.62,0.03
484020396,23371,16467,0,58.67,41.33,0.0
484020397,3897,916,0,80.97,19.03,0.0
484020398,19680,22188,0,47.0,53.0,0.0
484020399,5472,696,0,88.72,11.28,0.0
484020400,20344,6624,0,75.44,24.56,0.0
484020401,885,184,0,82.79,17.21,0.0
484020402,2457,1283,0,65.7,34.3,0.0
484020403,716,41,0,94.58,5.42,0.0
484020404,1426,391,0,78.48,21.52,0.0
484020405,19766,1585,0,92.58,7.42,0.0
484020406,8094,1480,0,84.54,15.46,0.0
484020407,448,49,0,90.14,9.86,0.0
484020408,3670,5249,0,41.15,58.85,0.0
484020409,2835,514,0,84.65,15.35,0.0
484020410,667,241,0,73.46,26.54,0.0
484020411,2240,922,0,70.84,29.16,0.0
484020412,22333,27880,116,44.37,55.4,0.23
484020413,9244,2732,0,77.19,22.81,0.0
484020414,4574,289,0,94.06,5.94,0.0
484020415,356,99,0,78.24,21.76,0.0
484020416,7813,1833,0,81.0,19.0,0.0
484020417,4385,7249,0,37.69,62.31,0.0
484020418,299,293,0,50.51,49.49,0.0
484020419,1538,94,0,94.24,5.76,0.0
484020420,2918,1749,0,62.52,37.48,0.0
484020421,561,32,0,94.6,5.4,0.0
484020422,415,38,0,91.61,8.39,0.0
484020423,3443,336,0,91.11,8.89,0.0
484020424,1980,76,0,96.3,3.7,0.0
484020425,8317,533,0,93.98,6.02,0.0
484020426,13690,2972,31,82.01,17.8,0.19
484020427,2042,86,0,95.96,4.04,0.0
484020428,1290,217,4,85.37,14.36,0.26
484020429,251,66,0,79.18,20.82,0.0
484020430,904,921,4,49.43,50.36,0.22
484020431,622,281,0,68.88,31.12,0.0
484020432,13493,5674,18,70.33,29.58,0.09
484020433,3771,211,4,94.61,5.29,0.1
484020434,3048,463,0,86.81,13.19,0.0
484020435,756,139,0,84.47,15.53,0.0
484020436,8094,1382,0,85.42,14.58,0.0
484020437,1533,244,0,86.27,13.73,0.0
484020438,22107,3188,4,87.38,12.6,0.02
484020439,674,121,0,84.78,15.22,0.0
484020440,7199,1930,0,78.86,21.14,0.0
484020441,245,5,0,98.0,2.0,0.0
484020442,259,176,0,59.54,40.46,0.0
484020443,423,58,0,87.94,12.06,0.0
484020444,1425,254,0,84.87,15.13,0.0
484020445,5101,841,0,85.85,14.15,0.0
484020446,13311,3673,0,78.37,21.63,0.0
484020447,2329,140,0,94.33,5.67,0.0
484020448,1766,1524,0,53.68,46.32,0.0
484020449,12825,930,0,93.24,6.76,0.0
484020450,952,6,0,99.37,0.63,0.0
484020451,3511,894,0,79.7,20.3,0.0
484020452,2940,874,3,77.02,22.9,0.08
484020453,3212,305,0,91.33,8.67,0.0
484020454,2722,178,0,93.86,6.14,0.0
484020455,1272,368,0,77.56,22.44,0.0
484020456,2762,568,0,82.94,17.06,0.0
484020457,961,179,0,84.3,15.7,0.0
484020458,3599,1207,0,74.89,25.11,0.0
484020459,4410,783,2,84.89,15.07,0.04
484020460,493,34,0,93.55,6.45,0.0
484020461,466,52,0,89.96,10.04,0.0
484020462,326,0,0,100.0,0.0,0.0
484020463,1587,47,0,97.12,2.88,0.0
484020464,12256,1596,0,88.48,11.52,0.0
484020465,15208,3807,9,79.94,20.01,0.05
484020466,12109,1905,0,86.41,13.59,0.0
484020467,29471,4520,0,86.7,13.3,0.0
484020468,2751,1581,0,63.5,36.5,0.0
484020469,296,107,0,73.45,26.55,0.0
484020470,2305,1053,0,68.64,31.36,0.0
484020471,1145,141,0,89.04,10.96,0.0
484020472,3055,348,0,89.77,10.23,0.0
484020473,7764,2316,0,77.02,22.98,0.0
484020474,352,65,0,84.41,15.59,0.0
484020475,1252,75,0,94.35,5.65,0.0
484020476,1386,169,0,89.13,10.87,0.0
484020477,163,9,0,94.77,5.23,0.0
484020478,1274,59,0,95.57,4.43,0.0
484020479,1725,150,0,92.0,8.0,0.0
484020480,40511,14680,0,73.4,26.6,0.0
484020481,8421,2464,0,77.36,22.64,0.0
484020482,4131,321,0,92.79,7.21,0.0
484020483,3007,124,0,96.04,3.96,0.0
484020484,1608,807,0,66.58,33.42,0.0
484020485,1901,57,0,97.09,2.91,0.0
484020486,118,12,0,90.77,9.23,0.0
484020487,3749,1152,0,76.49,23.51,0.0
484020488,2751,223,0,92.5,7.5,0.0
484020489,4168,592,0,87.56,12.44,0.0
484020490,2448,245,0,90.9,9.1,0.0
484020491,336,211,0,61.43,38.57,0.0
484020492,5260,928,0,85.0,15.0,0.0
484020493,2737,292,0,90.36,9.64,0.0
484020494,1070,765,0,58.31,41.69,0.0
484020495,3794,418,4,89.99,9.91,0.09
484020496,6974,543,12,92.63,7.21,0.16
484020497,1372,547,0,71.5,28.5,0.0
484020498,6150,1748,0,77.87,22.13,0.0
484020499,934,66,0,93.4,6.6,0.0
484020500,4241,733,0,85.26,14.74,0.0
484020501,307,118,0,72.24,27.76,0.0
484020502,1200,374,0,76.24,23.76,0.0
484020503,4988,2686,0,65.0,35.0,0.0
484020504,645,153,0,80.83,19.17,0.0
484020505,3033,105,2,96.59,3.34,0.06
484020506,942,636,0,59.7,40.3,0.0
484020507,10246,1080,6,90.42,9.53,0.05
484020508,519,214,0,70.8,29.2,0.0
484020509,3047,231,0,92.95,7.05,0.0
484020510,1073,28,0,97.46,2.54,0.0
484020511,8067,953,4,89.39,10.56,0.04
484020512,881,56,0,94.02,5.98,0.0
484020513,42651,24338,0,63.67,36.33,0.0
484020514,4965,269,0,94.86,5.14,0.0
484020515,5051,790,0,86.47,13.53,0.0
484020516,113,0,0,100.0,0.0,0.0
484020517,2003,1383,0,59.16,40.84,0.0
484020518,6009,1315,0,82.05,17.95,0.0
484020519,242,8,0,96.8,3.2,0.0
484020520,1035,170,0,85.89,14.11,0.0
484020521,1044,538,0,65.99,34.01,0.0
484020522,314,6,0,98.12,1.88,0.0
484020523,9857,2473,0,79.94,20.06,0.0
484020524,2480,12,0,99.52,0.48,0.0
484020525,897,9,0,99.01,0.99,0.0
484020526,1422,21,0,98.54,1.46,0.0
484020527,2002,1922,0,51.02,48.98,0.0
484020528,1813,788,0,69.7,30.3,0.0
484020529,3743,300,0,92.58,7.42,0.0
484020530,1570,1135,0,58.04,41.96,0.0
484020531,3372,140,0,96.01,3.99,0.0
484020532,3132,62,6,97.88,1.94,0.19
484020533,409,40,0,91.09,8.91,0.0
484020534,6108,552,0,91.71,8.29,0.0
484020535,675,38,0,94.67,5.33,0.0
484020536,3740,2590,0,59.08,40.92,0.0
484020537,4208,3799,0,52.55,47.45,0.0
484020538,1339,168,0,88.85,11.15,0.0
484020539,787,100,0,88.73,11.27,0.0
484020540,6178,196,1,96.91,3.07,0.02
484020541,783,248,1,75.87,24.03,0.1
484020542,3156,3210,0,49.58,50.42,0.0
484020543,881,105,0,89.35,10.65,0.0
484020544,1359,575,0,70.27,29.73,0.0
484020545,10022,1311,0,88.43,11.57,0.0
484020546,3095,2657,0,53.81,46.19,0.0
484020547,17299,12079,5,58.87,41.11,0.02
484020548,384,25,0,93.89,6.11,0.0
484020549,4407,7637,0,36.59,63.41,0.0
484020550,5140,669,0,88.48,11.52,0.0
484020551,2048,1372,0,59.88,40.12,0.0
484020552,95,211,0,31.05,68.95,0.0
484020553,7519,6996,0,51.8,48.2,0.0
484020554,1118,254,0,81.49,18.51,0.0
484020555,18243,4502,0,80.21,19.79,0.0
484020556,4815,1653,0,74.44,25.56,0.0
484020557,2409,545,0,81.55,18.45,0.0
484020558,1253,400,0,75.8,24.2,0.0
484020559,1028,218,0,82.5,17.5,0.0
484020560,976,204,0,82.71,17.29,0.0
484020561,29064,17330,0,62.65,37.35,0.0
484020562,2587,502,0,83.75,16.25,0.0
484020563,2742,637,0,81.15,18.85,0.0
484020564,1301,395,0,76.71,23.29,0.0
484020565,1288,115,0,91.8,8.2,0.0
484020566,15001,7074,0,67.95,32.05,0.0
484021001,54548,18327,0,74.85,25.15,0.0
484021002,8307,861,0,90.61,9.39,0.0
484021003,28046,9653,0,74.39,25.61,0.0
484021004,50677,12843,0,79.78,20.22,0.0
484021005,2937,94,2,96.83,3.1,0.07
484021006,12278,2246,0,84.54,15.46,0.0
484021007,2984,178,0,94.37,5.63,0.0
484021008,9205,2182,9,80.77,19.15,0.08
484021009,2077,105,0,95.19,4.81,0.0
484021010,57958,16056,210,78.09,21.63,0.28
484021011,1284,601,0,68.12,31.88,0.0
484021012,5435,1158,0,82.44,17.56,0.0
484021013,14510,8086,0,64.21,35.79,0.0
484021014,4387,427,0,91.13,8.87,0.0
484021015,61970,63712,0,49.31,50.69,0.0
484021016,7306,1714,0,81.0,19.0,0.0
484021017,26180,3514,0,88.17,11.83,0.0
484021018,2997,860,0,77.7,22.3,0.0
484021019,65931,75523,0,46.61,53.39,0.0
484021020,5636,2062,0,73.21,26.79,0.0
484021021,840,673,0,55.52,44.48,0.0
484021022,10096,2759,0,78.54,21.46,0.0
484021023,8490,561,0,93.8,6.2,0.0
484021024,930,46,0,95.29,4.71,0.0
484021025,7556,634,0,92.26,7.74,0.0
484021026,5931,9320,0,38.89,61.11,0.0
484021027,3204,920,0,77.69,22.31,0.0
484021028,2658,92,0,96.65,3.35,0.0
484021029,3118,690,0,81.88,18.12,0.0
484021030,504,267,0,65.37,34.63,0.0
484021031,2535,286,1,89.83,10.13,0.04
484021032,1121,259,0,81.23,18.77,0.0
484021033,4914,490,0,90.93,9.07,0.0
484021034,19494,27084,0,41.85,58.15,0.0
484021035,16267,4387,0,78.76,21.24,0.0
484021036,13777,946,0,93.57,6.43,0.0
484021037,1783,552,0,76.36,23.64,0.0
484021038,8272,2230,0,78.77,21.23,0.0
484021039,9201,622,0,93.67,6.33,0.0
484021040,10535,1799,0,85.41,14.59,0.0
484021041,49450,87539,15,36.09,63.9,0.01
484021042,2975,322,0,90.23,9.77,0.0
484021043,43798,5886,0,88.15,11.85,0.0
484021044,11156,5983,0,65.09,34.91,0.0
484021045,34379,12725,0,72.99,27.01,0.0
484021046,5160,3021,0,63.07,36.93,0.0
484021047,14893,6775,0,68.73,31.27,0.0
484021048,10804,11203,15,49.06,50.87,0.07
484021049,17041,282,0,98.37,1.63,0.0
484021050,23995,2851,0,89.38,10.62,0.0
484021051,25199,11697,0,68.3,31.7,0.0
484021052,906,311,0,74.45,25.55,0.0
484021053,51580,14654,0,77.88,22.12,0.0
484021054,28562,6399,0,81.7,18.3,0.0
484021055,4068,973,0,80.7,19.3,0.0
484021056,1021,288,0,78.0,22.0,0.0
484021057,5420,1264,0,81.09,18.91,0.0
484021058,17185,3789,0,81.93,18.07,0.0
484021059,2264,561,0,80.14,19.86,0.0
484021060,4920,3001,0,62.11,37.89,0.0
484021061,13478,944,6,93.42,6.54,0.04
484021062,3455,1406,0,71.08,28.92,0.0
484021063,11722,3018,16,79.44,20.45,0.11
484021064,13156,4617,0,74.02,25.98,0.0
484021065,18068,4594,0,79.73,20.27,0.0
484021066,5849,551,0,91.39,8.61,0.0
484021067,13189,5498,0,70.58,29.42,0.0
484021068,5309,1699,0,75.76,24.24,0.0
484021069,21092,7791,0,73.03,26.97,0.0
484021070,4694,1409,0,76.91,23.09,0.0
484021071,63819,39567,0,61.73,38.27,0.0
484021072,16134,923,0,94.59,5.41,0.0
484021073,7049,2706,0,72.26,27.74,0.0
484021074,52369,37821,0,58.07,41.93,0.0
484021075,12109,950,0,92.73,7.27,0.0
484021076,24317,3243,0,88.23,11.77,0.0
484021077,4268,1640,0,72.24,27.76,0.0
484021078,11779,3994,64,74.38,25.22,0.4
484021079,3879,1894,0,67.19,32.81,0.0
484021080,2508,110,0,95.8,4.2,0.0
484021081,3330,731,0,82.0,18.0,0.0
484021082,5737,3015,0,65.55,34.45,0.0
484021083,22365,2914,0,88.47,11.53,0.0
484021084,6573,369,0,94.68,5.32,0.0
484021085,48850,33397,96,59.33,40.56,0.12
484021086,9267,2780,0,76.92,23.08,0.0
484021087,11548,1724,0,87.01,12.99,0.0
484021088,3934,488,0,88.96,11.04,0.0
484021089,11240,863,0,92.87,7.13,0.0
484021090,12337,11419,20,51.89,48.03,0.08
484021091,5876,3900,0,60.11,39.89,0.0
484021092,4479,809,0,84.7,15.3,0.0
484021093,6765,875,0,88.55,11.45,0.0
484021094,19129,17980,0,51.55,48.45,0.0
484021095,513,137,0,78.92,21.08,0.0
484021096,1875,1303,0,59.0,41.0,0.0
484021097,1467,1190,0,55.21,44.79,0.0
484021098,5023,1617,0,75.65,24.35,0.0
484021099,17319,3295,0,84.02,15.98,0.0
484021100,9017,288,0,96.9,3.1,0.0
484021101,3002,314,1,90.5,9.47,0.03
484021102,7300,6758,0,51.93,48.07,0.0
484021103,4523,2066,0,68.64,31.36,0.0
484021104,20360,12351,0,62.24,37.76,0.0
484021105,3780,1292,0,74.53,25.47,0.0
484021106,24275,18358,0,56.94,43.06,0.0
484021107,11421,509,0,95.73,4.27,0.0
484021108,13583,6246,0,68.5,31.5,0.0
484021109,18756,1493,24,92.52,7.36,0.12
484021110,45132,5083,0,89.88,10.12,0.0
484021111,14518,3930,0,78.7,21.3,0.0
484021112,8195,1119,0,87.99,12.01,0.0
484021113,3636,985,0,78.68,21.32,0.0
484021114,542109,1139107,995,32.23,67.71,0.06
484021115,48098,9448,0,83.58,16.42,0.0
484021116,19948,2881,0,87.38,12.62,0.0
484021117,7526,8407,0,47.24,52.76,0.0
484021118,19232,10663,0,64.33,35.67,0.0
484021119,47342,106320,114,30.79,69.14,0.07
484021120,5551,384,0,93.53,6.47,0.0
484021121,1099,162,0,87.15,12.85,0.0
484021122,5690,5519,2,50.75,49.23,0.02
484021123,3368,412,0,89.1,10.9,0.0
484021124,10469,5433,0,65.83,34.17,0.0
484021125,4241,5405,0,43.97,56.03,0.0
484021126,5041,1528,0,76.74,23.26,0.0
484021127,2751,795,4,77.49,22.39,0.11
484021128,7878,2534,0,75.66,24.34,0.0
484021129,10745,3273,0,76.65,23.35,0.0
484021130,2843,761,0,78.88,21.12,0.0
484021131,868,107,0,89.03,10.97,0.0
484021132,80391,75143,0,51.69,48.31,0.0
484021133,480,202,0,70.38,29.62,0.0
484021134,15353,5570,0,73.38,26.62,0.0
484021135,507,14,0,97.31,2.69,0.0
484021136,5545,6887,10,44.57,55.35,0.08
484021137,8746,1704,0,83.69,16.31,0.0
484021138,6480,5289,0,55.06,44.94,0.0
484021139,3054,678,0,81.83,18.17,0.0
484021140,40701,96211,42,29.72,70.25,0.03
484021141,2976,489,0,85.89,14.11,0.0
484021142,22369,8195,0,73.19,26.81,0.0
484021143,16358,18509,0,46.92,53.08,0.0
484021144,9224,7307,0,55.8,44.2,0.0
484021145,11539,1606,0,87.78,12.22,0.0
484021146,581,168,0,77.57,22.43,0.0
484021147,5310,1028,2,83.75,16.21,0.03
484021148,8883,2578,0,77.51,22.49,0.0
484021149,21747,8547,4,71.78,28.21,0.01
484021150,5898,208,0,96.59,3.41,0.0
484021151,5907,3397,0,63.49,36.51,0.0
484021152,9354,3259,18,74.06,25.8,0.14
484021153,17329,6220,0,73.59,26.41,0.0
484021154,53485,27013,0,66.44,33.56,0.0
484021155,4393,1694,0,72.17,27.83,0.0
484021156,144374,181182,283,44.31,55.6,0.09
484021157,10538,2080,0,83.52,16.48,0.0
484021158,6279,463,0,93.13,6.87,0.0
484021159,3404,431,3,88.69,11.23,0.08
484021160,3034,570,0,84.18,15.82,0.0
484021161,14556,7647,12,65.52,34.42,0.05
484021162,3998,135,0,96.73,3.27,0.0
484021163,13971,4883,0,74.1,25.9,0.0
484021164,63005,20786,16,75.18,24.8,0.02
484021165,1200,8,0,99.34,0.66,0.0
484021166,6596,2320,0,73.98,26.02,0.0
484021167,8919,1415,0,86.31,13.69,0.0
484021168,6825,678,0,90.96,9.04,0.0
484021169,14498,6680,0,68.46,31.54,0.0
484021170,11720,7441,33,61.06,38.77,0.17
484021171,2224,1621,0,57.84,42.16,0.0
484021172,22353,4749,0,82.48,17.52,0.0
484021173,3838,2412,2,61.39,38.58,0.03
484021174,58825,43971,0,57.22,42.78,0.0
484021175,9670,4667,0,67.45,32.55,0.0
484021176,5881,3727,0,61.21,38.79,0.0
484021177,45578,9103,0,83.35,16.65,0.0
484021178,14482,1437,0,90.97,9.03,0.0
484021179,24370,7249,20,77.03,22.91,0.06
484021180,34056,7480,0,81.99,18.01,0.0
484021181,4969,2490,0,66.62,33.38,0.0
484021182,3420,1969,2,63.44,36.52,0.04
484021183,19339,986,12,95.09,4.85,0.06
484021184,4622,1801,0,71.96,28.04,0.0
484021185,8263,2045,6,80.11,19.83,0.06
484021186,42198,13204,0,76.17,23.83,0.0
484021187,4148,788,0,84.04,15.96,0.0
484021188,15380,3875,0,79.88,20.12,0.0
484021189,16574,5877,0,73.82,26.18,0.0
484021190,1014,169,0,85.71,14.29,0.0
484021191,6728,3006,0,69.12,30.88,0.0
484021192,4970,954,0,83.9,16.1,0.0
484021193,5822,641,3,90.04,9.91,0.05
484021194,18885,9462,0,66.62,33.38,0.0
484021195,24766,1705,0,93.56,6.44,0.0
484021196,1172,378,0,75.61,24.39,0.0
484021197,59308,21087,0,73.77,26.23,0.0
484021198,1216,85,5,93.11,6.51,0.38
484021199,29194,13436,0,68.48,31.52,0.0
484021200,3057,333,0,90.18,9.82,0.0
484021201,2689,686,0,79.67,20.33,0.0
484021202,11720,1293,12,89.98,9.93,0.09
484021203,5866,1300,0,81.86,18.14,0.0
484021204,6442,1483,0,81.29,18.71,0.0
484021205,20858,5519,0,79.08,20.92,0.0
484021206,3540,1021,0,77.61,22.39,0.0
484021207,47836,9890,0,82.87,17.13,0.0
484021208,67104,20088,0,76.96,23.04,0.0
484021209,4627,3887,0,54.35,45.65,0.0
484021210,4558,1085,0,80.77,19.23,0.0
484021211,10850,5833,0,65.04,34.96,0.0
484021212,16503,4208,0,79.68,20.32,0.0
484021213,11167,769,0,93.56,6.44,0.0
484021214,12828,5504,0,69.98,30.02,0.0
484021215,4216,325,0,92.84,7.16,0.0
484021216,2255,162,0,93.3,6.7,0.0
484021217,18450,1787,0,91.17,8.83,0.0
484022001,55493,11143,60,83.2,16.71,0.09
484022002,24382,2978,0,89.12,10.88,0.0
484022003,9885,3156,0,75.8,24.2,0.0
484022004,51129,17214,52,74.76,25.17,0.08
484022005,43152,23693,0,64.56,35.44,0.0
484022006,28379,183435,36,13.4,86.59,0.02
484022007,30740,14345,0,68.18,31.82,0.0
484022008,28370,8419,0,77.12,22.88,0.0
484022009,19593,7628,0,71.98,28.02,0.0
484022010,14624,4150,0,77.89,22.11,0.0
484022011,93845,137327,0,40.6,59.4,0.0
484022012,52700,24594,0,68.18,31.82,0.0
484022013,15410,3715,16,80.51,19.41,0.08
484022014,180045,864295,0,17.24,82.76,0.0
484022015,4737,3584,0,56.93,43.07,0.0
484022016,136409,160036,231,45.98,53.94,0.08
484022017,38630,33460,0,53.59,46.41,0.0
484022018,21430,6393,0,77.02,22.98,0.0
484023001,722861,1123298,1207,39.13,60.81,0.07
484024001,14621,4302,0,77.27,22.73,0.0
484024002,6568,1159,0,85.0,15.0,0.0
484024003,45854,2473,0,94.88,5.12,0.0
484024004,3522,476,0,88.09,11.91,0.0
484024005,12697,5546,0,69.6,30.4,0.0
484024006,8592,977,0,89.79,10.21,0.0
484024007,12434,7406,0,62.67,37.33,0.0
484024008,14153,7889,0,64.21,35.79,0.0
484024009,2764,2248,0,55.15,44.85,0.0
484024010,37083,14100,0,72.45,27.55,0.0
484024011,29219,18761,0,60.9,39.1,0.0
484024012,17803,2368,0,88.26,11.74,0.0
484024013,77552,101217,120,43.35,56.58,0.07
484024014,14463,1199,0,92.34,7.66,0.0
484024015,17023,4784,0,78.06,21.94,0.0
484024016,49588,28052,21,63.85,36.12,0.03
484024017,23986,1022,16,95.85,4.08,0.06
484024018,13286,1961,15,87.05,12.85,0.1
484024019,4912,518,0,90.46,9.54,0.0
484024020,41257,60578,0,40.51,59.49,0.0
484024021,45494,12857,0,77.97,22.03,0.0
484024022,15876,3156,0,83.42,16.58,0.0
484024023,11045,4176,0,72.56,27.44,0.0
484024024,51843,45707,0,53.15,46.85,0.0
484024025,22271,8734,7,71.81,28.16,0.02
484024026,9068,271,0,97.1,2.9,0.0
484024027,6373,3829,0,62.47,37.53,0.0
484024028,215600,689376,2374,23.76,75.98,0.26
484024029,17544,852,0,95.37,4.63,0.0
484024030,3592,1161,0,75.57,24.43,0.0
484024031,10815,1300,9,89.2,10.72,0.07
484024032,33001,6866,0,82.78,17.22,0.0
484024033,8400,2325,0,78.32,21.68,0.0
484024034,12361,2543,0,82.94,17.06,0.0
484024035,102314,228977,207,30.86,69.07,0.06
484024036,20679,8335,0,71.27,28.73,0.0
484024037,105573,17865,14,85.52,14.47,0.01
484024038,13035,1169,0,91.77,8.23,0.0
484024039,12226,1343,0,90.1,9.9,0.0
484024040,15942,2116,0,88.28,11.72,0.0
484024041,11187,2228,0,83.39,16.61,0.0
484024042,7041,870,0,89.0,11.0,0.0
484024043,6077,1450,0,80.74,19.26,0.0
484024044,11232,2936,0,79.28,20.72,0.0
484024045,14460,3722,0,79.53,20.47,0.0
484024046,5614,3632,0,60.72,39.28,0.0
484024047,2689,2576,0,51.07,48.93,0.0
484024048,30142,8178,31,78.6,21.32,0.08
484024049,40702,11994,6,77.23,22.76,0.01
484024050,26125,6503,15,80.03,19.92,0.05
484024051,7929,2359,4,77.04,22.92,0.04
484024052,29573,2957,0,90.91,9.09,0.0
484024053,45915,3691,0,92.56,7.44,0.0
484024054,20762,6528,53,75.93,23.87,0.19
484025001,184159,272903,0,40.29,59.71,0.0
484025002,24886,18713,0,57.08,42.92,0.0
484025003,23992,2451,0,90.73,9.27,0.0
484025004,15048,9761,0,60.66,39.34,0.0
484025005,12476,4372,6,74.02,25.94,0.04
484025006,406606,725121,387,35.92,64.05,0.03
484025007,25168,4095,0,86.01,13.99,0.0
484025008,35564,11467,0,75.62,24.38,0.0
484025009,32189,27526,0,53.9,46.1,0.0
484025010,69693,26335,52,72.54,27.41,0.05
484025011,134808,149487,0,47.42,52.58,0.0
484025012,137688,360602,38,27.63,72.36,0.01
484025013,62529,56794,21,52.39,47.59,0.02
484025014,29582,22549,140,56.59,43.14,0.27
484025015,16464,1816,0,90.07,9.93,0.0
484025016,50758,27661,0,64.73,35.27,0.0
484026001,1659,904,0,64.73,35.27,0.0
484026002,23953,66352,248,26.45,73.27,0.27
484026003,19594,5354,0,78.54,21.46,0.0
484026004,5436,3997,0,57.63,42.37,0.0
484026005,364,805,0,31.14,68.86,0.0
484026006,2323,459,0,83.5,16.5,0.0
484026007,501,125,0,80.03,19.97,0.0
484026008,394,585,0,40.25,59.75,0.0
484026009,480,277,0,63.41,36.59,0.0
484026010,774,442,3,63.49,36.26,0.25
484026011,1284,188,1,87.17,12.76,0.07
484026012,14367,8388,0,63.14,36.86,0.0
484026013,492,1328,0,27.03,72.97,0.0
484026014,1555,1621,0,48.96,51.04,0.0
484026015,772,397,0,66.04,33.96,0.0
484026016,2410,2577,0,48.33,51.67,0.0
484026017,36123,51028,0,41.45,58.55,0.0
484026018,166206,268509,386,38.2,61.71,0.09
484026019,9007,30316,0,22.91,77.09,0.0
484026020,3083,1833,0,62.71,37.29,0.0
484026021,1572,251,6,85.95,13.72,0.33
484026022,651,212,0,75.43,24.57,0.0
484026023,3053,2776,0,52.38,47.62,0.0
484026024,247,508,0,32.72,67.28,0.0
484026025,21075,29164,24,41.93,58.02,0.05
484026026,50033,32635,20,60.51,39.47,0.02
484026027,4615,4426,0,51.05,48.95,0.0
484026028,836,173,0,82.85,17.15,0.0
484026029,76073,93843,80,44.75,55.2,0.05
484026030,216960,706742,905,23.47,76.44,0.1
484026031,725,460,0,61.18,38.82,0.0
484026032,376,514,0,42.25,57.75,0.0
484026033,52308,25010,0,67.65,32.35,0.0
484026034,302,637,1,32.13,67.77,0.11
484026035,4543,7223,31,38.51,61.23,0.26
484026036,12826,20060,24,38.97,60.95,0.07
484026037,714,387,0,64.85,35.15,0.0
484026038,2158,3009,0,41.77,58.23,0.0
484026039,2787,2810,0,49.79,50.21,0.0
484026040,1257,276,0,82.0,18.0,0.0
484026041,3057,11212,9,21.41,78.53,0.06
484026042,87653,76130,0,53.52,46.48,0.0
484026043,56491,206386,4,21.49,78.51,0.0
484026044,61,285,0,17.63,82.37,0.0
484026045,1464,955,13,60.2,39.27,0.53
484026046,326,172,0,65.46,34.54,0.0
484026047,4865,4200,0,53.67,46.33,0.0
484026048,25087,49741,0,33.53,66.47,0.0
484026049,2868,183,1,93.97,6.0,0.03
484026050,1076,414,0,72.21,27.79,0.0
484026051,3770,1058,0,78.09,21.91,0.0
484026052,3022,2215,0,57.7,42.3,0.0
484026053,283,86,0,76.69,23.31,0.0
484026054,325,214,0,60.3,39.7,0.0
484026055,56306,139693,0,28.73,71.27,0.0
484026056,5937,4733,8,55.6,44.32,0.07
484026057,873,586,0,59.84,40.16,0.0
484026058,6543,9634,0,40.45,59.55,0.0
484026059,1202,510,0,70.21,29.79,0.0
484026060,1809,179,0,91.0,9.0,0.0
484026061,654,715,0,47.77,52.23,0.0
484026062,826,289,0,74.08,25.92,0.0
484026063,478,698,0,40.65,59.35,0.0
484026064,1131,243,0,82.31,17.69,0.0
484026065,1375,100,0,93.22,6.78,0.0
484026066,3556,4910,0,42.0,58.0,0.0
484026067,889,540,0,62.21,37.79,0.0
484026068,744,295,0,71.61,28.39,0.0
484026069,3781,998,0,79.12,20.88,0.0
484027001,49292,9164,0,84.32,15.68,0.0
484027002,169785,72383,0,70.11,29.89,0.0
484027003,67719,39805,0,62.98,37.02,0.0
484027004,266088,414258,33,39.11,60.89,0.0
484027005,150182,63566,52,70.24,29.73,0.02
484027006,87553,49353,0,63.95,36.05,0.0
484027007,22786,9368,0,70.87,29.13,0.0
484027008,145713,44386,0,76.65,23.35,0.0
484027009,28136,9579,0,74.6,25.4,0.0
484027010,72515,18624,0,79.57,20.43,0.0
484027011,27315,3437,25,88.75,11.17,0.08
484027012,92575,65595,25,58.52,41.46,0.02
484027013,78646,71514,60,52.35,47.61,0.04
484027014,50894,45772,0,52.65,47.35,0.0
484027015,40239,7470,0,84.34,15.66,0.0
484027016,43519,14986,0,74.39,25.61,0.0
484027017,39030,22351,30,63.56,36.4,0.05
484028001,6010,3802,0,61.25,38.75,0.0
484028002,15763,12853,0,55.08,44.92,0.0
484028003,109356,158183,62,40.87,59.11,0.02
484028004,6024,2817,0,68.14,31.86,0.0
484028005,3797,389,0,90.71,9.29,0.0
484028006,5471,2061,0,72.64,27.36,0.0
484028007,10885,5617,0,65.96,34.04,0.0
484028008,3280,856,0,79.3,20.7,0.0
484028009,39978,165815,0,19.43,80.57,0.0
484028010,1589,78,0,95.32,4.68,0.0
484028011,6746,1510,0,81.71,18.29,0.0
484028012,26286,14974,0,63.71,36.29,0.0
484028013,10650,4298,0,71.25,28.75,0.0
484028014,1741,2016,0,46.34,53.66,0.0
484028015,338729,509378,306,39.93,60.04,0.04
484028016,12804,4149,0,75.53,24.47,0.0
484028017,11576,4351,0,72.68,27.32,0.0
484028018,4864,1504,0,76.38,23.62,0.0
484028019,11809,2771,0,80.99,19.01,0.0
484028020,1117,912,1,55.02,44.93,0.05
484028021,41260,64340,0,39.07,60.93,0.0
484028022,198449,340967,0,36.79,63.21,0.0
484028023,3708,572,0,86.64,13.36,0.0
484028024,2751,3601,2,43.3,56.67,0.03
484028025,7912,18295,0,30.19,69.81,0.0
484028026,2945,750,0,79.7,20.3,0.0
484028027,150160,272904,0,35.49,64.51,0.0
484028028,2283,1523,0,59.98,40.02,0.0
484028029,10132,2838,0,78.12,21.88,0.0
484028030,9569,3950,0,70.78,29.22,0.0
484028031,1248,641,0,66.07,33.93,0.0
484028032,7190,182,20,97.27,2.46,0.27
484028033,31737,19524,0,61.91,38.09,0.0
484028034,903,19,0,97.94,2.06,0.0
484028035,11788,11347,0,50.95,49.05,0.0
484028036,71407,224219,17,24.15,75.84,0.01
484028037,24067,4134,0,85.34,14.66,0.0
484028038,24114,35785,0,40.26,59.74,0.0
484028039,97944,249224,0,28.21,71.79,0.0
484028040,3832,1523,0,71.56,28.44,0.0
484028041,15070,7154,0,67.81,32.19,0.0
484029001,5185,6213,0,45.49,54.51,0.0
484029002,4997,10723,0,31.79,68.21,0.0
484029003,5543,1473,0,79.01,20.99,0.0
484029004,15499,2574,0,85.76,14.24,0.0
484029005,34833,45077,50,43.56,56.37,0.06
484029006,25940,25189,0,50.73,49.27,0.0
484029007,13226,4080,0,76.42,23.58,0.0
484029008,14142,2015,0,87.53,12.47,0.0
484029009,4514,1382,0,76.56,23.44,0.0
484029010,55972,55212,19070,42.97,42.39,14.64
484029011,2025,2725,0,42.63,57.37,0.0
484029012,7420,1915,0,79.49,20.51,0.0
484029013,65039,33461,0,66.03,33.97,0.0
484029014,6990,8159,0,46.14,53.86,0.0
484029015,28784,18063,0,61.44,38.56,0.0
484029016,3815,3675,0,50.93,49.07,0.0
484029017,7612,3980,0,65.67,34.33,0.0
484029018,19167,19290,42,49.79,50.11,0.11
484029019,9214,12968,0,41.54,58.46,0.0
484029020,9096,6531,0,58.21,41.79,0.0
484029021,10309,8342,6,55.26,44.71,0.03
484029022,6162,7972,14,43.55,56.35,0.1
484029023,17433,13454,0,56.44,43.56,0.0
484029024,13703,14385,0,48.79,51.21,0.0
484029025,40787,41693,0,49.45,50.55,0.0
484029026,13623,10493,0,56.49,43.51,0.0
484029027,6882,5939,129,53.14,45.86,1.0
484029028,15447,9707,16,61.37,38.57,0.06
484029029,19129,4727,0,80.19,19.81,0.0
484029030,21528,13706,4,61.09,38.9,0.01
484029031,13724,9805,0,58.33,41.67,0.0
484029032,24056,74691,0,24.36,75.64,0.0
484029033,38989,6288,0,86.11,13.89,0.0
484029034,3469,2827,0,55.1,44.9,0.0
484029035,10246,12280,0,45.49,54.51,0.0
484029036,6650,2547,0,72.31,27.69,0.0
484029037,14532,9895,0,59.49,40.51,0.0
484029038,14738,10756,0,57.81,42.19,0.0
484029039,10040,3626,0,73.47,26.53,0.0
484029040,17786,15627,26,53.19,46.73,0.08
484029041,6661,7510,0,47.0,53.0,0.0
484029042,21383,20704,10,50.79,49.18,0.02
484029043,30465,30237,0,50.19,49.81,0.0
484030001,7555,2126,0,78.04,21.96,0.0
484030002,2499,932,0,72.84,27.16,0.0
484030003,51602,28650,0,64.3,35.7,0.0
484030004,26561,15027,24,63.83,36.11,0.06
484030005,3964,1283,0,75.55,24.45,0.0
484030006,14952,8022,9,65.06,34.9,0.04
484030007,5178,1360,0,79.2,20.8,0.0
484030008,7333,3002,0,70.95,29.05,0.0
484030009,15052,13078,5,53.5,46.48,0.02
484030010,52351,11562,76,81.81,18.07,0.12
484030011,19388,36289,48,34.79,65.12,0.09
484030012,6123,1735,0,77.92,22.08,0.0
484030013,14254,12583,6,53.1,46.88,0.02
484030014,18748,27085,0,40.91,59.09,0.0
484030015,25178,8558,0,74.63,25.37,0.0
484030016,13442,15191,12,46.93,53.03,0.04
484030017,3319,1349,0,71.1,28.9,0.0
484030018,1692,276,1,85.93,14.02,0.05
484030019,4561,2340,0,66.09,33.91,0.0
484030020,9876,1601,0,86.05,13.95,0.0
484030021,14660,8758,0,62.6,37.4,0.0
484030022,17628,4999,0,77.91,22.09,0.0
484030023,39568,9483,0,80.67,19.33,0.0
484030024,13427,3053,0,81.47,18.53,0.0
484030025,20794,6399,0,76.47,23.53,0.0
484030026,9677,16300,0,37.25,62.75,0.0
484030027,13762,2305,6,85.62,14.34,0.04
484030028,36063,107951,146,25.02,74.88,0.1
484030029,11788,1812,0,86.68,13.32,0.0
484030030,21539,20098,0,51.73,48.27,0.0
484030031,15833,2984,0,84.14,15.86,0.0
484030032,31231,17797,0,63.7,36.3,0.0
484030033,21865,2466,15,89.81,10.13,0.06
484030034,27360,12242,0,69.09,30.91,0.0
484030035,9773,1287,0,88.36,11.64,0.0
484030036,7228,3772,10,65.65,34.26,0.09
484030037,7873,294,0,96.4,3.6,0.0
484030038,41825,50078,0,45.51,54.49,0.0
484030039,133956,218454,25,38.01,61.98,0.01
484030040,26902,27930,0,49.06,50.94,0.0
484030041,2076,279,0,88.15,11.85,0.0
484030042,4102,1578,8,72.12,27.74,0.14
484030043,16950,2859,0,85.57,14.43,0.0
484030044,78830,124368,0,38.79,61.21,0.0
484030045,68746,53780,16,56.1,43.89,0.01
484030046,12477,3689,0,77.18,22.82,0.0
484030047,46714,12696,3,78.63,21.37,0.01
484030048,59762,70726,0,45.8,54.2,0.0
484030049,15778,6239,0,71.66,28.34,0.0
484030050,12637,3596,0,77.85,22.15,0.0
484030051,18940,4084,0,82.26,17.74,0.0
484030052,8446,3398,0,71.31,28.69,0.0
484030053,13206,14615,28,47.42,52.48,0.1
484030054,8893,2568,0,77.59,22.41,0.0
484030055,12373,1120,0,91.7,8.3,0.0
484030056,5642,968,0,85.36,14.64,0.0
484030057,12218,1660,0,88.04,11.96,0.0
484030058,44810,8511,0,84.04,15.96,0.0
484030059,16074,6477,34,71.17,28.68,0.15
484030060,8290,7787,15,51.52,48.39,0.09
484030061,149930,152300,86,49.59,50.38,0.03
484030062,13107,7690,0,63.02,36.98,0.0
484030063,10325,3034,0,77.29,22.71,0.0
484030064,3754,256,0,93.62,6.38,0.0
484030065,32058,53293,0,37.56,62.44,0.0
484030066,18854,7699,0,71.01,28.99,0.0
484030067,17832,1216,0,93.62,6.38,0.0
484030068,27337,38931,8,41.25,58.74,0.01
484030069,16462,7595,0,68.43,31.57,0.0
484030070,38577,21278,0,64.45,35.55,0.0
484030071,18657,2959,35,86.17,13.67,0.16
484030072,35917,5322,0,87.09,12.91,0.0
484030073,4452,2788,0,61.49,38.51,0.0
484030074,11896,4578,0,72.21,27.79,0.0
484030075,10934,2416,0,81.9,18.1,0.0
484030076,49783,15348,6,76.43,23.56,0.01
484030077,11504,839,0,93.2,6.8,0.0
484030078,9357,2032,0,82.16,17.84,0.0
484030079,14698,8414,0,63.59,36.41,0.0
484030080,16693,10568,0,61.23,38.77,0.0
484030081,23159,21741,10,51.57,48.41,0.02
484030082,41253,9478,0,81.32,18.68,0.0
484030083,4053,1521,0,72.71,27.29,0.0
484030084,41523,32455,8,56.12,43.87,0.01
484030085,35367,11210,0,75.93,24.07,0.0
484030086,137310,350372,0,28.16,71.84,0.0
484030087,3095,1941,0,61.46,38.54,0.0
484030088,24872,13666,24,64.5,35.44,0.06
484030089,6718,4406,8,60.35,39.58,0.07
484030090,23343,16138,0,59.12,40.88,0.0
484030091,9559,7016,0,57.67,42.33,0.0
484030092,51690,19075,12,73.03,26.95,0.02
484030093,10104,4870,0,67.48,32.52,0.0
484030094,952,561,0,62.92,37.08,0.0
484030095,10670,8328,0,56.16,43.84,0.0
484030096,2753,506,0,84.47,15.53,0.0
484030097,13442,4876,0,73.38,26.62,0.0
484030098,13710,10120,48,57.42,42.38,0.2
484030099,28285,10331,0,73.25,26.75,0.0
484030100,66895,71463,6,48.35,51.65,0.0
484030101,12427,363,0,97.16,2.84,0.0
484030102,61517,4599,0,93.04,6.96,0.0
484030103,46735,48267,50,49.17,50.78,0.05
484030104,2971,1594,0,65.08,34.92,0.0
484030105,2442,483,0,83.49,16.51,0.0
484030106,33922,31352,17,51.96,48.02,0.03
484030107,11908,187,0,98.45,1.55,0.0
484030108,11264,5085,7,68.87,31.09,0.04
484030109,16286,6372,12,71.84,28.11,0.05
484030110,3713,892,0,80.63,19.37,0.0
484030111,7575,2519,8,74.99,24.94,0.08
484030112,23835,13407,64,63.89,35.94,0.17
484030113,11552,5212,0,68.91,31.09,0.0
484030114,17247,6516,6,72.56,27.41,0.03
484030115,30544,92042,0,24.92,75.08,0.0
484030116,4104,1542,0,72.69,27.31,0.0
484030117,7762,2475,0,75.82,24.18,0.0
484030118,21025,1658,0,92.69,7.31,0.0
484030119,16491,1375,3,92.29,7.69,0.02
484030120,64955,30945,0,67.73,32.27,0.0
484030121,104673,53363,0,66.23,33.77,0.0
484030122,23883,7946,0,75.04,24.96,0.0
484030123,20917,12501,0,62.59,37.41,0.0
484030124,26289,1958,0,93.07,6.93,0.0
484030125,41172,34504,0,54.41,45.59,0.0
484030126,15154,2899,0,83.94,16.06,0.0
484030127,45387,6835,0,86.91,13.09,0.0
484030128,67564,120852,78,35.84,64.11,0.04
484030129,15685,4511,0,77.66,22.34,0.0
484030130,30116,27783,0,52.01,47.99,0.0
484030131,13035,10339,0,55.77,44.23,0.0
484030132,18147,5895,0,75.48,24.52,0.0
484030133,4866,3468,0,58.39,41.61,0.0
484030134,6005,270,4,95.64,4.3,0.06
484030135,14831,26911,0,35.53,64.47,0.0
484030136,4442,1681,0,72.55,27.45,0.0
484030137,2434,680,9,77.94,21.77,0.29
484030138,127461,34149,0,78.87,21.13,0.0
484030139,51774,5238,0,90.81,9.19,0.0
484030140,24568,7352,0,76.97,23.03,0.0
484030141,11623,4903,8,70.3,29.65,0.05
484030142,3461,466,0,88.13,11.87,0.0
484030143,21920,2508,0,89.73,10.27,0.0
484030144,17415,10626,20,62.06,37.87,0.07
484030145,8409,3219,0,72.32,27.68,0.0
484030146,19074,2823,0,87.11,12.89,0.0
484030147,10541,1006,0,91.29,8.71,0.0
484030148,4701,1088,0,81.21,18.79,0.0
484030149,9842,2144,0,82.11,17.89,0.0
484030150,87268,12015,0,87.9,12.1,0.0
484030151,3874,2169,0,64.11,35.89,0.0
484030152,14191,5884,0,70.69,29.31,0.0
484030153,19127,5382,4,78.03,21.96,0.02
484030154,22032,7564,0,74.44,25.56,0.0
484030155,48796,56136,0,46.5,53.5,0.0
484030156,42376,11141,0,79.18,20.82,0.0
484030157,5116,1322,0,79.47,20.53,0.0
484030158,4260,775,0,84.61,15.39,0.0
484030159,11431,5490,10,67.52,32.43,0.06
484030160,5611,3292,0,63.02,36.98,0.0
484030161,7389,2015,0,78.57,21.43,0.0
484030162,14968,1312,4,91.92,8.06,0.02
484030163,10045,710,0,93.4,6.6,0.0
484030164,5203,325,0,94.12,5.88,0.0
484030165,16912,2881,0,85.44,14.56,0.0
484030166,82454,16671,0,83.18,16.82,0.0
484030167,58438,36871,0,61.31,38.69,0.0
484030168,62068,30171,0,67.29,32.71,0.0
484030169,2769,1708,0,61.85,38.15,0.0
484030170,8679,2985,0,74.41,25.59,0.0
484030171,7588,5298,0,58.89,41.11,0.0
484030172,3678,607,0,85.83,14.17,0.0
484030173,8423,2419,0,77.69,22.31,0.0
484030174,21205,16547,7,56.16,43.82,0.02
484030175,12140,7445,0,61.99,38.01,0.0
484030176,33770,27435,0,55.18,44.82,0.0
484030177,7473,459,0,94.21,5.79,0.0
484030178,4005,1533,0,72.32,27.68,0.0
484030179,3425,3773,0,47.58,52.42,0.0
484030180,5101,890,0,85.14,14.86,0.0
484030181,12896,4319,0,74.91,25.09,0.0
484030182,76077,77828,16,49.43,50.56,0.01
484030183,1727,533,0,76.42,23.58,0.0
484030184,13003,17061,0,43.25,56.75,0.0
484030185,11534,8600,10,57.26,42.69,0.05
484030186,215410,388924,135,35.64,64.34,0.02
484030187,8877,3591,0,71.2,28.8,0.0
484030188,5761,141,0,97.61,2.39,0.0
484030189,6410,11394,0,36.0,64.0,0.0
484030190,8126,2942,0,73.42,26.58,0.0
484030191,6229,531,0,92.14,7.86,0.0
484030192,6942,4922,0,58.51,41.49,0.0
484030193,9210,3360,0,73.27,26.73,0.0
484030194,13795,731,0,94.97,5.03,0.0
484030195,11317,3204,0,77.94,22.06,0.0
484031001,4788,1752,0,73.21,26.79,0.0
484031002,9108,7568,0,54.62,45.38,0.0
484031003,7841,4425,3,63.91,36.07,0.02
484031004,3759,2349,0,61.54,38.46,0.0
484031005,1354,811,0,62.54,37.46,0.0
484031006,5668,3471,0,62.02,37.98,0.0
484031007,5122,2368,0,68.38,31.62,0.0
484031008,2587,1351,0,65.69,34.31,0.0
484031009,2881,1586,0,64.5,35.5,0.0
484031010,2462,285,0,89.63,10.37,0.0
484031011,5967,2403,0,71.29,28.71,0.0
484031012,2521,1195,0,67.84,32.16,0.0
484031013,6956,9580,16,42.03,57.88,0.1
484031014,940,775,0,54.81,45.19,0.0
484031015,3303,2259,0,59.39,40.61,0.0
484031016,2322,775,0,74.98,25.02,0.0
484031017,4294,348,1,92.48,7.5,0.02
484031018,2197,1126,0,66.11,33.89,0.0
484031019,21746,16967,0,56.17,43.83,0.0
484031020,2577,1907,6,57.39,42.47,0.13
484031021,7325,1940,0,79.06,20.94,0.0
484031022,4273,37,0,99.14,0.86,0.0
484031023,3763,1090,0,77.54,22.46,0.0
484031024,2403,824,0,74.47,25.53,0.0
484031025,3814,2147,0,63.98,36.02,0.0
484031026,2093,1529,0,57.79,42.21,0.0
484031027,4795,3529,0,57.6,42.4,0.0
484031028,1470,1444,0,50.45,49.55,0.0
484031029,4278,1959,0,68.59,31.41,0.0
484031030,2475,1492,0,62.39,37.61,0.0
484031031,2418,400,0,85.81,14.19,0.0
484031032,9505,7202,0,56.89,43.11,0.0
484031033,13148,8052,0,62.02,37.98,0.0
484031034,5042,1472,0,77.4,22.6,0.0
484031035,5126,1220,0,80.78,19.22,0.0
484031036,5309,2753,8,65.79,34.11,0.1
484031037,3676,1573,0,70.03,29.97,0.0
484031038,24205,10915,0,68.92,31.08,0.0
484031039,1936,2233,0,46.44,53.56,0.0
484031040,20051,8446,0,70.36,29.64,0.0
484031041,62239,79008,134,44.02,55.88,0.09
484031042,3550,2005,0,63.91,36.09,0.0
484031043,3177,226,2,93.3,6.64,0.06
484031044,5878,1598,0,78.62,21.38,0.0
484031045,1445,1211,0,54.41,45.59,0.0
484031046,2363,929,0,71.78,28.22,0.0
484031047,4118,1816,0,69.4,30.6,0.0
484031048,16083,7587,0,67.95,32.05,0.0
484031049,3555,401,0,89.86,10.14,0.0
484031050,228031,763255,845,22.98,76.93,0.09
484031051,1963,1464,0,57.28,42.72,0.0
484031052,24424,13279,0,64.78,35.22,0.0
484031053,7827,5644,0,58.1,41.9,0.0
484031054,1750,1241,0,58.51,41.49,0.0
484031055,4006,3065,0,56.65,43.35,0.0
484031056,13901,19929,0,41.09,58.91,0.0
484031057,2318,5442,0,29.87,70.13,0.0
484031058,19781,6125,0,76.36,23.64,0.0
484031059,15397,50360,0,23.41,76.59,0.0
484031060,520,453,0,53.44,46.56,0.0
484031061,1527,2447,0,38.42,61.58,0.0
484031062,3192,1699,0,65.26,34.74,0.0
484031063,3984,1630,0,70.97,29.03,0.0
484031064,1262,441,0,74.1,25.9,0.0
484031065,646,1471,0,30.51,69.49,0.0
484031066,1721,2494,0,40.83,59.17,0.0
484031067,7601,2440,0,75.7,24.3,0.0
484031068,2305,874,0,72.51,27.49,0.0
484031069,7947,1012,0,88.7,11.3,0.0
484031070,2353,1617,0,59.27,40.73,0.0
484031071,1761,183,0,90.59,9.41,0.0
484031072,1397,460,0,75.23,24.77,0.0
484031073,4383,1459,0,75.03,24.97,0.0
484031074,2658,1117,0,70.41,29.59,0.0
484031075,5199,1702,0,75.34,24.66,0.0
484031076,13964,3929,6,78.02,21.95,0.03
484031077,2379,294,0,89.0,11.0,0.0
484031078,2716,1024,2,72.58,27.37,0.05
484031079,31693,13128,0,70.71,29.29,0.0
484031080,6126,4884,0,55.64,44.36,0.0
484031081,2490,823,0,75.16,24.84,0.0
484031082,2164,1347,0,61.63,38.37,0.0
484031083,1240,660,0,65.26,34.74,0.0
484031084,5978,1060,0,84.94,15.06,0.0
484031085,6048,10572,0,36.39,63.61,0.0
484031086,1953,182,0,91.48,8.52,0.0
484031087,4592,872,0,84.04,15.96,0.0
484031088,1653,264,0,86.23,13.77,0.0
484031089,20120,20197,0,49.9,50.1,0.0
484031090,5070,2413,0,67.75,32.25,0.0
484031091,7365,5123,16,58.9,40.97,0.13
484031092,6458,1389,0,82.3,17.7,0.0
484031093,9819,8582,0,53.36,46.64,0.0
484031094,4901,526,3,90.26,9.69,0.06
484031095,3808,1885,0,66.89,33.11,0.0
484031096,56437,23827,0,70.31,29.69,0.0
484031097,2467,1164,0,67.94,32.06,0.0
484031098,12878,2437,0,84.09,15.91,0.0
484031099,3451,739,0,82.36,17.64,0.0
484031100,2366,1652,0,58.89,41.11,0.0
484031101,35142,33886,0,50.91,49.09,0.0
484031102,36438,48692,0,42.8,57.2,0.0
484031103,2011,1440,0,58.27,41.73,0.0
484031104,14660,1618,0,90.06,9.94,0.0
484031105,1445,1845,5,43.85,55.99,0.15
484031106,1322,886,0,59.87,40.13,0.0
484032001,4265,1977,0,68.33,31.67,0.0
484032002,2207,2722,0,44.78,55.22,0.0
484032003,1201,1075,0,52.77,47.23,0.0
484032004,8071,4488,0,64.26,35.74,0.0
484032005,26214,26081,0,50.13,49.87,0.0
484032006,6090,2164,0,73.78,26.22,0.0
484032007,9102,5454,0,62.53,37.47,0.0
484032008,9996,3447,15,74.28,25.61,0.11
484032009,6734,3323,3,66.94,33.03,0.03
484032010,106152,133495,0,44.3,55.7,0.0
484032011,1451,1907,1,43.2,56.77,0.03
484032012,4924,3244,0,60.28,39.72,0.0
484032013,14264,5903,0,70.73,29.27,0.0
484032014,597,979,0,37.88,62.12,0.0
484032015,15590,7913,0,66.33,33.67,0.0
484032016,68986,162515,125,29.78,70.16,0.05
484032017,2098,2451,0,46.12,53.88,0.0
484032018,13914,11242,0,55.31,44.69,0.0
484032019,23519,36161,0,39.41,60.59,0.0
484032020,2858,1582,0,64.37,35.63,0.0
484032021,11862,7849,0,60.18,39.82,0.0
484032022,5698,6513,0,46.66,53.34,0.0
484032023,35463,17901,11,66.44,33.54,0.02
484032024,8003,5157,0,60.81,39.19,0.0
484032025,14345,3372,0,80.97,19.03,0.0
484032026,2309,411,0,84.89,15.11,0.0
484032027,1102,1349,0,44.96,55.04,0.0
484032028,16377,7233,0,69.36,30.64,0.0
484032029,1230,1217,0,50.27,49.73,0.0
484032030,5915,2740,0,68.34,31.66,0.0
484032031,6924,6271,0,52.47,47.53,0.0
484032032,2383,2142,0,52.66,47.34,0.0
484032033,12113,15729,18,43.48,56.46,0.06
484032034,11630,4654,0,71.42,28.58,0.0
484032035,25183,18877,0,57.16,42.84,0.0
484032036,12824,4753,0,72.96,27.04,0.0
484032037,51077,21077,0,70.79,29.21,0.0
484032038,38865,25514,0,60.37,39.63,0.0
484032039,16001,5831,0,73.29,26.71,0.0
484032040,36165,27406,0,56.89,43.11,0.0
484032041,692,673,0,50.7,49.3,0.0
484032042,9229,7349,0,55.67,44.33,0.0
484032043,4594,3705,8,55.3,44.6,0.1
484032044,4448,2035,2,68.59,31.38,0.03
484032045,11942,15243,0,43.93,56.07,0.0
484032046,19763,12590,0,61.09,38.91,0.0
484032047,5880,4396,0,57.22,42.78,0.0
484032048,23919,10678,0,69.14,30.86,0.0
484032049,11748,7730,0,60.31,39.69,0.0
484032050,6678,6470,0,50.79,49.21,0.0
484032051,14662,4764,0,75.48,24.52,0.0
484032052,12499,18863,0,39.85,60.15,0.0
484032053,30619,117226,0,20.71,79.29,0.0
