GEOLEV2,AFRDES_YES_POP,AFRDES_NO_POP,AFRDES_UK_POP,AFRDES_YES_PCT,AFRDES_NO_PCT,AFRDES_UK_PCT
484001001,11776,1015891,207,1.15,98.83,0.02
484001002,154,51320,0,0.3,99.7,0.0
484001003,226,57929,0,0.39,99.61,0.0
484001004,71,16926,0,0.42,99.58,0.0
484001005,3305,126530,24,2.55,97.44,0.02
484001006,686,104136,4,0.65,99.34,0.0
484001007,1517,8035,0,15.88,84.12,0.0
484001008,59,22402,0,0.26,99.74,0.0
484002001,17058,539755,861,3.06,96.79,0.15
484002002,13823,1026886,1686,1.33,98.51,0.16
484002004,54843,2080671,4214,2.56,97.24,0.2
484003001,22767,768875,1782,2.87,96.91,0.22
484004001,3728,55455,9,6.3,93.69,0.02
484004003,25778,774229,15608,3.16,94.93,1.91
484004004,161,31753,0,0.5,99.5,0.0
484004005,26,8651,6,0.3,99.63,0.07
484004006,200,11254,0,1.75,98.25,0.0
484005001,2,1016,4,0.2,99.41,0.39
484005002,827,161917,50,0.51,99.46,0.03
484005003,40,22981,8,0.17,99.79,0.03
484005004,980,28372,136,3.32,96.22,0.46
484005005,14,1624,5,0.85,98.84,0.3
484005006,108,28967,27,0.37,99.54,0.09
484005007,10,12663,24,0.08,99.73,0.19
484005008,11,3035,2,0.36,99.57,0.07
484005009,111,58902,0,0.19,99.81,0.0
484005010,298,82040,0,0.36,99.64,0.0
484005011,903,10947,23,7.61,92.2,0.19
484005012,12,1622,0,0.73,99.27,0.0
484005013,0,1734,1,0.0,99.94,0.06
484005014,37,9310,0,0.4,99.6,0.0
484005015,0,1584,2,0.0,99.87,0.13
484005016,3,1758,3,0.17,99.66,0.17
484005017,813,116983,56,0.69,99.26,0.05
484005018,1390,236187,243,0.58,99.31,0.1
484005019,19,7852,2,0.24,99.73,0.03
484005020,1907,69678,19,2.66,97.31,0.03
484005021,15,6523,0,0.23,99.77,0.0
484005022,65,32983,8,0.2,99.78,0.02
484005023,9,9491,6,0.09,99.84,0.06
484005024,179,44080,26,0.4,99.54,0.06
484005025,222,174687,29,0.13,99.86,0.02
484005026,2,3214,3,0.06,99.84,0.09
484005027,1595,119071,256,1.32,98.47,0.21
484005028,2509,62257,10,3.87,96.11,0.02
484005029,7,2464,0,0.28,99.72,0.0
484005030,7422,868268,2056,0.85,98.92,0.23
484005031,182,24504,55,0.74,99.04,0.22
484005032,198,41957,57,0.47,99.4,0.14
484005033,157,100595,68,0.16,99.78,0.07
484005034,6,6518,5,0.09,99.83,0.08
484005035,6383,710086,2056,0.89,98.83,0.29
484005036,70,20106,12,0.35,99.59,0.06
484005037,2,6175,11,0.03,99.79,0.18
484005038,60,13047,3,0.46,99.52,0.02
484006001,2753,215038,166,1.26,98.66,0.08
484006002,1639,153484,50,1.06,98.91,0.03
484006003,361,21229,12,1.67,98.27,0.06
484006004,206,20596,10,0.99,98.96,0.05
484006005,290,30893,0,0.93,99.07,0.0
484006006,21,5594,0,0.37,99.63,0.0
484006007,314,9914,0,3.07,96.93,0.0
484006008,1001,115014,12,0.86,99.13,0.01
484006009,2882,146796,25,1.93,98.06,0.02
484007001,58,17933,3,0.32,99.66,0.02
484007002,388,143345,62,0.27,99.69,0.04
484007003,6,26811,8,0.02,99.95,0.03
484007004,2140,33970,0,5.93,94.07,0.0
484007005,128,24312,0,0.52,99.48,0.0
484007006,43,31689,3,0.14,99.86,0.01
484007007,6,11268,1,0.05,99.94,0.01
484007008,61,40266,0,0.15,99.85,0.0
484007009,149,40900,23,0.36,99.58,0.06
484007010,19,7369,0,0.26,99.74,0.0
484007011,36,20116,3,0.18,99.81,0.01
484007012,1064,63438,15,1.65,98.33,0.02
484007013,74,36904,6,0.2,99.78,0.02
484007014,125,24106,8,0.52,99.45,0.03
484007015,80,49847,0,0.16,99.84,0.0
484007016,25,17445,0,0.14,99.86,0.0
484007017,1236,85460,8,1.43,98.57,0.01
484007018,16,9830,0,0.16,99.84,0.0
484007019,796,164853,0,0.48,99.52,0.0
484007020,3227,46642,0,6.47,93.53,0.0
484007021,603,21539,0,2.72,97.28,0.0
484007022,22,21878,16,0.1,99.83,0.07
484007023,215,101667,37,0.21,99.75,0.04
484007024,24,13596,7,0.18,99.77,0.05
484007025,163,7191,10,2.21,97.65,0.14
484007026,501,55252,11,0.9,99.08,0.02
484007028,16,6138,1,0.26,99.72,0.02
484007029,6,5394,2,0.11,99.85,0.04
484007030,59,36665,5,0.16,99.83,0.01
484007031,730,135827,233,0.53,99.3,0.17
484007032,34,30850,0,0.11,99.89,0.0
484007033,987,6228,0,13.68,86.32,0.0
484007034,214,80643,0,0.26,99.74,0.0
484007035,4,14449,3,0.03,99.95,0.02
484007036,40,7644,0,0.52,99.48,0.0
484007037,221,36096,12,0.61,99.36,0.03
484007038,159,22768,0,0.69,99.31,0.0
484007039,124,27746,0,0.44,99.56,0.0
484007040,232,52303,0,0.44,99.56,0.0
484007041,78,46259,5,0.17,99.82,0.01
484007042,22,11284,0,0.19,99.81,0.0
484007043,285,10671,5,2.6,97.35,0.05
484007044,2980,25983,20,10.28,89.65,0.07
484007045,414,5765,0,6.7,93.3,0.0
484007046,52,41011,0,0.13,99.87,0.0
484007047,26,24876,0,0.1,99.9,0.0
484007048,202,21542,3,0.93,99.06,0.01
484007049,77,36001,0,0.21,99.79,0.0
484007050,4,5229,0,0.08,99.92,0.0
484007051,83,46004,8,0.18,99.8,0.02
484007052,1524,154075,3,0.98,99.02,0.0
484007053,9,7887,2,0.11,99.86,0.03
484007054,434,27666,0,1.54,98.46,0.0
484007055,48,5835,0,0.82,99.18,0.0
484007056,8,13597,2,0.06,99.93,0.01
484007057,310,75948,0,0.41,99.59,0.0
484007058,151,4615,0,3.17,96.83,0.0
484007059,1217,306655,158,0.4,99.55,0.05
484007060,564,13456,1,4.02,95.97,0.01
484007061,486,141473,119,0.34,99.57,0.08
484007062,200,18269,0,1.08,98.92,0.0
484007063,41,3943,1,1.03,98.95,0.03
484007064,576,54200,6,1.05,98.94,0.01
484007065,327,131462,0,0.25,99.75,0.0
484007066,49,26216,4,0.19,99.8,0.02
484007067,33,12157,0,0.27,99.73,0.0
484007068,234,31612,0,0.73,99.27,0.0
484007069,326,50845,0,0.64,99.36,0.0
484007070,19,12244,0,0.15,99.85,0.0
484007071,60,29039,0,0.21,99.79,0.0
484007072,2001,60130,18,3.22,96.75,0.03
484007074,1046,43773,0,2.33,97.67,0.0
484007075,24,28771,4,0.08,99.9,0.01
484007076,245,29604,5,0.82,99.16,0.02
484007077,764,63001,0,1.2,98.8,0.0
484007078,442,214268,154,0.21,99.72,0.07
484007079,264,41510,18,0.63,99.33,0.04
484007080,56,30179,11648,0.13,72.06,27.81
484007081,482,58382,9,0.82,99.17,0.02
484007082,41,15372,1,0.27,99.73,0.01
484007083,188,18900,4,0.98,98.99,0.02
484007084,42,8454,2,0.49,99.48,0.02
484007085,541,10350,0,4.97,95.03,0.0
484007086,23,25591,11,0.09,99.87,0.04
484007087,27,41562,0,0.06,99.94,0.0
484007088,1,2307,0,0.04,99.96,0.0
484007089,1846,348291,185,0.53,99.42,0.05
484007090,8,4431,0,0.18,99.82,0.0
484007093,126,47984,1,0.26,99.74,0.0
484007094,656,48821,3,1.33,98.67,0.01
484007095,148,83106,8,0.18,99.81,0.01
484007096,354,91347,0,0.39,99.61,0.0
484007097,9,7201,0,0.12,99.88,0.0
484007098,29,82941,9,0.03,99.95,0.01
484007099,100,37702,1,0.26,99.73,0.0
484007100,7208,595224,173,1.2,98.78,0.03
484007101,140,40881,0,0.34,99.66,0.0
484007102,43,30220,25,0.14,99.78,0.08
484007103,12,16527,9,0.07,99.87,0.05
484007104,37,15931,0,0.23,99.77,0.0
484007105,194,67034,30,0.29,99.67,0.04
484007106,499,80692,18,0.61,99.36,0.02
484007107,217,109124,0,0.2,99.8,0.0
484007108,129,39991,6,0.32,99.66,0.01
484007109,8,7519,1,0.11,99.88,0.01
484007110,309,44894,8,0.68,99.3,0.02
484008001,78,14510,35,0.53,99.23,0.24
484008002,33,25924,5,0.13,99.85,0.02
484008003,19,8448,20,0.22,99.54,0.24
484008004,56,21232,89,0.26,99.32,0.42
484008005,52,25992,35,0.2,99.67,0.13
484008006,13,5774,6,0.22,99.67,0.1
484008007,298,76742,23,0.39,99.58,0.03
484008008,66,22937,90,0.29,99.32,0.39
484008009,65,25046,20,0.26,99.66,0.08
484008010,233,49139,33,0.47,99.46,0.07
484008011,29,8056,20,0.36,99.4,0.25
484008012,80,11709,3,0.68,99.3,0.03
484008013,3,2023,8,0.15,99.46,0.39
484008014,9,1202,19,0.73,97.72,1.54
484008015,10,3685,1,0.27,99.7,0.03
484008016,5163,174189,155,2.88,97.04,0.09
484008017,6,5090,5,0.12,99.78,0.1
484008018,7435,927208,607,0.79,99.14,0.06
484008019,18,6163,18,0.29,99.42,0.29
484008020,2025,148214,65,1.35,98.61,0.04
484008021,4,2449,5,0.16,99.63,0.2
484008022,4,6652,0,0.06,99.94,0.0
484008023,1,3786,6,0.03,99.82,0.16
484008024,41,6961,0,0.59,99.41,0.0
484008025,11,2433,4,0.45,99.39,0.16
484008026,1,4175,2,0.02,99.93,0.05
484008027,56,50202,16,0.11,99.86,0.03
484008028,20,8171,4,0.24,99.71,0.05
484008029,287,35008,63,0.81,99.01,0.18
484008030,325,115844,28,0.28,99.7,0.02
484008031,1,822,3,0.12,99.52,0.36
484008032,8,5178,6,0.15,99.73,0.12
484008033,19,10906,11,0.17,99.73,0.1
484008034,67,40701,6,0.16,99.82,0.01
484008035,17341,1485981,2392,1.15,98.69,0.16
484008036,10,4966,4,0.2,99.72,0.08
484008037,3,4027,0,0.07,99.93,0.0
484008038,332,24705,40,1.32,98.52,0.16
484008039,1,1291,4,0.08,99.61,0.31
484008040,2,1171,7,0.17,99.24,0.59
484008041,5,2738,1,0.18,99.78,0.04
484008042,1,4257,7,0.02,99.81,0.16
484008043,230,44496,5,0.51,99.47,0.01
484008044,21,7138,4,0.29,99.65,0.06
484008045,17,4421,9,0.38,99.42,0.2
484008046,80,22571,4,0.35,99.63,0.02
484008047,7,2741,5,0.25,99.56,0.18
484008048,164,65278,55,0.25,99.67,0.08
484008049,170,7928,25,2.09,97.6,0.31
484008050,108,24240,149,0.44,98.95,0.61
484008051,8,5064,17,0.16,99.51,0.33
484008052,8,7685,2,0.1,99.87,0.03
484008053,85,16690,0,0.51,99.49,0.0
484008054,4,2077,0,0.19,99.81,0.0
484008055,5,2183,4,0.23,99.59,0.18
484008056,3,2693,1,0.11,99.85,0.04
484008057,21,4981,2,0.42,99.54,0.04
484008058,586,10970,10,5.07,94.85,0.09
484008059,0,3408,6,0.0,99.82,0.18
484008060,32,29744,21,0.11,99.82,0.07
484008061,17,5291,12,0.32,99.45,0.23
484008062,5,1440,4,0.35,99.38,0.28
484008063,183,16827,19,1.07,98.81,0.11
484008064,237,6267,8,3.64,96.24,0.12
484008065,7,4754,7,0.15,99.71,0.15
484009001,111945,5291777,10081,2.07,97.75,0.19
484009002,38403,2220022,423,1.7,98.28,0.02
484009003,3507,242916,362,1.42,98.43,0.15
484009004,1494,151188,0,0.98,99.02,0.0
484009005,9737,382186,45,2.48,97.5,0.01
484009006,19029,675445,833,2.74,97.14,0.12
484010001,222,58758,10,0.38,99.61,0.02
484010002,1,4290,4,0.02,99.88,0.09
484010003,1,4077,0,0.02,99.98,0.0
484010004,364,34527,64,1.04,98.78,0.18
484010005,10311,673090,329,1.51,98.44,0.05
484010006,50,9972,0,0.5,99.5,0.0
484010007,1186,369134,93,0.32,99.65,0.03
484010008,641,35690,0,1.76,98.24,0.0
484010009,52,9755,21,0.53,99.26,0.21
484010010,33,3792,10,0.86,98.88,0.26
484010011,7,4713,8,0.15,99.68,0.17
484010012,1708,161415,53,1.05,98.92,0.03
484010013,1220,25689,21,4.53,95.39,0.08
484010014,667,46300,249,1.41,98.06,0.53
484010015,29,12856,1,0.23,99.77,0.01
484010016,296,18752,0,1.55,98.45,0.0
484010017,40,7941,22,0.5,99.23,0.27
484010018,30,10318,36,0.29,99.36,0.35
484010019,8,4917,0,0.16,99.84,0.0
484010020,30,12614,0,0.24,99.76,0.0
484010021,22,11088,0,0.2,99.8,0.0
484010022,371,25228,6,1.45,98.53,0.02
484010023,163,50857,4,0.32,99.67,0.01
484010024,215,12593,6,1.68,98.28,0.05
484010025,8,2812,19,0.28,99.05,0.67
484010026,76,17139,0,0.44,99.56,0.0
484010027,24,5224,3,0.46,99.49,0.06
484010028,15,11997,0,0.12,99.88,0.0
484010029,2,2098,3,0.1,99.76,0.14
484010030,12,1613,0,0.74,99.26,0.0
484010031,106,6619,2,1.58,98.39,0.03
484010032,80,48193,0,0.17,99.83,0.0
484010033,53,6864,0,0.77,99.23,0.0
484010034,43,26100,36,0.16,99.7,0.14
484010035,47,11326,0,0.41,99.59,0.0
484010036,55,21077,11,0.26,99.69,0.05
484010037,12,9204,4,0.13,99.83,0.04
484010038,138,23282,12,0.59,99.36,0.05
484011001,255,91688,3,0.28,99.72,0.0
484011002,723,107489,57,0.67,99.28,0.05
484011003,1370,172463,26,0.79,99.2,0.01
484011004,230,63109,37,0.36,99.58,0.06
484011005,2905,114845,92,2.47,97.46,0.08
484011006,4,5330,8,0.07,99.78,0.15
484011007,5746,513087,940,1.11,98.71,0.18
484011008,289,40933,0,0.7,99.3,0.0
484011009,123,82028,44,0.15,99.8,0.05
484011010,237,10826,0,2.14,97.86,0.0
484011011,4010,93837,4,4.1,95.9,0.0
484011012,118,30598,25,0.38,99.53,0.08
484011013,177,27179,8,0.65,99.32,0.03
484011014,1228,160499,58,0.76,99.21,0.04
484011015,2540,190962,188,1.31,98.59,0.1
484011016,24,21102,0,0.11,99.89,0.0
484011017,6717,578907,57,1.15,98.84,0.01
484011018,775,37993,0,2.0,98.0,0.0
484011019,187,49245,19,0.38,99.58,0.04
484011020,23805,1688020,4988,1.39,98.32,0.29
484011021,124,47051,37,0.26,99.66,0.08
484011022,57,24685,7,0.23,99.74,0.03
484011023,450,154100,19,0.29,99.7,0.01
484011024,26,12362,3,0.21,99.77,0.02
484011025,277,83408,0,0.33,99.67,0.0
484011026,141,65567,26,0.21,99.75,0.04
484011027,2255,270676,18,0.83,99.17,0.01
484011028,569,93368,78,0.61,99.31,0.08
484011029,196,40850,0,0.48,99.52,0.0
484011030,204,119334,44,0.17,99.79,0.04
484011031,887,129609,85,0.68,99.26,0.07
484011032,1736,87767,3,1.94,98.06,0.0
484011033,1889,126509,32,1.47,98.5,0.02
484011034,14,5705,0,0.24,99.76,0.0
484011035,227,82064,4,0.28,99.72,0.0
484011036,66,6643,1,0.98,99.0,0.01
484011037,1783,200175,1064,0.88,98.6,0.52
484011038,66,11195,37,0.58,99.09,0.33
484011039,139,35662,44,0.39,99.49,0.12
484011040,63,19941,3,0.31,99.67,0.01
484011041,200,61245,0,0.33,99.67,0.0
484011042,419,148162,46,0.28,99.69,0.03
484011043,190,21056,2,0.89,99.1,0.01
484011044,552,65137,78,0.84,99.04,0.12
484011045,3,11131,2,0.03,99.96,0.02
484011046,554,68111,59,0.81,99.11,0.09
484012001,84756,690877,888,10.91,88.97,0.11
484012002,804,24137,7,3.22,96.75,0.03
484012003,159,37104,24,0.43,99.51,0.06
484012004,531,20567,0,2.52,97.48,0.0
484012005,267,7447,0,3.46,96.54,0.0
484012006,37,11075,0,0.33,99.67,0.0
484012007,1122,32116,18,3.37,96.57,0.05
484012008,88,9054,7,0.96,98.96,0.08
484012009,23,5684,2,0.4,99.56,0.04
484012010,874,27543,2,3.08,96.92,0.01
484012011,495,60132,28,0.82,99.14,0.05
484012012,5268,63718,10,7.64,92.35,0.01
484012013,12939,23964,12,35.05,64.92,0.03
484012014,509,14911,4,3.3,96.67,0.03
484012015,438,12536,4,3.37,96.59,0.03
484012016,22,12378,8,0.18,99.76,0.06
484012017,375,15204,0,2.41,97.59,0.0
484012018,7945,6515,3,54.93,45.05,0.02
484012019,2004,13494,5,12.93,87.04,0.03
484012020,594,20837,3,2.77,97.21,0.01
484012021,1377,71511,36,1.89,98.06,0.05
484012022,80,38280,79,0.21,99.59,0.21
484012023,21427,5195,6,80.47,19.51,0.02
484012024,104,7704,0,1.33,98.67,0.0
484012025,5612,11407,0,32.97,67.03,0.0
484012026,246,8027,0,2.97,97.03,0.0
484012027,12,20518,7,0.06,99.91,0.03
484012028,20170,121148,86,14.26,85.68,0.06
484012029,26919,253567,334,9.59,90.3,0.12
484012030,11258,10923,4,50.75,49.24,0.02
484012031,0,6255,4,0.0,99.94,0.06
484012032,66,37133,0,0.18,99.82,0.0
484012033,734,16736,9,4.2,95.75,0.05
484012034,606,35858,28,1.66,98.26,0.08
484012035,6247,146970,251,4.07,95.77,0.16
484012036,2616,9119,3,22.29,77.69,0.03
484012037,0,6136,2,0.0,99.97,0.03
484012038,6917,145017,86,4.55,95.39,0.06
484012039,5647,20383,3,21.69,78.3,0.01
484012040,74,26259,16,0.28,99.66,0.06
484012041,8933,32005,4,21.82,78.17,0.01
484012042,151,18462,0,0.81,99.19,0.0
484012043,308,39549,14,0.77,99.19,0.04
484012044,782,11619,0,6.31,93.69,0.0
484012045,2793,25488,0,9.88,90.12,0.0
484012046,13618,54276,5,20.06,79.94,0.01
484012047,10,7062,6,0.14,99.77,0.08
484012048,949,43570,31,2.13,97.8,0.07
484012049,334,12412,0,2.62,97.38,0.0
484012050,3314,35003,0,8.65,91.35,0.0
484012051,4540,31573,0,12.57,87.43,0.0
484012052,6666,39244,0,14.52,85.48,0.0
484012053,6776,43268,77,13.52,86.33,0.15
484012054,71,24058,10,0.29,99.66,0.04
484012055,1062,104343,25,1.01,98.97,0.02
484012056,4360,41703,0,9.47,90.53,0.0
484012057,734,64326,11,1.13,98.86,0.02
484012058,436,53349,25,0.81,99.14,0.05
484012059,173,30570,8,0.56,99.41,0.03
484012060,506,13040,0,3.74,96.26,0.0
484012061,2766,40071,4,6.46,93.53,0.01
484012062,2704,19899,6,11.96,88.01,0.03
484012063,85,9891,0,0.85,99.15,0.0
484012064,23,11638,21,0.2,99.62,0.18
484012065,149,7434,4,1.96,97.98,0.05
484012066,3091,92315,25,3.24,96.73,0.03
484012067,3098,18977,4,14.03,85.95,0.02
484012068,110,11776,2,0.93,99.06,0.02
484012069,168,7694,0,2.14,97.86,0.0
484012070,4535,25124,7,15.29,84.69,0.02
484012071,679,50766,2,1.32,98.68,0.0
484012072,318,16875,0,1.85,98.15,0.0
484012073,288,21632,14,1.31,98.62,0.06
484012074,8988,44059,21,16.94,83.02,0.04
484013001,370,21897,0,1.66,98.34,0.0
484013002,657,45390,12,1.43,98.55,0.03
484013003,731,60015,161,1.2,98.54,0.26
484013004,284,10029,0,2.75,97.25,0.0
484013005,236,18636,0,1.25,98.75,0.0
484013006,297,18840,4,1.55,98.43,0.02
484013007,137,12390,21,1.09,98.74,0.17
484013008,1174,45375,11,2.52,97.45,0.02
484013009,92,19743,0,0.46,99.54,0.0
484013010,695,30763,15,2.21,97.74,0.05
484013011,151,19644,0,0.76,99.24,0.0
484013012,56,30059,5,0.19,99.8,0.02
484013013,2346,60105,13,3.76,96.22,0.02
484013014,87,16054,4,0.54,99.44,0.02
484013015,879,18403,12,4.56,95.38,0.06
484013016,122,60257,18,0.2,99.77,0.03
484013017,259,12699,3,2.0,97.98,0.02
484013018,134,22727,0,0.59,99.41,0.0
484013019,434,42071,16,1.02,98.94,0.04
484013020,25,2565,3,0.96,98.92,0.12
484013021,278,14879,3,1.83,98.15,0.02
484013022,143,16095,47,0.88,98.83,0.29
484013023,839,35352,27,2.32,97.61,0.07
484013024,55,17535,11,0.31,99.63,0.06
484013025,97,20560,4,0.47,99.51,0.02
484013026,130,12634,0,1.02,98.98,0.0
484013027,310,22397,0,1.37,98.63,0.0
484013028,13750,112908,55,10.85,89.11,0.04
484013029,59,47231,29,0.12,99.81,0.06
484013030,1302,96920,0,1.33,98.67,0.0
484013031,91,12120,0,0.75,99.25,0.0
484013032,30,10215,0,0.29,99.71,0.0
484013033,145,2746,4,5.01,94.85,0.14
484013034,65,9409,0,0.69,99.31,0.0
484013035,1990,11081,6,15.22,84.74,0.05
484013036,140,9296,0,1.48,98.52,0.0
484013037,291,20645,6,1.39,98.58,0.03
484013038,113,8734,22,1.27,98.48,0.25
484013039,250,14072,0,1.75,98.25,0.0
484013040,2,9816,0,0.02,99.98,0.0
484013041,824,46295,0,1.75,98.25,0.0
484013042,0,11418,0,0.0,100.0,0.0
484013043,60,6106,0,0.97,99.03,0.0
484013044,10,16932,6,0.06,99.91,0.04
484013045,22,9272,0,0.24,99.76,0.0
484013046,276,38193,0,0.72,99.28,0.0
484013047,11,4767,3,0.23,99.71,0.06
484013048,5150,306351,285,1.65,98.26,0.09
484013049,24,18675,12,0.13,99.81,0.06
484013050,10871,191503,222,5.37,94.52,0.11
484013051,1625,37249,0,4.18,95.82,0.0
484013052,44,17557,1,0.25,99.74,0.01
484013053,197,36531,21,0.54,99.41,0.06
484013054,632,17691,6,3.45,96.52,0.03
484013055,105,39438,3,0.27,99.73,0.01
484013056,148,14992,0,0.98,99.02,0.0
484013057,62,17365,0,0.36,99.64,0.0
484013058,445,37497,0,1.17,98.83,0.0
484013059,273,17018,0,1.58,98.42,0.0
484013060,1319,54761,149,2.35,97.39,0.26
484013061,89,31064,0,0.29,99.71,0.0
484013062,1027,89495,0,1.13,98.87,0.0
484013063,52,10777,0,0.48,99.52,0.0
484013064,763,30054,17,2.47,97.47,0.06
484013065,147,12876,9,1.13,98.8,0.07
484013066,153,54979,0,0.28,99.72,0.0
484013067,32,14297,0,0.22,99.78,0.0
484013068,4486,163421,240,2.67,97.19,0.14
484013069,50,8980,0,0.55,99.45,0.0
484013070,27,11086,0,0.24,99.76,0.0
484013071,609,37111,0,1.61,98.39,0.0
484013072,418,28195,9,1.46,98.51,0.03
484013073,184,21069,12,0.87,99.08,0.06
484013074,6541,107857,68,5.71,94.23,0.06
484013075,10198,157316,0,6.09,93.91,0.0
484013076,908,17312,0,4.98,95.02,0.0
484013077,38,6977,0,0.54,99.46,0.0
484013078,110,24564,0,0.45,99.55,0.0
484013079,241,37795,65,0.63,99.2,0.17
484013080,220,21214,0,1.03,98.97,0.0
484013081,2383,55503,0,4.12,95.88,0.0
484013082,312,39405,0,0.79,99.21,0.0
484014001,83,23063,0,0.36,99.64,0.0
484014002,777,22855,0,3.29,96.71,0.0
484014003,648,22672,28,2.78,97.1,0.12
484014004,61,5651,2,1.07,98.9,0.04
484014005,93,16348,0,0.57,99.43,0.0
484014006,383,59572,13,0.64,99.34,0.02
484014007,34,9396,3,0.36,99.61,0.03
484014008,412,98357,9,0.42,99.57,0.01
484014009,110,20932,72,0.52,99.14,0.34
484014010,105,7674,1,1.35,98.64,0.01
484014011,33,5564,2,0.59,99.37,0.04
484014012,10,4166,0,0.24,99.76,0.0
484014013,328,63285,0,0.52,99.48,0.0
484014014,59,8605,0,0.68,99.32,0.0
484014015,906,63559,0,1.41,98.59,0.0
484014016,130,41369,19,0.31,99.64,0.05
484014017,88,12768,5,0.68,99.28,0.04
484014018,364,67503,8,0.54,99.45,0.01
484014019,2,6769,2,0.03,99.94,0.03
484014020,127,10810,3,1.16,98.81,0.03
484014021,0,20508,8,0.0,99.96,0.04
484014022,2153,37910,28,5.37,94.56,0.07
484014023,750,112611,137,0.66,99.22,0.12
484014024,1094,28053,59,3.75,96.05,0.2
484014025,344,19192,19,1.76,98.14,0.1
484014026,16,6305,4,0.25,99.68,0.06
484014027,124,18243,3,0.68,99.31,0.02
484014028,54,2110,2,2.49,97.41,0.09
484014029,39,17765,0,0.22,99.78,0.0
484014030,305,54535,12,0.56,99.42,0.02
484014031,46,3216,2,1.41,98.53,0.06
484014032,21,5962,0,0.35,99.65,0.0
484014033,64,21131,4,0.3,99.68,0.02
484014034,16,1933,6,0.82,98.87,0.31
484014035,185,52810,0,0.35,99.65,0.0
484014036,69,19829,24,0.35,99.53,0.12
484014037,138,25709,12,0.53,99.42,0.05
484014038,10,4179,4,0.24,99.67,0.1
484014039,11584,1366232,1909,0.84,99.02,0.14
484014040,11,8713,8,0.13,99.78,0.09
484014041,8,5909,2,0.14,99.83,0.03
484014042,66,9932,2,0.66,99.32,0.02
484014043,103,23142,10,0.44,99.51,0.04
484014044,2096,65737,0,3.09,96.91,0.0
484014045,930,19484,38,4.55,95.27,0.19
484014046,69,32448,19,0.21,99.73,0.06
484014047,1097,23422,0,4.47,95.53,0.0
484014048,157,18766,7,0.83,99.13,0.04
484014049,11,8744,5,0.13,99.82,0.06
484014050,1914,45003,20,4.08,95.88,0.04
484014051,730,30115,0,2.37,97.63,0.0
484014052,37,5479,7,0.67,99.2,0.13
484014053,1356,170614,44,0.79,99.19,0.03
484014054,71,5275,7,1.33,98.54,0.13
484014055,239,21511,17,1.1,98.82,0.08
484014056,9,1805,1,0.5,99.45,0.06
484014057,9,4086,1,0.22,99.76,0.02
484014058,64,14343,0,0.44,99.56,0.0
484014059,85,13936,9,0.61,99.33,0.06
484014060,0,5298,9,0.0,99.83,0.17
484014061,837,20134,23,3.99,95.9,0.11
484014062,20,3617,2,0.55,99.4,0.05
484014063,1732,104157,54,1.63,98.31,0.05
484014064,86,33464,22,0.26,99.68,0.07
484014065,15,11344,0,0.13,99.87,0.0
484014066,4021,49548,8,7.51,92.48,0.01
484014067,6283,283802,702,2.16,97.6,0.24
484014068,54,11236,10,0.48,99.43,0.09
484014069,20,7714,0,0.26,99.74,0.0
484014070,2354,217792,99,1.07,98.89,0.04
484014071,2,2915,5,0.07,99.76,0.17
484014072,19,7588,0,0.25,99.75,0.0
484014073,550,71476,0,0.76,99.24,0.0
484014074,261,16460,21,1.56,98.32,0.13
484014075,99,3671,7,2.62,97.19,0.19
484014076,2,3074,3,0.06,99.84,0.1
484014077,65,27904,26,0.23,99.67,0.09
484014078,282,31630,5,0.88,99.1,0.02
484014079,1004,15367,10,6.13,93.81,0.06
484014080,12,5069,5,0.24,99.67,0.1
484014081,10,3501,4,0.28,99.6,0.11
484014082,494,36319,0,1.34,98.66,0.0
484014083,1267,86390,21,1.45,98.53,0.02
484014084,45,14921,3,0.3,99.68,0.02
484014085,332,38031,66,0.86,98.96,0.17
484014086,25,20957,21,0.12,99.78,0.1
484014087,26,16522,8,0.16,99.79,0.05
484014088,215,16358,4,1.3,98.68,0.02
484014089,8,4064,0,0.2,99.8,0.0
484014090,38,7245,0,0.52,99.48,0.0
484014091,71,39718,27,0.18,99.75,0.07
484014092,54,10892,0,0.49,99.51,0.0
484014093,1053,148575,0,0.7,99.3,0.0
484014094,690,43512,13,1.56,98.41,0.03
484014095,129,9506,2,1.34,98.64,0.02
484014096,309,22333,0,1.36,98.64,0.0
484014097,17141,708310,1348,2.36,97.46,0.19
484014098,8725,677048,184,1.27,98.7,0.03
484014099,50,10365,2,0.48,99.5,0.02
484014100,38,36249,6,0.1,99.88,0.02
484014101,6344,561756,1411,1.11,98.64,0.25
484014102,4,5957,0,0.07,99.93,0.0
484014103,74,7470,5,0.98,98.95,0.07
484014104,19,4137,4,0.46,99.45,0.1
484014105,183,23313,0,0.78,99.22,0.0
484014106,11,4574,1,0.24,99.74,0.02
484014107,42,6652,2,0.63,99.34,0.03
484014108,2194,35134,0,5.88,94.12,0.0
484014109,68,18998,0,0.36,99.64,0.0
484014110,169,13614,3,1.23,98.75,0.02
484014111,21,6589,8,0.32,99.56,0.12
484014112,13,6134,3,0.21,99.74,0.05
484014113,117,15190,5,0.76,99.2,0.03
484014114,54,18534,25,0.29,99.58,0.13
484014115,16,5503,0,0.29,99.71,0.0
484014116,120,19950,6,0.6,99.37,0.03
484014117,14,4374,0,0.32,99.68,0.0
484014118,276,22002,14,1.24,98.7,0.06
484014119,479,29471,16,1.6,98.35,0.05
484014120,15704,1452846,3469,1.07,98.7,0.24
484014121,435,32525,0,1.32,98.68,0.0
484014122,64,7402,0,0.86,99.14,0.0
484014123,431,18848,0,2.24,97.76,0.0
484014124,495,64205,65,0.76,99.14,0.1
484015001,353,66899,619,0.52,98.57,0.91
484015002,2670,162850,64,1.61,98.35,0.04
484015003,244,49017,0,0.5,99.5,0.0
484015004,66,15255,0,0.43,99.57,0.0
484015005,1792,168060,252,1.05,98.8,0.15
484015006,169,12515,12,1.33,98.57,0.09
484015007,148,23520,0,0.63,99.37,0.0
484015008,248,24997,0,0.98,99.02,0.0
484015009,580,52788,6,1.09,98.9,0.01
484015010,794,31102,0,2.49,97.51,0.0
484015011,66208,4340815,26618,1.49,97.91,0.6
484015012,155,12817,17,1.19,98.68,0.13
484015013,16917,505113,1279,3.23,96.52,0.24
484015014,202,108872,209,0.18,99.62,0.19
484015015,302,31578,0,0.95,99.05,0.0
484015016,123,28980,5,0.42,99.56,0.02
484015017,10,9867,2,0.1,99.88,0.02
484015018,742,67730,0,1.08,98.92,0.0
484015019,502,36404,3,1.36,98.63,0.01
484015020,8856,284116,325,3.02,96.87,0.11
484015021,325,38305,13,0.84,99.13,0.03
484015022,123,14984,0,0.81,99.19,0.0
484015023,202,40607,77,0.49,99.32,0.19
484015024,24431,1323139,3776,1.81,97.91,0.28
484015025,22874,763707,1721,2.9,96.88,0.22
484015026,3694,28040,3,11.64,88.35,0.01
484015027,151,12613,6,1.18,98.77,0.05
484015028,409,29636,0,1.36,98.64,0.0
484015029,4542,194035,1983,2.26,96.75,0.99
484015030,473,27195,6,1.71,98.27,0.02
484015031,358,36543,54,0.97,98.89,0.15
484015032,38,10783,4,0.35,99.61,0.04
484015033,4922,157886,427,3.02,96.72,0.26
484015034,829,45885,36,1.77,98.15,0.08
484015035,2988,281249,449,1.05,98.79,0.16
484015036,125,11792,0,1.05,98.95,0.0
484015037,11586,528929,1294,2.14,97.62,0.24
484015038,298,36545,28,0.81,99.12,0.08
484015039,50,6422,0,0.77,99.23,0.0
484015040,1134,158309,271,0.71,99.12,0.17
484015041,501,30168,15,1.63,98.32,0.05
484015042,824,42277,0,1.91,98.09,0.0
484015043,1457,85805,0,1.67,98.33,0.0
484015044,30,19812,25,0.15,99.72,0.13
484015045,507,76315,0,0.66,99.34,0.0
484015046,219,69000,9,0.32,99.67,0.01
484015047,352,15072,3,2.28,97.7,0.02
484015048,900,26173,30,3.32,96.57,0.11
484015049,1598,166781,1589,0.94,98.12,0.93
484015050,1590,26482,12,5.66,94.3,0.04
484015051,1522,59664,30,2.49,97.46,0.05
484015052,2846,238938,366,1.18,98.67,0.15
484015053,91,13696,5,0.66,99.3,0.04
484015054,145,33012,7,0.44,99.54,0.02
484015055,14104,819280,119,1.69,98.29,0.01
484015056,7724,49285,73,13.53,86.34,0.13
484015057,8114,421274,912,1.89,97.9,0.21
484015058,18,10321,12,0.17,99.71,0.12
484015059,2873,69204,11,3.99,96.0,0.02
484015060,557,35665,0,1.54,98.46,0.0
484015061,2689,34000,4,7.33,92.66,0.01
484015062,192,35190,0,0.54,99.46,0.0
484015063,15,4828,0,0.31,99.69,0.0
484015064,454,88290,0,0.51,99.49,0.0
484015065,232,30528,0,0.75,99.25,0.0
484015066,61,4766,5,1.26,98.63,0.1
484015067,6452,297270,272,2.12,97.79,0.09
484015068,53,14915,0,0.35,99.65,0.0
484015069,194,15769,2,1.22,98.77,0.01
484015070,485,31468,4,1.52,98.47,0.01
484015071,17708,227280,13,7.23,92.77,0.01
484015072,402,28756,24,1.38,98.54,0.08
484015073,496,96913,21,0.51,99.47,0.02
484015074,5,6686,0,0.07,99.93,0.0
484015075,2,9726,0,0.02,99.98,0.0
484015076,203,14119,0,1.42,98.58,0.0
484015077,41,23943,0,0.17,99.83,0.0
484015078,9843,537041,552,1.8,98.1,0.1
484015079,339,107535,4,0.31,99.68,0.0
484015080,68,14054,8,0.48,99.46,0.06
484015081,372,43192,21,0.85,99.1,0.05
484015082,402,65969,20,0.61,99.36,0.03
484015083,164,34663,3,0.47,99.52,0.01
484015084,301,105339,83,0.28,99.64,0.08
484015085,902,102259,100,0.87,99.03,0.1
484015086,42,11309,5,0.37,99.59,0.04
484015087,1163,88422,16,1.3,98.68,0.02
484015088,666,64440,264,1.02,98.58,0.4
484015089,900,57500,102,1.54,98.29,0.17
484015090,154,32390,0,0.47,99.53,0.0
484015091,907,19557,9,4.43,95.53,0.04
484015092,432,39047,8,1.09,98.89,0.02
484015093,61,18359,0,0.33,99.67,0.0
484015094,307,5417,10,5.35,94.47,0.17
484015095,246,46748,40,0.52,99.39,0.09
484015096,1531,82702,19,1.82,98.16,0.02
484015097,79,16339,18,0.48,99.41,0.11
484015098,698,48358,4,1.42,98.57,0.01
484015099,81,31660,4,0.26,99.73,0.01
484015100,7591,901563,234,0.83,99.14,0.03
484015101,418,12471,14,3.24,96.65,0.11
484015102,3006,154492,134,1.91,98.01,0.09
484015103,1966,59156,4,3.22,96.78,0.01
484015104,590,52662,23,1.11,98.85,0.04
484015105,155,51314,0,0.3,99.7,0.0
484015106,484,68497,59,0.7,99.21,0.09
484015107,106,107852,217,0.1,99.7,0.2
484015108,433,54170,6,0.79,99.2,0.01
484015109,22,5088,0,0.43,99.57,0.0
484015110,102,13397,0,0.76,99.24,0.0
484015111,7066,196343,6,3.47,96.52,0.0
484015112,122,18712,0,0.65,99.35,0.0
484015113,6881,272541,501,2.46,97.36,0.18
484016001,123,11176,0,1.09,98.91,0.0
484016002,653,13792,212,4.46,94.1,1.45
484016003,58,22888,37,0.25,99.59,0.16
484016004,530,109834,0,0.48,99.52,0.0
484016005,57,10833,0,0.52,99.48,0.0
484016006,801,124825,64,0.64,99.31,0.05
484016007,167,3357,0,4.74,95.26,0.0
484016008,148,23559,375,0.61,97.83,1.56
484016009,131,35990,15,0.36,99.6,0.04
484016010,138,20066,38,0.68,99.13,0.19
484016011,106,11572,0,0.91,99.09,0.0
484016012,192,45167,48,0.42,99.47,0.11
484016013,41,8976,6,0.45,99.48,0.07
484016014,1220,15679,0,7.22,92.78,0.0
484016015,2065,17168,66,10.7,88.96,0.34
484016016,92,20866,4,0.44,99.54,0.02
484016017,376,50767,0,0.74,99.26,0.0
484016018,8,9463,12,0.08,99.79,0.13
484016019,63,20049,8,0.31,99.65,0.04
484016020,398,29509,0,1.33,98.67,0.0
484016021,95,13420,0,0.7,99.3,0.0
484016022,292,21682,122,1.32,98.13,0.55
484016023,466,9943,6,4.47,95.47,0.06
484016024,48,20509,3,0.23,99.75,0.01
484016025,115,40397,0,0.28,99.72,0.0
484016026,4,4649,1,0.09,99.89,0.02
484016027,40,4898,0,0.81,99.19,0.0
484016028,52,5175,5,0.99,98.91,0.1
484016029,68,12175,8,0.56,99.38,0.07
484016030,14,11833,0,0.12,99.88,0.0
484016031,12,15678,0,0.08,99.92,0.0
484016032,578,20860,0,2.7,97.3,0.0
484016033,1080,124512,12,0.86,99.13,0.01
484016034,1395,29145,35,4.56,95.32,0.11
484016035,31,11603,6,0.27,99.68,0.05
484016036,231,7713,0,2.91,97.09,0.0
484016037,163,41700,22,0.39,99.56,0.05
484016038,169,8844,0,1.88,98.12,0.0
484016039,162,18215,3,0.88,99.1,0.02
484016040,269,15774,0,1.68,98.32,0.0
484016041,73,14227,0,0.51,99.49,0.0
484016042,1187,67250,70,1.73,98.17,0.1
484016043,42,12897,4,0.32,99.64,0.03
484016044,671,49388,16,1.34,98.63,0.03
484016045,16,14918,0,0.11,99.89,0.0
484016046,24,19745,0,0.12,99.88,0.0
484016047,34,5703,8,0.59,99.27,0.14
484016048,141,18781,0,0.75,99.25,0.0
484016049,1369,87587,199,1.54,98.24,0.22
484016050,5316,189818,255,2.72,97.15,0.13
484016051,12611,829676,1300,1.49,98.35,0.15
484016052,4,7956,14,0.05,99.77,0.18
484016053,191,45523,0,0.42,99.58,0.0
484016054,211,32383,5,0.65,99.34,0.02
484016055,49,8093,4,0.6,99.35,0.05
484016056,314,20606,3,1.5,98.48,0.01
484016057,1346,7676,2,14.92,85.06,0.02
484016058,28,9405,0,0.3,99.7,0.0
484016059,351,24420,0,1.42,98.58,0.0
484016060,50,20970,3,0.24,99.75,0.01
484016061,106,14776,7,0.71,99.24,0.05
484016062,158,26640,0,0.59,99.41,0.0
484016063,175,39212,0,0.44,99.56,0.0
484016064,1372,96546,14,1.4,98.58,0.01
484016065,64,16557,0,0.39,99.61,0.0
484016066,66,29218,18,0.23,99.71,0.06
484016067,1063,104785,0,1.0,99.0,0.0
484016068,144,15352,0,0.93,99.07,0.0
484016069,79,13869,5,0.57,99.4,0.04
484016070,76,27069,8,0.28,99.69,0.03
484016071,10,10543,0,0.09,99.91,0.0
484016072,364,78293,0,0.46,99.54,0.0
484016073,268,77897,51,0.34,99.59,0.07
484016074,16,17575,28,0.09,99.75,0.16
484016075,58,12750,4,0.45,99.52,0.03
484016076,575,49273,0,1.15,98.85,0.0
484016077,96,19735,0,0.48,99.52,0.0
484016078,14,9014,0,0.16,99.84,0.0
484016079,322,78544,36,0.41,99.55,0.05
484016080,71,33331,30,0.21,99.7,0.09
484016081,381,31282,8,1.2,98.77,0.03
484016082,306,34905,16,0.87,99.09,0.05
484016083,67,15392,51,0.43,99.24,0.33
484016084,116,15378,45,0.75,98.96,0.29
484016085,900,113239,118,0.79,99.11,0.1
484016086,239,23687,108,0.99,98.56,0.45
484016087,1576,14741,3,9.66,90.32,0.02
484016088,229,14705,0,1.53,98.47,0.0
484016089,22,12787,25,0.17,99.63,0.19
484016090,111,28425,12,0.39,99.57,0.04
484016091,9,6402,11,0.14,99.69,0.17
484016092,75,12223,0,0.61,99.39,0.0
484016093,50,5842,29,0.84,98.67,0.49
484016094,307,28327,25,1.07,98.84,0.09
484016095,105,25631,4,0.41,99.58,0.02
484016096,95,14177,3,0.67,99.31,0.02
484016097,75,14831,0,0.5,99.5,0.0
484016098,55,8618,10,0.63,99.25,0.12
484016099,3327,350774,605,0.94,98.89,0.17
484016100,336,23084,0,1.43,98.57,0.0
484016101,411,15415,10,2.6,97.34,0.06
484016102,12,20969,0,0.06,99.94,0.0
484016103,138,31971,0,0.43,99.57,0.0
484016104,790,75924,16,1.03,98.95,0.02
484016105,3094,201086,46,1.51,98.46,0.02
484016106,22,3200,7,0.68,99.1,0.22
484016107,77,48822,8,0.16,99.83,0.02
484016108,299,18068,3,1.63,98.36,0.02
484016109,1163,155477,0,0.74,99.26,0.0
484017001,170,17420,5,0.97,99.01,0.03
484017002,610,24590,10,2.42,97.54,0.04
484017003,271,38890,0,0.69,99.31,0.0
484017004,1403,88021,12,1.57,98.42,0.01
484017005,276,9411,0,2.85,97.15,0.0
484017006,4937,180580,231,2.66,97.22,0.12
484017007,11739,363072,1683,3.12,96.44,0.45
484017008,2499,104191,58,2.34,97.6,0.05
484017009,663,23823,16,2.71,97.23,0.07
484017010,163,18230,0,0.89,99.11,0.0
484017011,7504,207250,405,3.49,96.32,0.19
484017012,814,56456,12,1.42,98.56,0.02
484017013,167,16425,0,1.01,98.99,0.0
484017014,341,9277,0,3.55,96.45,0.0
484017015,498,26248,2,1.86,98.13,0.01
484017016,161,19040,16,0.84,99.08,0.08
484017017,675,66944,17,1.0,98.98,0.03
484017018,1893,120257,68,1.55,98.4,0.06
484017019,238,27881,0,0.85,99.15,0.0
484017020,1186,53568,137,2.16,97.59,0.25
484017021,15,7600,2,0.2,99.78,0.03
484017022,176,22525,0,0.78,99.22,0.0
484017023,59,7883,0,0.74,99.26,0.0
484017024,625,51385,54,1.2,98.7,0.1
484017025,92,33677,20,0.27,99.67,0.06
484017026,116,19275,16,0.6,99.32,0.08
484017027,181,12541,17,1.42,98.45,0.13
484017028,914,69958,90,1.29,98.59,0.13
484017029,2836,102839,6,2.68,97.31,0.01
484017030,636,55432,0,1.13,98.87,0.0
484017031,660,35375,46,1.83,98.04,0.13
484017032,260,25927,2,0.99,99.0,0.01
484018001,57,37035,0,0.15,99.85,0.0
484018002,42,15197,6,0.28,99.69,0.04
484018003,171,11348,0,1.48,98.52,0.0
484018004,2544,261479,418,0.96,98.88,0.16
484018005,10,12013,5,0.08,99.88,0.04
484018006,144,29072,17,0.49,99.45,0.06
484018007,28,19289,4,0.14,99.83,0.02
484018008,1507,62951,15,2.34,97.64,0.02
484018009,658,45234,146,1.43,98.25,0.32
484018010,232,33284,30,0.69,99.22,0.09
484018011,82,23983,10,0.34,99.62,0.04
484018012,94,41292,45,0.23,99.66,0.11
484018013,20,7580,0,0.26,99.74,0.0
484018014,70,24247,0,0.29,99.71,0.0
484018015,29,93701,0,0.03,99.97,0.0
484018016,120,36953,0,0.32,99.68,0.0
484018017,5832,415335,259,1.38,98.55,0.06
484018018,170,29871,0,0.57,99.43,0.0
484018019,62,13479,9,0.46,99.48,0.07
484019001,7,2965,3,0.24,99.66,0.1
484019002,5,3373,0,0.15,99.85,0.0
484019003,0,1408,0,0.0,100.0,0.0
484019004,128,34898,68,0.36,99.44,0.19
484019005,332,17679,19,1.84,98.05,0.11
484019006,13734,637700,472,2.11,97.82,0.07
484019007,9,14956,7,0.06,99.89,0.05
484019008,219,3437,3,5.99,93.93,0.08
484019009,892,119371,39,0.74,99.23,0.03
484019010,687,103349,332,0.66,99.02,0.32
484019011,84,7253,0,1.14,98.86,0.0
484019012,481,67866,383,0.7,98.74,0.56
484019013,27,9896,7,0.27,99.66,0.07
484019014,112,35909,25,0.31,99.62,0.07
484019015,3,1342,14,0.22,98.75,1.03
484019016,132,3122,4,4.05,95.83,0.12
484019017,947,39853,8,2.32,97.66,0.02
484019018,12786,383766,551,3.22,96.64,0.14
484019019,1634,127703,2413,1.24,96.93,1.83
484019020,0,5495,1,0.0,99.98,0.02
484019021,6198,473814,574,1.29,98.59,0.12
484019022,30,13998,0,0.21,99.79,0.0
484019023,0,1807,3,0.0,99.83,0.17
484019024,2,6272,4,0.03,99.9,0.06
484019025,3319,98772,59,3.25,96.69,0.06
484019026,7479,633989,569,1.16,98.75,0.09
484019027,0,1960,0,0.0,100.0,0.0
484019028,1,1371,16,0.07,98.78,1.15
484019029,19,7001,6,0.27,99.64,0.09
484019030,15,3256,0,0.46,99.54,0.0
484019031,2710,468125,559,0.57,99.31,0.12
484019032,4,5342,2,0.07,99.89,0.04
484019033,264,84175,26,0.31,99.66,0.03
484019034,13,5101,5,0.25,99.65,0.1
484019035,19,1453,0,1.29,98.71,0.0
484019036,24,7628,0,0.31,99.69,0.0
484019037,23,5960,12,0.38,99.42,0.2
484019038,380,66244,25,0.57,99.39,0.04
484019039,46256,1085570,7043,4.06,95.32,0.62
484019040,16,889,2,1.76,98.02,0.22
484019041,935,146214,438,0.63,99.07,0.3
484019042,16,5305,0,0.3,99.7,0.0
484019043,7,2367,3,0.29,99.58,0.13
484019044,75,34570,27,0.22,99.71,0.08
484019045,1699,84978,60,1.96,97.97,0.07
484019046,3653,407624,648,0.89,98.96,0.16
484019047,23,16022,42,0.14,99.6,0.26
484019048,3159,301723,1251,1.03,98.56,0.41
484019049,161,45813,530,0.35,98.51,1.14
484019050,8,1536,8,0.52,98.97,0.52
484019051,3,3565,5,0.08,99.78,0.14
484020001,1,823,0,0.12,99.88,0.0
484020002,615,44532,0,1.36,98.64,0.0
484020003,0,2507,0,0.0,100.0,0.0
484020004,15,1090,2,1.36,98.46,0.18
484020005,1367,13816,0,9.0,91.0,0.0
484020006,1591,18863,3,7.78,92.21,0.01
484020007,46,2348,2,1.92,98.0,0.08
484020008,28,701,4,3.82,95.63,0.55
484020009,46,6806,0,0.67,99.33,0.0
484020010,471,13003,0,3.5,96.5,0.0
484020011,15,1275,0,1.16,98.84,0.0
484020012,289,10873,5,2.59,97.37,0.04
484020013,96,2947,0,3.15,96.85,0.0
484020014,391,27632,7,1.39,98.58,0.02
484020015,6,5351,0,0.11,99.89,0.0
484020016,11,9548,4,0.12,99.84,0.04
484020017,26,3583,0,0.72,99.28,0.0
484020018,0,752,0,0.0,100.0,0.0
484020019,377,2352,1,13.81,86.15,0.04
484020020,58,4689,0,1.22,98.78,0.0
484020021,87,14371,12,0.6,99.32,0.08
484020022,11,747,2,1.45,98.29,0.26
484020023,1001,25879,0,3.72,96.28,0.0
484020024,68,3519,0,1.9,98.1,0.0
484020025,734,10622,0,6.46,93.54,0.0
484020026,94,8834,12,1.05,98.81,0.13
484020027,177,2002,0,8.12,91.88,0.0
484020028,2058,21065,18,8.89,91.03,0.08
484020029,135,4025,0,3.25,96.75,0.0
484020030,726,8004,0,8.32,91.68,0.0
484020031,38,6934,4,0.54,99.4,0.06
484020032,14,1062,0,1.3,98.7,0.0
484020033,111,2802,4,3.81,96.06,0.14
484020034,4,1285,1,0.31,99.61,0.08
484020035,30,539,1,5.26,94.56,0.18
484020036,18,5224,0,0.34,99.66,0.0
484020037,80,4292,0,1.83,98.17,0.0
484020038,92,1766,1,4.95,95.0,0.05
484020039,4645,73491,9,5.94,94.04,0.01
484020040,55,6326,4,0.86,99.08,0.06
484020041,408,31273,9,1.29,98.68,0.03
484020042,130,9663,2,1.33,98.65,0.02
484020043,5762,106758,1023,5.07,94.02,0.9
484020044,830,39929,36,2.03,97.88,0.09
484020045,375,7511,0,4.76,95.24,0.0
484020046,89,2850,0,3.03,96.97,0.0
484020047,0,80,1,0.0,98.77,1.23
484020048,172,1224,0,12.32,87.68,0.0
484020049,347,836,0,29.33,70.67,0.0
484020050,11,3644,0,0.3,99.7,0.0
484020051,7,4756,1,0.15,99.83,0.02
484020052,71,5922,0,1.18,98.82,0.0
484020053,47,1252,0,3.62,96.38,0.0
484020054,2,402,0,0.5,99.5,0.0
484020055,22,3717,0,0.59,99.41,0.0
484020056,1252,196,0,86.46,13.54,0.0
484020057,1294,36847,34,3.39,96.52,0.09
484020058,48,12619,0,0.38,99.62,0.0
484020059,1566,46950,0,3.23,96.77,0.0
484020060,19,2467,1,0.76,99.2,0.04
484020061,5,2888,0,0.17,99.83,0.0
484020062,38,460,0,7.63,92.37,0.0
484020063,185,4108,0,4.31,95.69,0.0
484020064,64,8421,0,0.75,99.25,0.0
484020065,41,1023,0,3.85,96.15,0.0
484020066,38,5303,1,0.71,99.27,0.02
484020067,10767,259002,315,3.99,95.9,0.12
484020068,283,23464,0,1.19,98.81,0.0
484020069,68,2984,0,2.23,97.77,0.0
484020070,227,6189,0,3.54,96.46,0.0
484020071,30,3227,0,0.92,99.08,0.0
484020072,379,7679,3,4.7,95.26,0.04
484020073,877,33564,7,2.55,97.43,0.02
484020074,0,452,4,0.0,99.12,0.88
484020075,35,2627,0,1.31,98.69,0.0
484020076,270,3139,3,7.91,92.0,0.09
484020077,75,4294,0,1.72,98.28,0.0
484020078,11,1291,0,0.84,99.16,0.0
484020079,2232,82081,24,2.65,97.33,0.03
484020080,28,1566,0,1.76,98.24,0.0
484020081,21,1850,0,1.12,98.88,0.0
484020082,107,4048,0,2.58,97.42,0.0
484020083,226,11137,0,1.99,98.01,0.0
484020084,115,4053,1,2.76,97.22,0.02
484020085,395,25686,6,1.51,98.46,0.02
484020086,53,895,0,5.59,94.41,0.0
484020087,32,5487,4,0.58,99.35,0.07
484020088,93,2774,1,3.24,96.72,0.03
484020089,51,2255,0,2.21,97.79,0.0
484020090,775,5459,0,12.43,87.57,0.0
484020091,147,6123,8,2.34,97.53,0.13
484020092,3,1774,1,0.17,99.78,0.06
484020093,4,516,0,0.77,99.23,0.0
484020094,9,1834,0,0.49,99.51,0.0
484020095,332,4179,0,7.36,92.64,0.0
484020096,44,712,0,5.82,94.18,0.0
484020097,3,1726,0,0.17,99.83,0.0
484020098,14,4169,0,0.33,99.67,0.0
484020099,0,381,0,0.0,100.0,0.0
484020100,5,387,1,1.27,98.47,0.25
484020101,9,739,0,1.2,98.8,0.0
484020102,184,5141,0,3.46,96.54,0.0
484020103,8,6020,14,0.13,99.64,0.23
484020104,310,2357,0,11.62,88.38,0.0
484020105,1419,6214,2,18.59,81.39,0.03
484020106,90,159,0,36.14,63.86,0.0
484020107,932,25325,10,3.55,96.41,0.04
484020108,77,2751,0,2.72,97.28,0.0
484020109,359,10929,5,3.18,96.78,0.04
484020110,5,1613,0,0.31,99.69,0.0
484020111,98,4775,0,2.01,97.99,0.0
484020112,22,2555,1,0.85,99.11,0.04
484020113,14,3148,0,0.44,99.56,0.0
484020114,0,674,0,0.0,100.0,0.0
484020115,250,9849,0,2.48,97.52,0.0
484020116,163,3966,0,3.95,96.05,0.0
484020117,7,2206,0,0.32,99.68,0.0
484020118,27,2363,1,1.13,98.83,0.04
484020119,4,729,2,0.54,99.18,0.27
484020120,2,297,0,0.67,99.33,0.0
484020121,5,591,0,0.84,99.16,0.0
484020122,6,646,1,0.92,98.93,0.15
484020123,157,2672,0,5.55,94.45,0.0
484020124,641,19047,10,3.25,96.7,0.05
484020125,371,11254,2,3.19,96.79,0.02
484020126,1119,4275,3,20.73,79.21,0.06
484020127,5,1247,0,0.4,99.6,0.0
484020128,4,1292,0,0.31,99.69,0.0
484020129,4,351,1,1.12,98.6,0.28
484020130,42,5132,6,0.81,99.07,0.12
484020131,84,11328,0,0.74,99.26,0.0
484020132,13,1336,1,0.96,98.96,0.07
484020133,11,3901,2,0.28,99.67,0.05
484020134,277,28220,0,0.97,99.03,0.0
484020135,44,8189,2,0.53,99.44,0.02
484020136,33,12061,2,0.27,99.71,0.02
484020137,4,3421,0,0.12,99.88,0.0
484020138,12,435,4,2.66,96.45,0.89
484020139,12,2160,0,0.55,99.45,0.0
484020140,0,805,0,0.0,100.0,0.0
484020141,115,8591,0,1.32,98.68,0.0
484020142,0,841,0,0.0,100.0,0.0
484020143,206,9250,0,2.18,97.82,0.0
484020144,0,1025,0,0.0,100.0,0.0
484020145,165,5033,4,3.17,96.75,0.08
484020146,3,2777,0,0.11,99.89,0.0
484020147,0,378,0,0.0,100.0,0.0
484020148,2,2180,0,0.09,99.91,0.0
484020149,3,2014,2,0.15,99.75,0.1
484020150,45,13811,0,0.32,99.68,0.0
484020151,5,306,1,1.6,98.08,0.32
484020152,51,2327,3,2.14,97.73,0.13
484020153,139,4771,0,2.83,97.17,0.0
484020154,23,2306,0,0.99,99.01,0.0
484020155,10,1050,0,0.94,99.06,0.0
484020156,200,3454,4,5.47,94.42,0.11
484020157,537,16276,0,3.19,96.81,0.0
484020158,9,2196,0,0.41,99.59,0.0
484020159,32,5506,0,0.58,99.42,0.0
484020160,2,1426,1,0.14,99.79,0.07
484020161,15,2711,4,0.55,99.3,0.15
484020162,4,2042,0,0.2,99.8,0.0
484020163,1,1550,0,0.06,99.94,0.0
484020164,75,2804,0,2.61,97.39,0.0
484020165,23,1604,2,1.41,98.47,0.12
484020166,105,11182,0,0.93,99.07,0.0
484020167,18,2131,0,0.84,99.16,0.0
484020168,760,177,1,81.02,18.87,0.11
484020169,4,4102,0,0.1,99.9,0.0
484020170,16,3686,0,0.43,99.57,0.0
484020171,204,17702,0,1.14,98.86,0.0
484020172,48,362,0,11.71,88.29,0.0
484020173,148,4410,0,3.25,96.75,0.0
484020174,2,1402,0,0.14,99.86,0.0
484020175,19,2621,1,0.72,99.24,0.04
484020176,201,9930,8,1.98,97.94,0.08
484020177,150,6539,4,2.24,97.7,0.06
484020178,1,1446,0,0.07,99.93,0.0
484020179,2248,96,1,95.86,4.09,0.04
484020180,2,451,0,0.44,99.56,0.0
484020181,72,2084,0,3.34,96.66,0.0
484020182,15,1460,0,1.02,98.98,0.0
484020183,4883,153884,0,3.08,96.92,0.0
484020184,1749,7190,0,19.57,80.43,0.0
484020185,0,523,1,0.0,99.81,0.19
484020186,0,1762,0,0.0,100.0,0.0
484020187,1176,8431,0,12.24,87.76,0.0
484020188,3,3108,0,0.1,99.9,0.0
484020189,52,22257,11,0.23,99.72,0.05
484020190,5,291,0,1.69,98.31,0.0
484020191,33,1490,0,2.17,97.83,0.0
484020192,9,2786,9,0.32,99.36,0.32
484020193,19,1353,0,1.38,98.62,0.0
484020194,2,1054,0,0.19,99.81,0.0
484020195,1,406,0,0.25,99.75,0.0
484020196,5,3284,0,0.15,99.85,0.0
484020197,25,29743,4,0.08,99.9,0.01
484020198,4,488,1,0.81,98.99,0.2
484020199,15,3653,0,0.41,99.59,0.0
484020200,3,1876,1,0.16,99.79,0.05
484020201,225,4347,4,4.92,95.0,0.09
484020202,18,3522,0,0.51,99.49,0.0
484020203,0,634,0,0.0,100.0,0.0
484020204,90,16858,0,0.53,99.47,0.0
484020205,36,2384,1,1.49,98.47,0.04
484020206,246,18788,0,1.29,98.71,0.0
484020207,67,6821,0,0.97,99.03,0.0
484020208,1,606,0,0.16,99.84,0.0
484020209,4,5771,0,0.07,99.93,0.0
484020210,14,3397,0,0.41,99.59,0.0
484020211,4,3111,0,0.13,99.87,0.0
484020212,85,4114,0,2.02,97.98,0.0
484020213,410,1623,0,20.17,79.83,0.0
484020214,1,827,0,0.12,99.88,0.0
484020215,1,1236,0,0.08,99.92,0.0
484020216,28,3141,0,0.88,99.12,0.0
484020217,2,542,0,0.37,99.63,0.0
484020218,26,2642,0,0.97,99.03,0.0
484020219,22,2665,0,0.82,99.18,0.0
484020220,81,1412,0,5.43,94.57,0.0
484020221,13,1411,0,0.91,99.09,0.0
484020222,4,426,0,0.93,99.07,0.0
484020223,19,625,0,2.95,97.05,0.0
484020224,753,5149,0,12.76,87.24,0.0
484020225,29,2942,0,0.98,99.02,0.0
484020226,429,17848,24,2.34,97.52,0.13
484020227,0,809,0,0.0,100.0,0.0
484020228,23,9022,1,0.25,99.73,0.01
484020229,9,924,1,0.96,98.93,0.11
484020230,16,3173,0,0.5,99.5,0.0
484020231,71,22062,0,0.32,99.68,0.0
484020232,1,1718,0,0.06,99.94,0.0
484020233,19,7112,0,0.27,99.73,0.0
484020234,135,3676,1,3.54,96.43,0.03
484020235,3,1364,1,0.22,99.71,0.07
484020236,94,1474,0,5.99,94.01,0.0
484020237,66,928,0,6.64,93.36,0.0
484020238,3,997,0,0.3,99.7,0.0
484020239,18,2689,0,0.66,99.34,0.0
484020240,29,1007,0,2.8,97.2,0.0
484020241,42,12367,2,0.34,99.65,0.02
484020242,1,1972,2,0.05,99.85,0.1
484020243,59,3876,0,1.5,98.5,0.0
484020244,0,1315,0,0.0,100.0,0.0
484020245,21,578,0,3.51,96.49,0.0
484020246,192,1352,0,12.44,87.56,0.0
484020247,195,15373,1,1.25,98.74,0.01
484020248,88,3743,0,2.3,97.7,0.0
484020249,6,1235,0,0.48,99.52,0.0
484020250,83,1132,2,6.82,93.02,0.16
484020251,39,2215,1,1.73,98.23,0.04
484020252,7,2011,0,0.35,99.65,0.0
484020253,181,3008,7,5.66,94.12,0.22
484020254,41,1937,0,2.07,97.93,0.0
484020255,0,229,0,0.0,100.0,0.0
484020256,6,1048,0,0.57,99.43,0.0
484020257,16,682,0,2.29,97.71,0.0
484020258,0,2143,0,0.0,100.0,0.0
484020259,5,2186,0,0.23,99.77,0.0
484020260,37,6895,0,0.53,99.47,0.0
484020261,0,985,0,0.0,100.0,0.0
484020262,16,3164,4,0.5,99.37,0.13
484020263,27,2054,0,1.3,98.7,0.0
484020264,58,6652,2,0.86,99.11,0.03
484020265,64,8467,20,0.75,99.02,0.23
484020266,8,237,0,3.27,96.73,0.0
484020267,440,711,0,38.23,61.77,0.0
484020268,113,4175,0,2.64,97.36,0.0
484020269,50,1176,0,4.08,95.92,0.0
484020270,15,3122,5,0.48,99.36,0.16
484020271,655,5596,0,10.48,89.52,0.0
484020272,40,3729,0,1.06,98.94,0.0
484020273,36,1238,0,2.83,97.17,0.0
484020274,6,7276,5,0.08,99.85,0.07
484020275,137,554,1,19.8,80.06,0.14
484020276,139,12207,5,1.13,98.83,0.04
484020277,150,38379,0,0.39,99.61,0.0
484020278,3,2897,0,0.1,99.9,0.0
484020279,6,2003,2,0.3,99.6,0.1
484020280,2,303,0,0.66,99.34,0.0
484020281,9,644,0,1.38,98.62,0.0
484020282,1,1043,0,0.1,99.9,0.0
484020283,12,3129,0,0.38,99.62,0.0
484020284,1059,2611,0,28.86,71.14,0.0
484020285,9,3093,0,0.29,99.71,0.0
484020286,15,292,0,4.89,95.11,0.0
484020287,4,577,0,0.69,99.31,0.0
484020288,0,1214,0,0.0,100.0,0.0
484020289,58,985,0,5.56,94.44,0.0
484020290,10,4298,0,0.23,99.77,0.0
484020291,8,1455,0,0.55,99.45,0.0
484020292,746,16316,0,4.37,95.63,0.0
484020293,234,6803,0,3.33,96.67,0.0
484020294,284,9734,0,2.83,97.17,0.0
484020295,5,939,2,0.53,99.26,0.21
484020296,84,2623,0,3.1,96.9,0.0
484020297,401,13184,2,2.95,97.03,0.01
484020298,4,1121,0,0.36,99.64,0.0
484020299,612,6004,0,9.25,90.75,0.0
484020300,63,1533,0,3.95,96.05,0.0
484020301,34,4523,0,0.75,99.25,0.0
484020302,4,1079,0,0.37,99.63,0.0
484020303,1,715,0,0.14,99.86,0.0
484020304,41,4294,0,0.95,99.05,0.0
484020305,21,4627,1,0.45,99.53,0.02
484020306,96,9605,2,0.99,98.99,0.02
484020307,12,3295,0,0.36,99.64,0.0
484020308,1354,8858,0,13.26,86.74,0.0
484020309,470,14079,0,3.23,96.77,0.0
484020310,2,481,0,0.41,99.59,0.0
484020311,131,11152,0,1.16,98.84,0.0
484020312,1,731,0,0.14,99.86,0.0
484020313,16,1741,0,0.91,99.09,0.0
484020314,30,1871,0,1.58,98.42,0.0
484020315,1,715,5,0.14,99.17,0.69
484020316,14,1238,1,1.12,98.8,0.08
484020317,6630,43107,0,13.33,86.67,0.0
484020318,0,972,0,0.0,100.0,0.0
484020319,9,693,2,1.28,98.44,0.28
484020320,1,750,0,0.13,99.87,0.0
484020321,0,788,0,0.0,100.0,0.0
484020322,6,2398,0,0.25,99.75,0.0
484020323,3195,44959,0,6.63,93.37,0.0
484020324,36,11894,0,0.3,99.7,0.0
484020325,23,5028,0,0.46,99.54,0.0
484020326,1065,14384,15,6.89,93.02,0.1
484020327,2,1438,1,0.14,99.79,0.07
484020328,13,1127,0,1.14,98.86,0.0
484020329,180,4118,0,4.19,95.81,0.0
484020330,3,937,0,0.32,99.68,0.0
484020331,2,367,0,0.54,99.46,0.0
484020332,42,3165,5,1.31,98.54,0.16
484020333,25600,24842,4,50.75,49.24,0.01
484020334,6,859,0,0.69,99.31,0.0
484020335,113,1565,0,6.73,93.27,0.0
484020336,220,5203,2,4.06,95.91,0.04
484020337,157,9930,9,1.56,98.36,0.09
484020338,231,4100,3,5.33,94.6,0.07
484020339,15,1730,2,0.86,99.03,0.11
484020340,0,234,0,0.0,100.0,0.0
484020341,270,3836,0,6.58,93.42,0.0
484020342,17,1983,1,0.85,99.1,0.05
484020343,45,2766,0,1.6,98.4,0.0
484020344,1575,2613,0,37.61,62.39,0.0
484020345,9,1535,0,0.58,99.42,0.0
484020346,13,4184,5,0.31,99.57,0.12
484020347,94,8092,6,1.15,98.78,0.07
484020348,14,2175,0,0.64,99.36,0.0
484020349,395,16471,14,2.34,97.58,0.08
484020350,8,2792,0,0.29,99.71,0.0
484020351,5,4936,0,0.1,99.9,0.0
484020352,5,2394,0,0.21,99.79,0.0
484020353,3,474,0,0.63,99.37,0.0
484020354,7,670,0,1.03,98.97,0.0
484020355,3,2166,0,0.14,99.86,0.0
484020356,6,842,0,0.71,99.29,0.0
484020357,15,1940,2,0.77,99.13,0.1
484020358,1,636,0,0.16,99.84,0.0
484020359,168,3814,1,4.22,95.76,0.03
484020360,0,825,0,0.0,100.0,0.0
484020361,53,1444,0,3.54,96.46,0.0
484020362,71,2604,0,2.65,97.35,0.0
484020363,1617,16855,0,8.75,91.25,0.0
484020364,18,1041,0,1.7,98.3,0.0
484020365,41,3621,4,1.12,98.77,0.11
484020366,160,4423,0,3.49,96.51,0.0
484020367,118,1951,0,5.7,94.3,0.0
484020368,40,2155,0,1.82,98.18,0.0
484020369,11,651,0,1.66,98.34,0.0
484020370,25,945,0,2.58,97.42,0.0
484020371,10,1242,1,0.8,99.12,0.08
484020372,8,395,0,1.99,98.01,0.0
484020373,4,1643,0,0.24,99.76,0.0
484020374,257,12907,6,1.95,98.0,0.05
484020375,2,363,0,0.55,99.45,0.0
484020376,132,10717,0,1.22,98.78,0.0
484020377,107,3615,0,2.87,97.13,0.0
484020378,9,2906,1,0.31,99.66,0.03
484020379,20,2224,0,0.89,99.11,0.0
484020380,10,2930,0,0.34,99.66,0.0
484020381,2,1168,0,0.17,99.83,0.0
484020382,2,581,1,0.34,99.49,0.17
484020383,147,4647,0,3.07,96.93,0.0
484020384,3677,96618,44,3.66,96.29,0.04
484020385,1245,17740,0,6.56,93.44,0.0
484020386,105,2788,0,3.63,96.37,0.0
484020387,37,2772,0,1.32,98.68,0.0
484020388,14,894,0,1.54,98.46,0.0
484020389,812,48457,28,1.65,98.3,0.06
484020390,11,3359,0,0.33,99.67,0.0
484020391,113,6306,2,1.76,98.21,0.03
484020392,82,4093,0,1.96,98.04,0.0
484020393,14,2724,0,0.51,99.49,0.0
484020394,237,1337,0,15.06,84.94,0.0
484020395,11,3228,0,0.34,99.66,0.0
484020396,824,39170,0,2.06,97.94,0.0
484020397,17,4857,0,0.35,99.65,0.0
484020398,1144,40756,0,2.73,97.27,0.0
484020399,149,6046,0,2.41,97.59,0.0
484020400,1898,25114,0,7.03,92.97,0.0
484020401,993,74,2,92.89,6.92,0.19
484020402,71,3682,0,1.89,98.11,0.0
484020403,1,756,0,0.13,99.87,0.0
484020404,116,1699,2,6.38,93.51,0.11
484020405,32,21332,2,0.15,99.84,0.01
484020406,120,9459,1,1.25,98.74,0.01
484020407,2,495,0,0.4,99.6,0.0
484020408,152,8783,0,1.7,98.3,0.0
484020409,243,3107,0,7.25,92.75,0.0
484020410,15,893,0,1.65,98.35,0.0
484020411,118,3043,2,3.73,96.21,0.06
484020412,4960,45602,56,9.8,90.09,0.11
484020413,6775,5219,2,56.48,43.51,0.02
484020414,1091,3787,0,22.37,77.63,0.0
484020415,0,455,0,0.0,100.0,0.0
484020416,316,9364,2,3.26,96.72,0.02
484020417,430,11300,0,3.67,96.33,0.0
484020418,48,544,0,8.11,91.89,0.0
484020419,9,1640,0,0.55,99.45,0.0
484020420,124,4564,0,2.65,97.35,0.0
484020421,5,588,0,0.84,99.16,0.0
484020422,0,453,0,0.0,100.0,0.0
484020423,7,3781,1,0.18,99.79,0.03
484020424,41,2017,0,1.99,98.01,0.0
484020425,261,8589,0,2.95,97.05,0.0
484020426,1554,15105,46,9.3,90.42,0.28
484020427,10,2118,0,0.47,99.53,0.0
484020428,0,1513,0,0.0,100.0,0.0
484020429,0,317,0,0.0,100.0,0.0
484020430,45,1785,0,2.46,97.54,0.0
484020431,2,901,0,0.22,99.78,0.0
484020432,1616,17706,0,8.36,91.64,0.0
484020433,50,3936,0,1.25,98.75,0.0
484020434,21,3492,0,0.6,99.4,0.0
484020435,5,892,0,0.56,99.44,0.0
484020436,20,9465,3,0.21,99.76,0.03
484020437,120,1657,0,6.75,93.25,0.0
484020438,1886,23445,4,7.44,92.54,0.02
484020439,0,796,0,0.0,100.0,0.0
484020440,1409,7821,4,15.26,84.7,0.04
484020441,1,249,0,0.4,99.6,0.0
484020442,0,435,0,0.0,100.0,0.0
484020443,6,475,0,1.25,98.75,0.0
484020444,19,1660,0,1.13,98.87,0.0
484020445,514,5428,0,8.65,91.35,0.0
484020446,1291,15809,0,7.55,92.45,0.0
484020447,8,2461,0,0.32,99.68,0.0
484020448,0,3295,0,0.0,100.0,0.0
484020449,85,13670,0,0.62,99.38,0.0
484020450,9,946,3,0.94,98.75,0.31
484020451,13,4409,0,0.29,99.71,0.0
484020452,68,3848,0,1.74,98.26,0.0
484020453,21,3499,0,0.6,99.4,0.0
484020454,38,2859,4,1.31,98.55,0.14
484020455,220,1448,0,13.19,86.81,0.0
484020456,7,3323,0,0.21,99.79,0.0
484020457,5,1137,0,0.44,99.56,0.0
484020458,54,4768,2,1.12,98.84,0.04
484020459,29,5169,0,0.56,99.44,0.0
484020460,1,525,1,0.19,99.62,0.19
484020461,2,516,0,0.39,99.61,0.0
484020462,0,325,1,0.0,99.69,0.31
484020463,5,1632,0,0.31,99.69,0.0
484020464,698,13165,1,5.03,94.96,0.01
484020465,4328,14761,0,22.67,77.33,0.0
484020466,46,13956,12,0.33,99.59,0.09
484020467,295,33854,6,0.86,99.12,0.02
484020468,10,4336,6,0.23,99.63,0.14
484020469,0,408,1,0.0,99.76,0.24
484020470,384,2979,0,11.42,88.58,0.0
484020471,0,1287,0,0.0,100.0,0.0
484020472,3157,282,1,91.77,8.2,0.03
484020473,65,10107,3,0.64,99.33,0.03
484020474,3,418,0,0.71,99.29,0.0
484020475,44,1283,0,3.32,96.68,0.0
484020476,23,1532,2,1.48,98.39,0.13
484020477,0,172,0,0.0,100.0,0.0
484020478,3,1330,0,0.23,99.77,0.0
484020479,33,1845,1,1.76,98.19,0.05
484020480,22545,33165,0,40.47,59.53,0.0
484020481,435,10450,0,4.0,96.0,0.0
484020482,31,4429,0,0.7,99.3,0.0
484020483,2911,224,0,92.85,7.15,0.0
484020484,193,2226,0,7.98,92.02,0.0
484020485,43,1923,0,2.19,97.81,0.0
484020486,0,129,1,0.0,99.23,0.77
484020487,383,4526,1,7.8,92.18,0.02
484020488,0,2974,0,0.0,100.0,0.0
484020489,5,4755,0,0.11,99.89,0.0
484020490,13,2685,0,0.48,99.52,0.0
484020491,3,544,0,0.55,99.45,0.0
484020492,70,6126,0,1.13,98.87,0.0
484020493,146,2883,0,4.82,95.18,0.0
484020494,6,1836,1,0.33,99.62,0.05
484020495,276,3958,1,6.52,93.46,0.02
484020496,20,7529,8,0.26,99.63,0.11
484020497,57,1857,9,2.96,96.57,0.47
484020498,54,7863,2,0.68,99.29,0.03
484020499,0,999,1,0.0,99.9,0.1
484020500,44,5015,0,0.87,99.13,0.0
484020501,0,425,0,0.0,100.0,0.0
484020502,79,1508,3,4.97,94.84,0.19
484020503,99,7569,6,1.29,98.63,0.08
484020504,49,749,0,6.14,93.86,0.0
484020505,2901,254,2,91.89,8.05,0.06
484020506,11,1607,1,0.68,99.26,0.06
484020507,451,10890,4,3.98,95.99,0.04
484020508,0,733,0,0.0,100.0,0.0
484020509,86,3192,0,2.62,97.38,0.0
484020510,10,1091,0,0.91,99.09,0.0
484020511,357,8655,16,3.95,95.87,0.18
484020512,15,923,0,1.6,98.4,0.0
484020513,886,66534,8,1.31,98.67,0.01
484020514,18,5216,1,0.34,99.64,0.02
484020515,30,5826,7,0.51,99.37,0.12
484020516,0,112,1,0.0,99.12,0.88
484020517,35,3349,2,1.03,98.91,0.06
484020518,8,7377,4,0.11,99.84,0.05
484020519,0,248,2,0.0,99.2,0.8
484020520,1,1203,1,0.08,99.83,0.08
484020521,165,1418,0,10.42,89.58,0.0
484020522,0,327,0,0.0,100.0,0.0
484020523,609,11874,0,4.88,95.12,0.0
484020524,372,2120,0,14.93,85.07,0.0
484020525,4,902,0,0.44,99.56,0.0
484020526,1,1442,0,0.07,99.93,0.0
484020527,10,3914,0,0.25,99.75,0.0
484020528,25,2588,0,0.96,99.04,0.0
484020529,14,4029,0,0.35,99.65,0.0
484020530,60,2667,0,2.2,97.8,0.0
484020531,31,3481,0,0.88,99.12,0.0
484020532,9,3198,5,0.28,99.56,0.16
484020533,32,415,2,7.13,92.43,0.45
484020534,32,6678,0,0.48,99.52,0.0
484020535,5,708,0,0.7,99.3,0.0
484020536,106,6242,0,1.67,98.33,0.0
484020537,1260,6747,0,15.74,84.26,0.0
484020538,8,1500,0,0.53,99.47,0.0
484020539,6,881,0,0.68,99.32,0.0
484020540,77,6310,0,1.21,98.79,0.0
484020541,41,991,0,3.97,96.03,0.0
484020542,303,6076,0,4.75,95.25,0.0
484020543,5,981,0,0.51,99.49,0.0
484020544,7,1952,1,0.36,99.59,0.05
484020545,147,11226,9,1.29,98.63,0.08
484020546,170,5582,0,2.96,97.04,0.0
484020547,764,28600,19,2.6,97.34,0.06
484020548,0,410,0,0.0,100.0,0.0
484020549,125,11927,7,1.04,98.91,0.06
484020550,22,5837,0,0.38,99.62,0.0
484020551,36,3383,1,1.05,98.92,0.03
484020552,0,305,1,0.0,99.67,0.33
484020553,69,14469,2,0.47,99.51,0.01
484020554,668,710,0,48.48,51.52,0.0
484020555,67,22857,0,0.29,99.71,0.0
484020556,12,6451,5,0.19,99.74,0.08
484020557,13,2941,0,0.44,99.56,0.0
484020558,14,1639,0,0.85,99.15,0.0
484020559,1,1245,0,0.08,99.92,0.0
484020560,4,1179,1,0.34,99.58,0.08
484020561,1798,44596,42,3.87,96.04,0.09
484020562,5,3084,0,0.16,99.84,0.0
484020563,1,3380,2,0.03,99.91,0.06
484020564,2,1694,0,0.12,99.88,0.0
484020565,7,1397,0,0.5,99.5,0.0
484020566,819,21256,0,3.71,96.29,0.0
484021001,164,72705,6,0.23,99.77,0.01
484021002,53,9117,0,0.58,99.42,0.0
484021003,3000,34822,0,7.93,92.07,0.0
484021004,292,63416,0,0.46,99.54,0.0
484021005,243,2823,4,7.92,91.95,0.13
484021006,113,14420,9,0.78,99.16,0.06
484021007,9,3152,1,0.28,99.68,0.03
484021008,31,11397,3,0.27,99.7,0.03
484021009,46,2162,1,2.08,97.87,0.05
484021010,2899,71621,90,3.89,95.99,0.12
484021011,15,1871,1,0.79,99.15,0.05
484021012,18,6575,0,0.27,99.73,0.0
484021013,687,21926,0,3.04,96.96,0.0
484021014,39,4775,0,0.81,99.19,0.0
484021015,16375,109430,0,13.02,86.98,0.0
484021016,110,8912,0,1.22,98.78,0.0
484021017,86,29658,0,0.29,99.71,0.0
484021018,132,3724,3,3.42,96.5,0.08
484021019,1736,139891,43,1.23,98.74,0.03
484021020,1353,6349,0,17.57,82.43,0.0
484021021,69,1444,1,4.56,95.38,0.07
484021022,129,12726,0,1.0,99.0,0.0
484021023,40,9011,0,0.44,99.56,0.0
484021024,4,968,4,0.41,99.18,0.41
484021025,248,7960,0,3.02,96.98,0.0
484021026,246,15022,0,1.61,98.39,0.0
484021027,9,4119,0,0.22,99.78,0.0
484021028,2,2748,0,0.07,99.93,0.0
484021029,29,3779,0,0.76,99.24,0.0
484021030,0,771,0,0.0,100.0,0.0
484021031,6,2813,3,0.21,99.68,0.11
484021032,3,1378,0,0.22,99.78,0.0
484021033,90,5315,0,1.67,98.33,0.0
484021034,613,46223,0,1.31,98.69,0.0
484021035,71,20580,3,0.34,99.64,0.01
484021036,24,14722,5,0.16,99.8,0.03
484021037,74,2260,1,3.17,96.79,0.04
484021038,43,10498,0,0.41,99.59,0.0
484021039,66,9763,0,0.67,99.33,0.0
484021040,57,12283,0,0.46,99.54,0.0
484021041,7184,130095,28,5.23,94.75,0.02
484021042,9,3304,0,0.27,99.73,0.0
484021043,3019,46754,0,6.07,93.93,0.0
484021044,973,16166,0,5.68,94.32,0.0
484021045,201,46903,0,0.43,99.57,0.0
484021046,24,8148,19,0.29,99.48,0.23
484021047,201,21477,18,0.93,98.99,0.08
484021048,44,21990,3,0.2,99.79,0.01
484021049,7,17318,6,0.04,99.92,0.03
484021050,2724,24211,0,10.11,89.89,0.0
484021051,1496,35497,0,4.04,95.96,0.0
484021052,2,1214,1,0.16,99.75,0.08
484021053,401,65908,34,0.6,99.34,0.05
484021054,498,34725,0,1.41,98.59,0.0
484021055,36,5044,0,0.71,99.29,0.0
484021056,0,1317,0,0.0,100.0,0.0
484021057,19,6650,17,0.28,99.46,0.25
484021058,3614,17390,0,17.21,82.79,0.0
484021059,364,2484,0,12.78,87.22,0.0
484021060,169,7815,0,2.12,97.88,0.0
484021061,136,14320,5,0.94,99.02,0.03
484021062,68,4813,0,1.39,98.61,0.0
484021063,25,14741,0,0.17,99.83,0.0
484021064,3,17798,0,0.02,99.98,0.0
484021065,314,22379,0,1.38,98.62,0.0
484021066,14,6437,0,0.22,99.78,0.0
484021067,364,18414,0,1.94,98.06,0.0
484021068,663,6341,6,9.46,90.46,0.09
484021069,222,28691,0,0.77,99.23,0.0
484021070,33,6076,2,0.54,99.43,0.03
484021071,720,102740,143,0.69,99.17,0.14
484021072,172,16895,10,1.01,98.93,0.06
484021073,42,9715,2,0.43,99.55,0.02
484021074,2564,87984,25,2.83,97.14,0.03
484021075,39,13020,0,0.3,99.7,0.0
484021076,140,27412,12,0.51,99.45,0.04
484021077,27,5881,0,0.46,99.54,0.0
484021078,1624,14207,6,10.25,89.71,0.04
484021079,111,5671,0,1.92,98.08,0.0
484021080,12,2608,0,0.46,99.54,0.0
484021081,24,4040,3,0.59,99.34,0.07
484021082,187,8607,0,2.13,97.87,0.0
484021083,265,25051,0,1.05,98.95,0.0
484021084,633,6312,0,9.11,90.89,0.0
484021085,1451,81302,17,1.75,98.23,0.02
484021086,92,11954,6,0.76,99.19,0.05
484021087,43,13265,0,0.32,99.68,0.0
484021088,25,4429,0,0.56,99.44,0.0
484021089,68,12063,0,0.56,99.44,0.0
484021090,735,22896,148,3.09,96.29,0.62
484021091,78,9712,0,0.8,99.2,0.0
484021092,229,5061,2,4.33,95.63,0.04
484021093,102,7546,2,1.33,98.64,0.03
484021094,1655,35489,12,4.45,95.51,0.03
484021095,23,626,1,3.54,96.31,0.15
484021096,20,3158,0,0.63,99.37,0.0
484021097,13,2655,0,0.49,99.51,0.0
484021098,20,6646,2,0.3,99.67,0.03
484021099,103,20543,0,0.5,99.5,0.0
484021100,9,9294,2,0.1,99.88,0.02
484021101,10,3307,0,0.3,99.7,0.0
484021102,871,13193,3,6.19,93.79,0.02
484021103,90,6544,11,1.35,98.48,0.17
484021104,95,32668,9,0.29,99.68,0.03
484021105,20,5058,0,0.39,99.61,0.0
484021106,283,42386,0,0.66,99.34,0.0
484021107,157,11778,2,1.32,98.67,0.02
484021108,83,19820,0,0.42,99.58,0.0
484021109,166,20107,0,0.82,99.18,0.0
484021110,247,49968,0,0.49,99.51,0.0
484021111,278,18191,0,1.51,98.49,0.0
484021112,101,9213,0,1.08,98.92,0.0
484021113,36,4591,0,0.78,99.22,0.0
484021114,27713,1656901,950,1.64,98.3,0.06
484021115,2732,55186,0,4.72,95.28,0.0
484021116,466,22387,0,2.04,97.96,0.0
484021117,145,15806,0,0.91,99.09,0.0
484021118,437,29580,4,1.46,98.53,0.01
484021119,4280,149370,299,2.78,97.03,0.19
484021120,52,5886,0,0.88,99.12,0.0
484021121,9,1252,0,0.71,99.29,0.0
484021122,54,11168,8,0.48,99.45,0.07
484021123,36,3751,3,0.95,98.97,0.08
484021124,17,15926,0,0.11,99.89,0.0
484021125,38,9617,0,0.39,99.61,0.0
484021126,29,6564,2,0.44,99.53,0.03
484021127,282,3280,10,7.89,91.83,0.28
484021128,131,10308,4,1.25,98.71,0.04
484021129,16,14002,0,0.11,99.89,0.0
484021130,22,3582,0,0.61,99.39,0.0
484021131,15,960,0,1.54,98.46,0.0
484021132,6754,148763,156,4.34,95.56,0.1
484021133,7,675,0,1.03,98.97,0.0
484021134,667,20307,0,3.18,96.82,0.0
484021135,0,524,2,0.0,99.62,0.38
484021136,181,12268,12,1.45,98.45,0.1
484021137,143,10317,4,1.37,98.6,0.04
484021138,220,11561,0,1.87,98.13,0.0
484021139,19,3740,0,0.51,99.49,0.0
484021140,1746,135882,185,1.27,98.6,0.13
484021141,10,3479,0,0.29,99.71,0.0
484021142,139,30485,0,0.45,99.55,0.0
484021143,145,34733,0,0.42,99.58,0.0
484021144,46,16743,0,0.27,99.73,0.0
484021145,50,13089,9,0.38,99.55,0.07
484021146,1,748,0,0.13,99.87,0.0
484021147,90,6257,0,1.42,98.58,0.0
484021148,90,11409,1,0.78,99.21,0.01
484021149,375,29917,17,1.24,98.71,0.06
484021150,575,5530,1,9.42,90.57,0.02
484021151,14,9298,2,0.15,99.83,0.02
484021152,37,12591,3,0.29,99.68,0.02
484021153,262,23333,0,1.11,98.89,0.0
484021154,1009,79604,21,1.25,98.72,0.03
484021155,59,6077,0,0.96,99.04,0.0
484021156,5946,318935,1240,1.82,97.8,0.38
484021157,1107,11565,0,8.74,91.26,0.0
484021158,87,6658,0,1.29,98.71,0.0
484021159,6,3831,1,0.16,99.82,0.03
484021160,0,3622,0,0.0,100.0,0.0
484021161,162,22050,6,0.73,99.24,0.03
484021162,6,4143,0,0.14,99.86,0.0
484021163,58,18769,27,0.31,99.55,0.14
484021164,395,83687,88,0.47,99.43,0.1
484021165,2,1214,0,0.16,99.84,0.0
484021166,58,8858,0,0.65,99.35,0.0
484021167,202,10139,0,1.95,98.05,0.0
484021168,10,7510,1,0.13,99.85,0.01
484021169,180,21418,4,0.83,99.15,0.02
484021170,626,18568,6,3.26,96.71,0.03
484021171,200,3649,1,5.19,94.78,0.03
484021172,1019,26121,4,3.75,96.23,0.01
484021173,84,6168,0,1.34,98.66,0.0
484021174,529,102645,20,0.51,99.47,0.02
484021175,124,14240,6,0.86,99.1,0.04
484021176,73,9588,3,0.76,99.21,0.03
484021177,1225,53529,0,2.24,97.76,0.0
484021178,205,15718,0,1.29,98.71,0.0
484021179,277,31338,24,0.88,99.05,0.08
484021180,340,41199,5,0.82,99.17,0.01
484021181,249,7215,1,3.34,96.65,0.01
484021182,22,5367,2,0.41,99.55,0.04
484021183,75,20285,16,0.37,99.55,0.08
484021184,16,6407,0,0.25,99.75,0.0
484021185,26,10316,0,0.25,99.75,0.0
484021186,1033,54493,0,1.86,98.14,0.0
484021187,48,4888,0,0.97,99.03,0.0
484021188,261,19051,3,1.35,98.63,0.02
484021189,19,22432,0,0.08,99.92,0.0
484021190,22,1165,0,1.85,98.15,0.0
484021191,340,9504,24,3.45,96.31,0.24
484021192,293,5631,0,4.95,95.05,0.0
484021193,286,6192,0,4.41,95.59,0.0
484021194,282,28113,0,0.99,99.01,0.0
484021195,441,26068,5,1.66,98.32,0.02
484021196,4,1546,2,0.26,99.61,0.13
484021197,362,80006,53,0.45,99.48,0.07
484021198,2,1304,2,0.15,99.69,0.15
484021199,2066,40863,0,4.81,95.19,0.0
484021200,39,3360,1,1.15,98.82,0.03
484021201,27,3339,9,0.8,98.93,0.27
484021202,180,12840,5,1.38,98.58,0.04
484021203,39,7140,0,0.54,99.46,0.0
484021204,27,7898,0,0.34,99.66,0.0
484021205,28,26363,0,0.11,99.89,0.0
484021206,21,4547,1,0.46,99.52,0.02
484021207,722,57025,19,1.25,98.72,0.03
484021208,779,86425,5,0.89,99.1,0.01
484021209,40,8515,0,0.47,99.53,0.0
484021210,73,5597,0,1.29,98.71,0.0
484021211,296,16441,0,1.77,98.23,0.0
484021212,126,20591,0,0.61,99.39,0.0
484021213,77,11862,0,0.64,99.36,0.0
484021214,80,18234,18,0.44,99.47,0.1
484021215,103,4438,0,2.27,97.73,0.0
484021216,13,2419,0,0.53,99.47,0.0
484021217,680,19561,6,3.36,96.61,0.03
484022001,575,66165,53,0.86,99.06,0.08
484022002,85,27257,18,0.31,99.62,0.07
484022003,40,13025,0,0.31,99.69,0.0
484022004,804,68226,9,1.16,98.82,0.01
484022005,516,66389,0,0.77,99.23,0.0
484022006,2856,208979,251,1.35,98.54,0.12
484022007,752,44352,9,1.67,98.31,0.02
484022008,283,36503,18,0.77,99.18,0.05
484022009,138,27068,15,0.51,99.44,0.06
484022010,172,18618,0,0.92,99.08,0.0
484022011,4299,226827,387,1.86,97.98,0.17
484022012,298,77074,10,0.39,99.6,0.01
484022013,81,19054,6,0.42,99.55,0.03
484022014,22452,1021909,1270,2.15,97.73,0.12
484022015,20,8327,4,0.24,99.71,0.05
484022016,5733,291078,144,1.93,98.02,0.05
484022017,952,71181,11,1.32,98.67,0.02
484022018,341,27575,0,1.22,98.78,0.0
484023001,49798,1798721,4410,2.69,97.07,0.24
484024001,202,18756,16,1.06,98.85,0.08
484024002,7,7720,0,0.09,99.91,0.0
484024003,480,47854,14,0.99,98.98,0.03
484024004,9,3994,0,0.22,99.78,0.0
484024005,56,18248,7,0.31,99.66,0.04
484024006,39,9522,8,0.41,99.51,0.08
484024007,232,19559,49,1.17,98.58,0.25
484024008,135,21922,5,0.61,99.37,0.02
484024009,25,4990,9,0.5,99.32,0.18
484024010,379,50885,9,0.74,99.24,0.02
484024011,1872,46186,6,3.89,96.09,0.01
484024012,70,20121,0,0.35,99.65,0.0
484024013,1716,177094,79,0.96,99.0,0.04
484024014,97,15553,12,0.62,99.3,0.08
484024015,758,21054,0,3.48,96.52,0.0
484024016,286,77479,67,0.37,99.55,0.09
484024017,272,24816,24,1.08,98.82,0.1
484024018,1575,13705,6,10.3,89.66,0.04
484024019,17,5436,0,0.31,99.69,0.0
484024020,719,101033,207,0.71,99.09,0.2
484024021,270,58105,46,0.46,99.46,0.08
484024022,57,18954,21,0.3,99.59,0.11
484024023,14,15242,3,0.09,99.89,0.02
484024024,2084,95474,0,2.14,97.86,0.0
484024025,319,30732,13,1.03,98.93,0.04
484024026,184,9155,0,1.97,98.03,0.0
484024027,55,10154,0,0.54,99.46,0.0
484024028,11802,893543,2560,1.3,98.42,0.28
484024029,732,17672,0,3.98,96.02,0.0
484024030,18,4753,1,0.38,99.6,0.02
484024031,729,11396,8,6.01,93.93,0.07
484024032,123,39719,25,0.31,99.63,0.06
484024033,84,10635,35,0.78,98.89,0.33
484024034,66,14879,0,0.44,99.56,0.0
484024035,4817,326649,439,1.45,98.42,0.13
484024036,116,28972,0,0.4,99.6,0.0
484024037,2818,121087,21,2.27,97.71,0.02
484024038,44,14227,0,0.31,99.69,0.0
484024039,568,12990,13,4.19,95.72,0.1
484024040,29,18035,15,0.16,99.76,0.08
484024041,145,13297,4,1.08,98.89,0.03
484024042,53,7851,11,0.67,99.19,0.14
484024043,29,7495,6,0.39,99.54,0.08
484024044,116,14067,0,0.82,99.18,0.0
484024045,210,17993,0,1.15,98.85,0.0
484024046,37,9210,5,0.4,99.55,0.05
484024047,70,5194,3,1.33,98.61,0.06
484024048,455,37886,22,1.19,98.76,0.06
484024049,232,52561,16,0.44,99.53,0.03
484024050,781,31917,10,2.39,97.58,0.03
484024051,402,9885,5,3.91,96.05,0.05
484024052,153,32382,0,0.47,99.53,0.0
484024053,137,49531,24,0.28,99.68,0.05
484024054,200,27088,62,0.73,99.04,0.23
484025001,2911,454362,360,0.64,99.29,0.08
484025002,215,43447,0,0.49,99.51,0.0
484025003,105,26368,25,0.4,99.51,0.09
484025004,2448,22351,30,9.86,90.02,0.12
484025005,196,16648,12,1.16,98.77,0.07
484025006,8037,1123941,733,0.71,99.23,0.06
484025007,33,29244,21,0.11,99.82,0.07
484025008,295,46815,4,0.63,99.37,0.01
484025009,587,59189,0,0.98,99.02,0.0
484025010,113,96056,16,0.12,99.87,0.02
484025011,3976,280494,59,1.4,98.58,0.02
484025012,10099,488240,446,2.02,97.89,0.09
484025013,390,119261,16,0.33,99.66,0.01
484025014,169,52115,23,0.32,99.63,0.04
484025015,16,18314,36,0.09,99.72,0.2
484025016,128,78536,0,0.16,99.84,0.0
484026001,20,2538,5,0.78,99.02,0.2
484026002,1275,90162,90,1.39,98.51,0.1
484026003,64,24824,70,0.26,99.46,0.28
484026004,40,9428,0,0.42,99.58,0.0
484026005,6,1170,1,0.51,99.41,0.08
484026006,5,2781,2,0.18,99.75,0.07
484026007,1,625,0,0.16,99.84,0.0
484026008,0,977,2,0.0,99.8,0.2
484026009,3,753,1,0.4,99.47,0.13
484026010,3,1215,3,0.25,99.51,0.25
484026011,11,1465,0,0.75,99.25,0.0
484026012,29,22718,17,0.13,99.8,0.07
484026013,2,1824,0,0.11,99.89,0.0
484026014,3,3173,1,0.09,99.87,0.03
484026015,0,1168,1,0.0,99.91,0.09
484026016,15,4964,8,0.3,99.54,0.16
484026017,3291,84117,19,3.76,96.21,0.02
484026018,1417,433687,536,0.33,99.55,0.12
484026019,274,39127,7,0.7,99.29,0.02
484026020,63,4822,32,1.28,98.07,0.65
484026021,29,1801,17,1.57,97.51,0.92
484026022,4,851,8,0.46,98.61,0.93
484026023,14,5815,0,0.24,99.76,0.0
484026024,0,753,2,0.0,99.74,0.26
484026025,526,49750,14,1.05,98.93,0.03
484026026,378,82558,8,0.46,99.53,0.01
484026027,16,9017,8,0.18,99.73,0.09
484026028,1,1004,4,0.1,99.5,0.4
484026029,3133,166903,83,1.84,98.11,0.05
484026030,31622,894457,963,3.41,96.49,0.1
484026031,0,1177,9,0.0,99.24,0.76
484026032,2,888,0,0.22,99.78,0.0
484026033,2204,75148,0,2.85,97.15,0.0
484026034,0,942,2,0.0,99.79,0.21
484026035,179,11636,6,1.51,98.43,0.05
484026036,775,32148,5,2.35,97.63,0.02
484026037,17,1084,1,1.54,98.37,0.09
484026038,10,5161,2,0.19,99.77,0.04
484026039,22,5721,14,0.38,99.37,0.24
484026040,1,1517,15,0.07,98.96,0.98
484026041,65,14208,14,0.45,99.45,0.1
484026042,2609,161371,19,1.59,98.4,0.01
484026043,1362,260917,831,0.52,99.17,0.32
484026044,1,348,0,0.29,99.71,0.0
484026045,276,2160,4,11.31,88.52,0.16
484026046,0,498,0,0.0,100.0,0.0
484026047,519,8564,6,5.71,94.22,0.07
484026048,347,75570,105,0.46,99.41,0.14
484026049,1,3046,11,0.03,99.61,0.36
484026050,1,1490,5,0.07,99.6,0.33
484026051,40,4781,9,0.83,98.99,0.19
484026052,17,5240,0,0.32,99.68,0.0
484026053,1,368,0,0.27,99.73,0.0
484026054,2,536,1,0.37,99.44,0.19
484026055,2566,194489,608,1.3,98.39,0.31
484026056,102,10567,14,0.95,98.91,0.13
484026057,11,1443,6,0.75,98.84,0.41
484026058,21,16182,0,0.13,99.87,0.0
484026059,7,1699,6,0.41,99.24,0.35
484026060,6,2003,0,0.3,99.7,0.0
484026061,5,1359,5,0.37,99.27,0.37
484026062,0,1114,2,0.0,99.82,0.18
484026063,2,1176,0,0.17,99.83,0.0
484026064,4,1374,3,0.29,99.49,0.22
484026065,1,1474,0,0.07,99.93,0.0
484026066,49,8465,5,0.58,99.37,0.06
484026067,2,1424,3,0.14,99.65,0.21
484026068,0,1040,3,0.0,99.71,0.29
484026069,493,4276,20,10.29,89.29,0.42
484027001,306,58188,8,0.52,99.46,0.01
484027002,979,241716,26,0.4,99.59,0.01
484027003,2422,105254,0,2.25,97.75,0.0
484027004,7859,672918,198,1.15,98.82,0.03
484027005,2042,212239,0,0.95,99.05,0.0
484027006,3265,133841,0,2.38,97.62,0.0
484027007,1410,30758,4,4.38,95.6,0.01
484027008,1581,188699,0,0.83,99.17,0.0
484027009,93,37628,0,0.25,99.75,0.0
484027010,365,90786,8,0.4,99.59,0.01
484027011,256,30535,7,0.83,99.15,0.02
484027012,1819,156550,6,1.15,98.85,0.0
484027013,2127,148153,20,1.42,98.57,0.01
484027014,922,95718,61,0.95,98.98,0.06
484027015,349,47403,12,0.73,99.24,0.03
484027016,630,58036,2,1.07,98.92,0.0
484027017,321,61605,0,0.52,99.48,0.0
484028001,37,9781,4,0.38,99.58,0.04
484028002,28,28666,11,0.1,99.86,0.04
484028003,5388,263105,425,2.0,97.84,0.16
484028004,55,8792,3,0.62,99.34,0.03
484028005,15,4227,9,0.35,99.44,0.21
484028006,2,7536,4,0.03,99.92,0.05
484028007,28,16478,8,0.17,99.78,0.05
484028008,2,4134,5,0.05,99.83,0.12
484028009,1751,203964,111,0.85,99.1,0.05
484028010,0,1667,4,0.0,99.76,0.24
484028011,37,8244,0,0.45,99.55,0.0
484028012,422,41007,20,1.02,98.93,0.05
484028013,43,14951,4,0.29,99.69,0.03
484028014,0,3775,6,0.0,99.84,0.16
484028015,6126,843591,1022,0.72,99.16,0.12
484028016,24,16965,7,0.14,99.82,0.04
484028017,12,15963,15,0.08,99.83,0.09
484028018,8,6353,14,0.13,99.65,0.22
484028019,49,14583,13,0.33,99.58,0.09
484028020,5,2037,7,0.24,99.41,0.34
484028021,1379,104676,12,1.3,98.69,0.01
484028022,1713,538082,298,0.32,99.63,0.06
484028023,0,4276,4,0.0,99.91,0.09
484028024,20,6332,5,0.31,99.61,0.08
484028025,77,26160,0,0.29,99.71,0.0
484028026,22,3669,4,0.6,99.3,0.11
484028027,5268,417455,1106,1.24,98.5,0.26
484028028,14,3795,1,0.37,99.61,0.03
484028029,85,13105,0,0.64,99.36,0.0
484028030,176,13368,2,1.3,98.69,0.01
484028031,1,1908,3,0.05,99.79,0.16
484028032,13,7389,7,0.18,99.73,0.09
484028033,92,51302,0,0.18,99.82,0.0
484028034,1,924,2,0.11,99.68,0.22
484028035,80,23358,31,0.34,99.53,0.13
484028036,2953,293679,130,1.0,98.96,0.04
484028037,274,27934,17,0.97,98.97,0.06
484028038,151,59840,50,0.25,99.67,0.08
484028039,1915,346133,73,0.55,99.43,0.02
484028040,8,5330,23,0.15,99.42,0.43
484028041,79,22140,10,0.36,99.6,0.04
484029001,225,11158,15,1.97,97.89,0.13
484029002,73,15668,15,0.46,99.44,0.1
484029003,15,7019,2,0.21,99.76,0.03
484029004,890,17186,0,4.92,95.08,0.0
484029005,3770,76367,10,4.7,95.28,0.01
484029006,588,50574,6,1.15,98.84,0.01
484029007,164,17168,0,0.95,99.05,0.0
484029008,308,15914,0,1.9,98.1,0.0
484029009,33,5899,0,0.56,99.44,0.0
484029010,831,110551,19064,0.64,84.75,14.61
484029011,35,4715,5,0.74,99.16,0.11
484029012,60,9296,6,0.64,99.3,0.06
484029013,1182,97502,6,1.2,98.8,0.01
484029014,210,14952,27,1.38,98.44,0.18
484029015,824,45972,77,1.76,98.08,0.16
484029016,48,7452,4,0.64,99.31,0.05
484029017,555,11028,9,4.79,95.13,0.08
484029018,368,38206,5,0.95,99.03,0.01
484029019,183,22082,3,0.82,99.16,0.01
484029020,177,15466,2,1.13,98.86,0.01
484029021,246,18435,4,1.32,98.66,0.02
484029022,114,14059,23,0.8,99.03,0.16
484029023,261,30661,4,0.84,99.14,0.01
484029024,444,27685,28,1.58,98.32,0.1
484029025,2013,80574,42,2.44,97.51,0.05
484029026,359,23741,16,1.49,98.45,0.07
484029027,151,12773,51,1.16,98.44,0.39
484029028,158,25092,7,0.63,99.35,0.03
484029029,288,23578,46,1.2,98.6,0.19
484029030,1099,34166,20,3.11,96.83,0.06
484029031,312,23221,7,1.33,98.64,0.03
484029032,875,98432,129,0.88,98.99,0.13
484029033,263,45092,0,0.58,99.42,0.0
484029034,21,6273,2,0.33,99.63,0.03
484029035,290,22195,41,1.29,98.53,0.18
484029036,25,9178,6,0.27,99.66,0.07
484029037,412,24025,0,1.69,98.31,0.0
484029038,459,25139,8,1.79,98.18,0.03
484029039,162,13516,2,1.18,98.8,0.01
484029040,346,33035,114,1.03,98.63,0.34
484029041,176,13994,24,1.24,98.59,0.17
484029042,249,41886,40,0.59,99.31,0.09
484029043,2133,58709,13,3.51,96.47,0.02
484030001,65,9636,0,0.67,99.33,0.0
484030002,157,3284,0,4.56,95.44,0.0
484030003,811,79441,0,1.01,98.99,0.0
484030004,1238,40442,62,2.97,96.89,0.15
484030005,57,5196,0,1.09,98.91,0.0
484030006,47,23032,0,0.2,99.8,0.0
484030007,18,6514,6,0.28,99.63,0.09
484030008,61,10274,0,0.59,99.41,0.0
484030009,234,27919,0,0.83,99.17,0.0
484030010,199,64029,0,0.31,99.69,0.0
484030011,1640,54021,110,2.94,96.86,0.2
484030012,616,7250,0,7.83,92.17,0.0
484030013,312,26531,0,1.16,98.84,0.0
484030014,1651,44270,0,3.6,96.4,0.0
484030015,440,33384,15,1.3,98.66,0.04
484030016,337,28301,36,1.18,98.7,0.13
484030017,82,4590,0,1.76,98.24,0.0
484030018,504,1472,0,25.51,74.49,0.0
484030019,126,6775,0,1.83,98.17,0.0
484030020,88,11402,0,0.77,99.23,0.0
484030021,429,23032,0,1.83,98.17,0.0
484030022,153,22489,0,0.68,99.32,0.0
484030023,27,49153,0,0.05,99.95,0.0
484030024,62,16424,0,0.38,99.62,0.0
484030025,1317,25891,0,4.84,95.16,0.0
484030026,386,25586,5,1.49,98.49,0.02
484030027,235,15862,6,1.46,98.5,0.04
484030028,12917,130435,880,8.96,90.43,0.61
484030029,105,13587,8,0.77,99.18,0.06
484030030,1571,40244,14,3.76,96.21,0.03
484030031,1345,17541,0,7.12,92.88,0.0
484030032,273,49150,0,0.55,99.45,0.0
484030033,467,23943,0,1.91,98.09,0.0
484030034,668,38958,4,1.69,98.3,0.01
484030035,74,11086,2,0.66,99.32,0.02
484030036,902,10104,6,8.19,91.75,0.05
484030037,23,8144,10,0.28,99.6,0.12
484030038,2302,90622,50,2.48,97.47,0.05
484030039,9602,343322,227,2.72,97.22,0.06
484030040,734,54269,7,1.33,98.65,0.01
484030041,23,2332,0,0.98,99.02,0.0
484030042,137,5601,5,2.39,97.53,0.09
484030043,533,19343,0,2.68,97.32,0.0
484030044,3115,201168,48,1.52,98.45,0.02
484030045,2685,120100,53,2.19,97.77,0.04
484030046,28,16141,0,0.17,99.83,0.0
484030047,498,58868,87,0.84,99.02,0.15
484030048,4142,126732,0,3.16,96.84,0.0
484030049,448,21590,0,2.03,97.97,0.0
484030050,104,16171,0,0.64,99.36,0.0
484030051,148,22873,15,0.64,99.29,0.07
484030052,298,11573,0,2.51,97.49,0.0
484030053,5316,22754,0,18.94,81.06,0.0
484030054,153,11296,12,1.33,98.56,0.1
484030055,71,13447,2,0.53,99.46,0.01
484030056,16,6592,2,0.24,99.73,0.03
484030057,67,13811,0,0.48,99.52,0.0
484030058,1867,51874,0,3.47,96.53,0.0
484030059,762,21872,4,3.37,96.62,0.02
484030060,414,15864,4,2.54,97.43,0.02
484030061,9397,294012,96,3.1,96.87,0.03
484030062,154,20683,0,0.74,99.26,0.0
484030063,108,13248,3,0.81,99.17,0.02
484030064,214,3792,4,5.34,94.56,0.1
484030065,4914,80522,14,5.75,94.23,0.02
484030066,617,26177,5,2.3,97.68,0.02
484030067,103,19079,0,0.54,99.46,0.0
484030068,1534,64801,10,2.31,97.67,0.02
484030069,236,23845,0,0.98,99.02,0.0
484030070,1078,58799,0,1.8,98.2,0.0
484030071,106,21611,4,0.49,99.49,0.02
484030072,176,41428,56,0.42,99.44,0.13
484030073,236,7054,4,3.24,96.71,0.05
484030074,185,16339,0,1.12,98.88,0.0
484030075,971,12384,0,7.27,92.73,0.0
484030076,1586,63827,68,2.42,97.47,0.1
484030077,33,12344,2,0.27,99.72,0.02
484030078,1130,10259,0,9.92,90.08,0.0
484030079,321,22812,0,1.39,98.61,0.0
484030080,537,26760,0,1.97,98.03,0.0
484030081,887,44130,20,1.97,97.99,0.04
484030082,185,50581,8,0.36,99.62,0.02
484030083,38,5524,12,0.68,99.1,0.22
484030084,712,73274,0,0.96,99.04,0.0
484030085,213,46399,0,0.46,99.54,0.0
484030086,17000,470404,490,3.48,96.42,0.1
484030087,272,4780,0,5.38,94.62,0.0
484030088,583,38057,0,1.51,98.49,0.0
484030089,411,10721,0,3.69,96.31,0.0
484030090,3362,36249,4,8.49,91.5,0.01
484030091,468,16113,0,2.82,97.18,0.0
484030092,408,70590,0,0.57,99.43,0.0
484030093,47,15005,6,0.31,99.65,0.04
484030094,2,1543,0,0.13,99.87,0.0
484030095,185,18932,4,0.97,99.01,0.02
484030096,12,3247,0,0.37,99.63,0.0
484030097,2161,16166,0,11.79,88.21,0.0
484030098,502,23416,0,2.1,97.9,0.0
484030099,659,37978,0,1.71,98.29,0.0
484030100,1667,137444,10,1.2,98.79,0.01
484030101,116,12683,1,0.91,99.09,0.01
484030102,3396,63024,0,5.11,94.89,0.0
484030103,641,94466,61,0.67,99.26,0.06
484030104,49,4794,0,1.01,98.99,0.0
484030105,2,2924,1,0.07,99.9,0.03
484030106,414,65029,24,0.63,99.33,0.04
484030107,361,11737,0,2.98,97.02,0.0
484030108,172,16311,0,1.04,98.96,0.0
484030109,2476,20352,0,10.85,89.15,0.0
484030110,398,4216,0,8.63,91.37,0.0
484030111,27,10095,8,0.27,99.65,0.08
484030112,757,36540,17,2.03,97.93,0.05
484030113,401,16512,5,2.37,97.6,0.03
484030114,444,23328,0,1.87,98.13,0.0
484030115,2872,119813,0,2.34,97.66,0.0
484030116,284,5366,0,5.03,94.97,0.0
484030117,112,10226,0,1.08,98.92,0.0
484030118,445,22234,4,1.96,98.02,0.02
484030119,1559,16453,0,8.66,91.34,0.0
484030120,616,95424,0,0.64,99.36,0.0
484030121,690,158795,16,0.43,99.56,0.01
484030122,291,31592,0,0.91,99.09,0.0
484030123,37,33383,15,0.11,99.84,0.04
484030124,275,27980,3,0.97,99.02,0.01
484030125,1210,74522,7,1.6,98.39,0.01
484030126,34,18011,8,0.19,99.77,0.04
484030127,3880,48494,3,7.41,92.59,0.01
484030128,1339,187466,158,0.71,99.21,0.08
484030129,1004,19293,4,4.95,95.03,0.02
484030130,96,57802,11,0.17,99.82,0.02
484030131,40,23434,0,0.17,99.83,0.0
484030132,647,23474,3,2.68,97.31,0.01
484030133,13,8329,0,0.16,99.84,0.0
484030134,905,5374,0,14.41,85.59,0.0
484030135,302,41483,3,0.72,99.27,0.01
484030136,2,6120,4,0.03,99.9,0.07
484030137,36,3088,0,1.15,98.85,0.0
484030138,827,161028,42,0.51,99.46,0.03
484030139,348,56698,0,0.61,99.39,0.0
484030140,2812,29558,10,8.68,91.28,0.03
484030141,640,15933,0,3.86,96.14,0.0
484030142,83,3844,0,2.11,97.89,0.0
484030143,306,24274,0,1.24,98.76,0.0
484030144,291,27828,11,1.03,98.93,0.04
484030145,196,11435,0,1.69,98.31,0.0
484030146,6328,15573,0,28.89,71.11,0.0
484030147,95,11456,10,0.82,99.09,0.09
484030148,74,5719,2,1.28,98.69,0.03
484030149,68,11922,2,0.57,99.42,0.02
484030150,92,99484,28,0.09,99.88,0.03
484030151,16,6027,0,0.26,99.74,0.0
484030152,120,20025,0,0.6,99.4,0.0
484030153,883,23635,4,3.6,96.38,0.02
484030154,128,29474,2,0.43,99.56,0.01
484030155,483,106732,44,0.45,99.51,0.04
484030156,204,53562,7,0.38,99.61,0.01
484030157,25,6423,0,0.39,99.61,0.0
484030158,34,5002,1,0.68,99.31,0.02
484030159,118,16815,0,0.7,99.3,0.0
484030160,88,8837,0,0.99,99.01,0.0
484030161,910,8487,10,9.67,90.22,0.11
484030162,63,16244,0,0.39,99.61,0.0
484030163,64,10758,4,0.59,99.37,0.04
484030164,8,5526,0,0.14,99.86,0.0
484030165,404,19518,3,2.03,97.96,0.02
484030166,1447,97838,0,1.46,98.54,0.0
484030167,1462,94006,27,1.53,98.44,0.03
484030168,795,91920,0,0.86,99.14,0.0
484030169,66,4416,7,1.47,98.37,0.16
484030170,125,11545,10,1.07,98.84,0.09
484030171,566,12332,0,4.39,95.61,0.0
484030172,102,4183,0,2.38,97.62,0.0
484030173,88,10760,1,0.81,99.18,0.01
484030174,198,37586,0,0.52,99.48,0.0
484030175,1309,18357,0,6.66,93.34,0.0
484030176,630,60685,21,1.03,98.94,0.03
484030177,33,7899,1,0.42,99.57,0.01
484030178,244,5300,0,4.4,95.6,0.0
484030179,1098,6100,0,15.25,84.75,0.0
484030180,25,6082,0,0.41,99.59,0.0
484030181,33,17182,0,0.19,99.81,0.0
484030182,1601,152220,172,1.04,98.85,0.11
484030183,15,2244,1,0.66,99.29,0.04
484030184,364,29693,25,1.21,98.71,0.08
484030185,56,20129,19,0.28,99.63,0.09
484030186,18943,586324,1252,3.12,96.67,0.21
484030187,175,12317,0,1.4,98.6,0.0
484030188,34,5868,0,0.58,99.42,0.0
484030189,5439,12453,10,30.38,69.56,0.06
484030190,119,11085,0,1.06,98.94,0.0
484030191,12,6765,0,0.18,99.82,0.0
484030192,123,11772,4,1.03,98.93,0.03
484030193,37,12540,0,0.29,99.71,0.0
484030194,55,14471,2,0.38,99.61,0.01
484030195,83,14439,4,0.57,99.4,0.03
484031001,747,5801,2,11.4,88.56,0.03
484031002,163,16609,0,0.97,99.03,0.0
484031003,38,12246,0,0.31,99.69,0.0
484031004,81,6106,0,1.31,98.69,0.0
484031005,473,1694,0,21.83,78.17,0.0
484031006,58,9097,0,0.63,99.37,0.0
484031007,258,7232,0,3.44,96.56,0.0
484031008,76,3869,4,1.92,97.97,0.1
484031009,41,4420,6,0.92,98.95,0.13
484031010,121,2633,1,4.39,95.57,0.04
484031011,157,8221,3,1.87,98.09,0.04
484031012,10,3715,2,0.27,99.68,0.05
484031013,507,16142,6,3.04,96.92,0.04
484031014,241,1474,0,14.05,85.95,0.0
484031015,30,5534,0,0.54,99.46,0.0
484031016,15,3090,0,0.48,99.52,0.0
484031017,147,4511,1,3.16,96.82,0.02
484031018,71,3254,0,2.14,97.86,0.0
484031019,1149,37722,10,2.96,97.02,0.03
484031020,297,4199,1,6.6,93.37,0.02
484031021,655,8744,1,6.97,93.02,0.01
484031022,4,4321,1,0.09,99.88,0.02
484031023,49,4814,0,1.01,98.99,0.0
484031024,14,3231,0,0.43,99.57,0.0
484031025,288,5700,0,4.81,95.19,0.0
484031026,492,3132,0,13.58,86.42,0.0
484031027,233,8097,3,2.8,97.17,0.04
484031028,61,2875,1,2.08,97.89,0.03
484031029,56,6181,3,0.9,99.05,0.05
484031030,48,3965,2,1.2,98.75,0.05
484031031,502,2316,0,17.81,82.19,0.0
484031032,460,16314,3,2.74,97.24,0.02
484031033,26,21174,0,0.12,99.88,0.0
484031034,1430,5080,4,21.95,77.99,0.06
484031035,888,5494,0,13.91,86.09,0.0
484031036,88,8001,1,1.09,98.9,0.01
484031037,874,4376,0,16.65,83.35,0.0
484031038,500,34620,0,1.42,98.58,0.0
484031039,43,4126,0,1.03,98.97,0.0
484031040,896,27619,0,3.14,96.86,0.0
484031041,1782,140016,57,1.26,98.7,0.04
484031042,103,5450,2,1.85,98.11,0.04
484031043,18,3387,0,0.53,99.47,0.0
484031044,702,6828,0,9.32,90.68,0.0
484031045,4,2671,2,0.15,99.78,0.07
484031046,109,3184,3,3.31,96.6,0.09
484031047,40,5929,0,0.67,99.33,0.0
484031048,151,23685,0,0.63,99.37,0.0
484031049,635,3331,0,16.01,83.99,0.0
484031050,29734,960501,2759,2.99,96.73,0.28
484031051,155,3275,2,4.52,95.43,0.06
484031052,257,37543,0,0.68,99.32,0.0
484031053,205,13284,0,1.52,98.48,0.0
484031054,251,2740,0,8.39,91.61,0.0
484031055,393,6688,0,5.55,94.45,0.0
484031056,104,33714,15,0.31,99.65,0.04
484031057,466,7300,0,6.0,94.0,0.0
484031058,578,25355,0,2.23,97.77,0.0
484031059,2065,63475,316,3.14,96.38,0.48
484031060,15,963,0,1.53,98.47,0.0
484031061,214,3760,1,5.38,94.59,0.03
484031062,736,4168,1,15.01,84.97,0.02
484031063,33,5581,0,0.59,99.41,0.0
484031064,90,1608,5,5.28,94.42,0.29
484031065,27,2091,0,1.27,98.73,0.0
484031066,12,4208,0,0.28,99.72,0.0
484031067,231,9822,0,2.3,97.7,0.0
484031068,137,3070,0,4.27,95.73,0.0
484031069,85,8880,2,0.95,99.03,0.02
484031070,23,3946,2,0.58,99.37,0.05
484031071,346,1603,0,17.75,82.25,0.0
484031072,222,1635,0,11.95,88.05,0.0
484031073,50,5787,5,0.86,99.06,0.09
484031074,71,3704,0,1.88,98.12,0.0
484031075,720,6199,0,10.41,89.59,0.0
484031076,1894,16037,0,10.56,89.44,0.0
484031077,98,2585,0,3.65,96.35,0.0
484031078,626,3123,0,16.7,83.3,0.0
484031079,365,44484,2,0.81,99.18,0.0
484031080,595,10425,0,5.4,94.6,0.0
484031081,68,3286,2,2.03,97.91,0.06
484031082,832,2680,1,23.68,76.29,0.03
484031083,35,1877,4,1.83,97.96,0.21
484031084,222,6816,0,3.15,96.85,0.0
484031085,1084,15569,0,6.51,93.49,0.0
484031086,29,2102,4,1.36,98.45,0.19
484031087,12,5452,0,0.22,99.78,0.0
484031088,435,1482,0,22.69,77.31,0.0
484031089,254,40179,0,0.63,99.37,0.0
484031090,130,7373,0,1.73,98.27,0.0
484031091,77,12623,0,0.61,99.39,0.0
484031092,26,7838,0,0.33,99.67,0.0
484031093,228,18189,0,1.24,98.76,0.0
484031094,12,5418,0,0.22,99.78,0.0
484031095,32,5663,0,0.56,99.44,0.0
484031096,6981,73587,24,8.66,91.31,0.03
484031097,113,3568,3,3.07,96.85,0.08
484031098,234,15084,3,1.53,98.45,0.02
484031099,49,4142,0,1.17,98.83,0.0
484031100,187,3864,0,4.62,95.38,0.0
484031101,2037,67090,0,2.95,97.05,0.0
484031102,9719,75508,0,11.4,88.6,0.0
484031103,469,2983,0,13.59,86.41,0.0
484031104,1318,14980,6,8.08,91.88,0.04
484031105,109,3179,7,3.31,96.48,0.21
484031106,153,2062,0,6.91,93.09,0.0
484032001,11,6249,0,0.18,99.82,0.0
484032002,50,4890,2,1.01,98.95,0.04
484032003,3,2275,1,0.13,99.82,0.04
484032004,16,12555,11,0.13,99.79,0.09
484032005,1756,50557,8,3.36,96.63,0.02
484032006,34,8218,2,0.41,99.56,0.02
484032007,49,14498,13,0.34,99.57,0.09
484032008,59,13403,3,0.44,99.54,0.02
484032009,21,10051,0,0.21,99.79,0.0
484032010,641,239023,126,0.27,99.68,0.05
484032011,13,3344,7,0.39,99.41,0.21
484032012,6,8162,0,0.07,99.93,0.0
484032013,180,19976,11,0.89,99.05,0.05
484032014,7,1571,1,0.44,99.49,0.06
484032015,617,22906,0,2.62,97.38,0.0
484032016,2255,229323,73,0.97,99.0,0.03
484032017,117,4431,1,2.57,97.41,0.02
484032018,152,25011,5,0.6,99.38,0.02
484032019,304,59428,45,0.51,99.42,0.08
484032020,7,4434,1,0.16,99.82,0.02
484032021,224,19495,12,1.14,98.8,0.06
484032022,36,12172,3,0.29,99.68,0.02
484032023,153,53288,9,0.29,99.7,0.02
484032024,525,12659,0,3.98,96.02,0.0
484032025,73,17647,39,0.41,99.37,0.22
484032026,1,2721,4,0.04,99.82,0.15
484032027,63,2385,3,2.57,97.31,0.12
484032028,294,23333,7,1.24,98.73,0.03
484032029,0,2444,4,0.0,99.84,0.16
484032030,84,8569,6,0.97,98.96,0.07
484032031,24,13177,6,0.18,99.77,0.05
484032032,7,4520,5,0.15,99.74,0.11
484032033,92,27752,16,0.33,99.61,0.06
484032034,80,16204,0,0.49,99.51,0.0
484032035,479,43585,22,1.09,98.86,0.05
484032036,35,17542,0,0.2,99.8,0.0
484032037,303,71847,18,0.42,99.56,0.02
484032038,706,63721,0,1.1,98.9,0.0
484032039,6,21835,3,0.03,99.96,0.01
484032040,140,63374,57,0.22,99.69,0.09
484032041,2,1362,1,0.15,99.78,0.07
484032042,196,16388,0,1.18,98.82,0.0
484032043,28,8275,8,0.34,99.57,0.1
484032044,85,6400,0,1.31,98.69,0.0
484032045,511,26711,7,1.88,98.1,0.03
484032046,42,32305,18,0.13,99.81,0.06
484032047,55,10215,6,0.54,99.41,0.06
484032048,63,34496,59,0.18,99.65,0.17
484032049,123,19393,10,0.63,99.32,0.05
484032050,118,13065,11,0.89,99.02,0.08
484032051,33,19402,9,0.17,99.78,0.05
484032052,478,30917,25,1.52,98.4,0.08
484032053,2009,145742,94,1.36,98.58,0.06
