GEOLEV2,ELEC_YES_HH,ELEC_NO_HH,ELEC_UK_HH,ELEC_YES_PCT,ELEC_NO_PCT,ELEC_UK_PCT
484001001,1023584,1245,0,99.88,0.12,0.0
484001002,50948,343,0,99.33,0.67,0.0
484001003,58015,140,0,99.76,0.24,0.0
484001004,16901,51,0,99.7,0.3,0.0
484001005,129449,401,0,99.69,0.31,0.0
484001006,104121,512,0,99.51,0.49,0.0
484001007,9493,29,0,99.7,0.3,0.0
484001008,22314,125,0,99.44,0.56,0.0
484002001,543790,10408,0,98.12,1.88,0.0
484002002,1034444,2962,140,99.7,0.29,0.01
484002004,2128624,4578,0,99.79,0.21,0.0
484003001,783881,5716,149,99.26,0.72,0.02
484004001,58801,237,0,99.6,0.4,0.0
484004003,790337,7161,15306,97.24,0.88,1.88
484004004,31771,143,0,99.55,0.45,0.0
484004005,8415,198,0,97.7,2.3,0.0
484004006,11304,117,9,98.9,1.02,0.08
484005001,1021,0,0,100.0,0.0,0.0
484005002,162318,332,0,99.8,0.2,0.0
484005003,22987,24,0,99.9,0.1,0.0
484005004,29408,70,0,99.76,0.24,0.0
484005005,1635,7,0,99.57,0.43,0.0
484005006,28855,212,0,99.27,0.73,0.0
484005007,12580,117,0,99.08,0.92,0.0
484005008,3030,12,0,99.61,0.39,0.0
484005009,58912,101,0,99.83,0.17,0.0
484005010,82223,105,0,99.87,0.13,0.0
484005011,11802,38,0,99.68,0.32,0.0
484005012,1618,12,0,99.26,0.74,0.0
484005013,1725,10,0,99.42,0.58,0.0
484005014,9185,162,0,98.27,1.73,0.0
484005015,1575,9,0,99.43,0.57,0.0
484005016,1758,6,0,99.66,0.34,0.0
484005017,117667,52,0,99.96,0.04,0.0
484005018,237427,167,0,99.93,0.07,0.0
484005019,7853,20,0,99.75,0.25,0.0
484005020,71486,42,0,99.94,0.06,0.0
484005021,6527,11,0,99.83,0.17,0.0
484005022,32961,95,0,99.71,0.29,0.0
484005023,9481,25,0,99.74,0.26,0.0
484005024,44224,38,0,99.91,0.09,0.0
484005025,174573,41,0,99.98,0.02,0.0
484005026,3218,1,0,99.97,0.03,0.0
484005027,120829,45,0,99.96,0.04,0.0
484005028,64671,83,0,99.87,0.13,0.0
484005029,2470,1,0,99.96,0.04,0.0
484005030,876520,137,658,99.91,0.02,0.08
484005031,24683,34,0,99.86,0.14,0.0
484005032,42162,50,0,99.88,0.12,0.0
484005033,100491,240,0,99.76,0.24,0.0
484005034,6508,15,0,99.77,0.23,0.0
484005035,717653,270,0,99.96,0.04,0.0
484005036,20098,16,0,99.92,0.08,0.0
484005037,6169,16,0,99.74,0.26,0.0
484005038,13019,68,0,99.48,0.52,0.0
484006001,216677,507,6,99.76,0.23,0.0
484006002,153813,526,0,99.66,0.34,0.0
484006003,21378,153,24,99.18,0.71,0.11
484006004,20583,158,0,99.24,0.76,0.0
484006005,30995,55,0,99.82,0.18,0.0
484006006,5556,47,0,99.16,0.84,0.0
484006007,10123,70,0,99.31,0.69,0.0
484006008,114557,749,0,99.35,0.65,0.0
484006009,149544,129,0,99.91,0.09,0.0
484007001,17603,352,0,98.04,1.96,0.0
484007002,142921,440,0,99.69,0.31,0.0
484007003,26442,171,0,99.36,0.64,0.0
484007004,34644,1352,0,96.24,3.76,0.0
484007005,23718,703,0,97.12,2.88,0.0
484007006,31313,336,0,98.94,1.06,0.0
484007007,11092,183,0,98.38,1.62,0.0
484007008,39115,602,0,98.48,1.52,0.0
484007009,40595,331,0,99.19,0.81,0.0
484007010,7353,27,0,99.63,0.37,0.0
484007011,19816,321,0,98.41,1.59,0.0
484007012,63124,1328,0,97.94,2.06,0.0
484007013,36472,469,0,98.73,1.27,0.0
484007014,23630,603,0,97.51,2.49,0.0
484007015,49745,145,0,99.71,0.29,0.0
484007016,17031,387,0,97.78,2.22,0.0
484007017,85295,1162,0,98.66,1.34,0.0
484007018,9790,56,0,99.43,0.57,0.0
484007019,163877,1031,0,99.37,0.63,0.0
484007020,48994,618,0,98.75,1.25,0.0
484007021,21879,205,0,99.07,0.93,0.0
484007022,19376,2510,0,88.53,11.47,0.0
484007023,100888,854,0,99.16,0.84,0.0
484007024,13268,351,2,97.41,2.58,0.01
484007025,7250,113,0,98.47,1.53,0.0
484007026,54463,1252,6,97.74,2.25,0.01
484007028,6127,25,0,99.59,0.41,0.0
484007029,5376,22,0,99.59,0.41,0.0
484007030,35544,1065,0,97.09,2.91,0.0
484007031,129162,7612,0,94.43,5.57,0.0
484007032,30503,317,0,98.97,1.03,0.0
484007033,7082,133,0,98.16,1.84,0.0
484007034,78924,1844,0,97.72,2.28,0.0
484007035,14233,131,0,99.09,0.91,0.0
484007036,7663,19,0,99.75,0.25,0.0
484007037,35988,303,0,99.17,0.83,0.0
484007038,21799,1116,0,95.13,4.87,0.0
484007039,27380,442,0,98.41,1.59,0.0
484007040,51930,446,12,99.13,0.85,0.02
484007041,46052,228,0,99.51,0.49,0.0
484007042,11200,103,0,99.09,0.91,0.0
484007043,10538,366,0,96.64,3.36,0.0
484007044,28702,226,0,99.22,0.78,0.0
484007045,5980,192,0,96.89,3.11,0.0
484007046,40491,353,0,99.14,0.86,0.0
484007047,24756,91,0,99.63,0.37,0.0
484007048,21602,145,0,99.33,0.67,0.0
484007049,35650,325,3,99.09,0.9,0.01
484007050,5124,84,0,98.39,1.61,0.0
484007051,45573,362,0,99.21,0.79,0.0
484007052,153786,1528,0,99.02,0.98,0.0
484007053,7828,52,0,99.34,0.66,0.0
484007054,27883,213,0,99.24,0.76,0.0
484007055,5832,49,0,99.17,0.83,0.0
484007056,13530,77,0,99.43,0.57,0.0
484007057,75833,340,0,99.55,0.45,0.0
484007058,4706,19,0,99.6,0.4,0.0
484007059,266473,40021,8,86.94,13.06,0.0
484007060,13867,124,0,99.11,0.89,0.0
484007061,140114,1895,0,98.67,1.33,0.0
484007062,18127,294,0,98.4,1.6,0.0
484007063,3965,12,0,99.7,0.3,0.0
484007064,49053,5718,0,89.56,10.44,0.0
484007065,129460,2055,0,98.44,1.56,0.0
484007066,25475,743,24,97.08,2.83,0.09
484007067,12071,68,0,99.44,0.56,0.0
484007068,31302,399,0,98.74,1.26,0.0
484007069,50859,110,0,99.78,0.22,0.0
484007070,12166,88,0,99.28,0.72,0.0
484007071,28904,145,0,99.5,0.5,0.0
484007072,61589,531,0,99.15,0.85,0.0
484007074,44444,304,0,99.32,0.68,0.0
484007075,28421,296,0,98.97,1.03,0.0
484007076,29489,365,0,98.78,1.22,0.0
484007077,62086,1502,0,97.64,2.36,0.0
484007078,213994,806,0,99.62,0.38,0.0
484007079,41545,172,0,99.59,0.41,0.0
484007080,29578,543,11648,70.81,1.3,27.89
484007081,58107,447,0,99.24,0.76,0.0
484007082,14315,1092,0,92.91,7.09,0.0
484007083,18969,103,20,99.36,0.54,0.1
484007084,8373,109,0,98.71,1.29,0.0
484007085,10781,101,0,99.07,0.93,0.0
484007086,25353,196,0,99.23,0.77,0.0
484007087,40993,270,0,99.35,0.65,0.0
484007088,2262,46,0,98.01,1.99,0.0
484007089,347990,877,16,99.74,0.25,0.0
484007090,4405,34,0,99.23,0.77,0.0
484007093,47374,724,0,98.49,1.51,0.0
484007094,48265,1161,0,97.65,2.35,0.0
484007095,79641,3581,0,95.7,4.3,0.0
484007096,91190,413,0,99.55,0.45,0.0
484007097,6997,207,0,97.13,2.87,0.0
484007098,81972,682,0,99.17,0.83,0.0
484007099,36292,1418,0,96.24,3.76,0.0
484007100,597702,1539,41,99.74,0.26,0.01
484007101,40451,536,0,98.69,1.31,0.0
484007102,30060,169,0,99.44,0.56,0.0
484007103,16386,145,0,99.12,0.88,0.0
484007104,15700,161,0,98.98,1.02,0.0
484007105,65546,1550,0,97.69,2.31,0.0
484007106,78876,2151,9,97.33,2.65,0.01
484007107,108098,956,0,99.12,0.88,0.0
484007108,39057,1011,0,97.48,2.52,0.0
484007109,7461,67,0,99.11,0.89,0.0
484007110,44708,200,7,99.54,0.45,0.02
484008001,14535,13,0,99.91,0.09,0.0
484008002,25942,20,0,99.92,0.08,0.0
484008003,8378,109,0,98.72,1.28,0.0
484008004,21357,15,0,99.93,0.07,0.0
484008005,25933,108,0,99.59,0.41,0.0
484008006,5770,23,0,99.6,0.4,0.0
484008007,51429,25345,66,66.93,32.98,0.09
484008008,19955,3011,0,86.89,13.11,0.0
484008009,25071,60,0,99.76,0.24,0.0
484008010,48996,376,0,99.24,0.76,0.0
484008011,6490,1582,0,80.4,19.6,0.0
484008012,11656,72,0,99.39,0.61,0.0
484008013,2012,22,0,98.92,1.08,0.0
484008014,1217,13,0,98.94,1.06,0.0
484008015,3677,17,0,99.54,0.46,0.0
484008016,178943,148,0,99.92,0.08,0.0
484008017,5053,42,0,99.18,0.82,0.0
484008018,933240,929,70,99.89,0.1,0.01
484008019,5480,705,0,88.6,11.4,0.0
484008020,149832,51,0,99.97,0.03,0.0
484008021,2409,43,0,98.25,1.75,0.0
484008022,6589,51,0,99.23,0.77,0.0
484008023,3771,11,0,99.71,0.29,0.0
484008024,6982,18,0,99.74,0.26,0.0
484008025,2395,21,0,99.13,0.87,0.0
484008026,4172,6,0,99.86,0.14,0.0
484008027,39837,10421,0,79.26,20.74,0.0
484008028,6871,1322,0,83.86,16.14,0.0
484008029,34338,948,0,97.31,2.69,0.0
484008030,115799,96,0,99.92,0.08,0.0
484008031,824,2,0,99.76,0.24,0.0
484008032,5178,10,0,99.81,0.19,0.0
484008033,10826,93,0,99.15,0.85,0.0
484008034,40616,92,0,99.77,0.23,0.0
484008035,1503376,897,0,99.94,0.06,0.0
484008036,4972,6,2,99.84,0.12,0.04
484008037,3947,36,0,99.1,0.9,0.0
484008038,24138,917,0,96.34,3.66,0.0
484008039,984,310,0,76.04,23.96,0.0
484008040,1154,24,0,97.96,2.04,0.0
484008041,2725,16,0,99.42,0.58,0.0
484008042,4250,13,0,99.7,0.3,0.0
484008043,44579,54,0,99.88,0.12,0.0
484008044,5497,1614,0,77.3,22.7,0.0
484008045,4280,148,0,96.66,3.34,0.0
484008046,22543,15,0,99.93,0.07,0.0
484008047,2460,285,0,89.62,10.38,0.0
484008048,65213,220,0,99.66,0.34,0.0
484008049,7955,152,0,98.13,1.87,0.0
484008050,24467,20,0,99.92,0.08,0.0
484008051,5083,6,0,99.88,0.12,0.0
484008052,7648,18,0,99.77,0.23,0.0
484008053,16606,70,0,99.58,0.42,0.0
484008054,2060,18,0,99.13,0.87,0.0
484008055,2073,96,0,95.57,4.43,0.0
484008056,2682,4,0,99.85,0.15,0.0
484008057,4933,63,0,98.74,1.26,0.0
484008058,11502,64,0,99.45,0.55,0.0
484008059,3345,62,0,98.18,1.82,0.0
484008060,29711,6,0,99.98,0.02,0.0
484008061,5159,155,0,97.08,2.92,0.0
484008062,1439,10,0,99.31,0.69,0.0
484008063,11104,5833,0,65.56,34.44,0.0
484008064,4869,1636,0,74.85,25.15,0.0
484008065,4690,66,0,98.61,1.39,0.0
484009001,5391397,888,416,99.98,0.02,0.01
484009002,2249969,697,0,99.97,0.03,0.0
484009003,246194,365,45,99.83,0.15,0.02
484009004,152294,313,0,99.79,0.21,0.0
484009005,389106,180,0,99.95,0.05,0.0
484009006,694146,184,0,99.97,0.03,0.0
484010001,58740,211,0,99.64,0.36,0.0
484010002,4027,264,0,93.85,6.15,0.0
484010003,4035,43,0,98.95,1.05,0.0
484010004,34665,108,0,99.69,0.31,0.0
484010005,681621,1254,160,99.79,0.18,0.02
484010006,9999,23,0,99.77,0.23,0.0
484010007,370067,177,0,99.95,0.05,0.0
484010008,36246,58,0,99.84,0.16,0.0
484010009,9429,381,0,96.12,3.88,0.0
484010010,3795,18,0,99.53,0.47,0.0
484010011,4698,30,0,99.37,0.63,0.0
484010012,162872,304,0,99.81,0.19,0.0
484010013,26872,49,0,99.82,0.18,0.0
484010014,27160,19470,506,57.62,41.31,1.07
484010015,12845,39,0,99.7,0.3,0.0
484010016,18913,105,0,99.45,0.55,0.0
484010017,7726,140,0,98.22,1.78,0.0
484010018,10301,43,0,99.58,0.42,0.0
484010019,4729,190,0,96.14,3.86,0.0
484010020,12573,68,0,99.46,0.54,0.0
484010021,11018,86,0,99.23,0.77,0.0
484010022,25487,34,0,99.87,0.13,0.0
484010023,44888,6019,0,88.18,11.82,0.0
484010024,12727,32,0,99.75,0.25,0.0
484010025,2763,71,0,97.49,2.51,0.0
484010026,16447,727,0,95.77,4.23,0.0
484010027,5164,78,0,98.51,1.49,0.0
484010028,11973,29,0,99.76,0.24,0.0
484010029,2091,9,0,99.57,0.43,0.0
484010030,1604,16,0,99.01,0.99,0.0
484010031,6703,20,0,99.7,0.3,0.0
484010032,48110,157,0,99.67,0.33,0.0
484010033,6636,281,0,95.94,4.06,0.0
484010034,24321,1764,0,93.24,6.76,0.0
484010035,10707,519,0,95.38,4.62,0.0
484010036,21010,101,0,99.52,0.48,0.0
484010037,8677,500,0,94.55,5.45,0.0
484010038,23278,102,0,99.56,0.44,0.0
484011001,91846,88,0,99.9,0.1,0.0
484011002,107888,365,0,99.66,0.34,0.0
484011003,172611,299,0,99.83,0.17,0.0
484011004,62576,276,15,99.54,0.44,0.02
484011005,117183,364,1,99.69,0.31,0.0
484011006,5187,143,0,97.32,2.68,0.0
484011007,517391,2132,54,99.58,0.41,0.01
484011008,41076,146,0,99.65,0.35,0.0
484011009,80237,778,0,99.04,0.96,0.0
484011010,10994,43,0,99.61,0.39,0.0
484011011,97513,338,0,99.65,0.35,0.0
484011012,30606,109,0,99.65,0.35,0.0
484011013,27206,138,0,99.5,0.5,0.0
484011014,160593,1087,0,99.33,0.67,0.0
484011015,193259,311,24,99.83,0.16,0.01
484011016,21051,63,12,99.64,0.3,0.06
484011017,583782,278,0,99.95,0.05,0.0
484011018,38562,116,0,99.7,0.3,0.0
484011019,48997,454,0,99.08,0.92,0.0
484011020,1708566,4615,126,99.72,0.27,0.01
484011021,47158,29,0,99.94,0.06,0.0
484011022,24572,159,0,99.36,0.64,0.0
484011023,154004,495,0,99.68,0.32,0.0
484011024,12361,0,0,100.0,0.0,0.0
484011025,83425,246,0,99.71,0.29,0.0
484011026,65422,112,10,99.81,0.17,0.02
484011027,271607,1179,0,99.57,0.43,0.0
484011028,93570,184,8,99.8,0.2,0.01
484011029,40848,179,0,99.56,0.44,0.0
484011030,118849,670,5,99.44,0.56,0.0
484011031,129743,770,0,99.41,0.59,0.0
484011032,89038,436,0,99.51,0.49,0.0
484011033,127307,884,0,99.31,0.69,0.0
484011034,5544,116,0,97.95,2.05,0.0
484011035,80187,612,0,99.24,0.76,0.0
484011036,6688,16,0,99.76,0.24,0.0
484011037,202838,94,78,99.92,0.05,0.04
484011038,11214,80,4,99.26,0.71,0.04
484011039,35758,87,0,99.76,0.24,0.0
484011040,19662,298,0,98.51,1.49,0.0
484011041,61338,67,0,99.89,0.11,0.0
484011042,148197,331,0,99.78,0.22,0.0
484011043,20866,284,0,98.66,1.34,0.0
484011044,65251,228,0,99.65,0.35,0.0
484011045,10858,244,0,97.8,2.2,0.0
484011046,68475,214,0,99.69,0.31,0.0
484012001,772638,1197,48,99.84,0.15,0.01
484012002,24372,576,0,97.69,2.31,0.0
484012003,36573,501,0,98.65,1.35,0.0
484012004,20881,186,0,99.12,0.88,0.0
484012005,7672,28,0,99.64,0.36,0.0
484012006,10818,294,0,97.35,2.65,0.0
484012007,32393,569,0,98.27,1.73,0.0
484012008,9020,129,0,98.59,1.41,0.0
484012009,5482,209,0,96.33,3.67,0.0
484012010,27425,980,0,96.55,3.45,0.0
484012011,60027,558,0,99.08,0.92,0.0
484012012,67393,1367,0,98.01,1.99,0.0
484012013,36299,502,0,98.64,1.36,0.0
484012014,14920,214,0,98.59,1.41,0.0
484012015,12938,23,0,99.82,0.18,0.0
484012016,11932,473,0,96.19,3.81,0.0
484012017,15510,69,0,99.56,0.44,0.0
484012018,14275,75,0,99.48,0.52,0.0
484012019,15094,404,0,97.39,2.61,0.0
484012020,20905,448,0,97.9,2.1,0.0
484012021,71819,892,0,98.77,1.23,0.0
484012022,36959,1247,142,96.38,3.25,0.37
484012023,26233,314,10,98.78,1.18,0.04
484012024,7552,248,0,96.82,3.18,0.0
484012025,16875,136,0,99.2,0.8,0.0
484012026,8162,107,0,98.71,1.29,0.0
484012027,20239,250,0,98.78,1.22,0.0
484012028,140384,989,0,99.3,0.7,0.0
484012029,277924,1257,0,99.55,0.45,0.0
484012030,21990,158,0,99.29,0.71,0.0
484012031,6141,114,0,98.18,1.82,0.0
484012032,35845,1093,0,97.04,2.96,0.0
484012033,17207,197,0,98.87,1.13,0.0
484012034,36228,175,0,99.52,0.48,0.0
484012035,151763,362,0,99.76,0.24,0.0
484012036,11577,159,0,98.65,1.35,0.0
484012037,6115,22,0,99.64,0.36,0.0
484012038,151199,598,0,99.61,0.39,0.0
484012039,25924,83,0,99.68,0.32,0.0
484012040,25909,403,0,98.47,1.53,0.0
484012041,39040,1705,0,95.82,4.18,0.0
484012042,18497,72,0,99.61,0.39,0.0
484012043,36679,2990,3,92.46,7.54,0.01
484012044,12263,120,0,99.03,0.97,0.0
484012045,27793,399,0,98.58,1.42,0.0
484012046,66284,1541,0,97.73,2.27,0.0
484012047,6704,374,0,94.72,5.28,0.0
484012048,44127,199,0,99.55,0.45,0.0
484012049,12484,262,0,97.94,2.06,0.0
484012050,38130,54,0,99.86,0.14,0.0
484012051,35758,339,0,99.06,0.94,0.0
484012052,44070,1757,0,96.17,3.83,0.0
484012053,49705,381,0,99.24,0.76,0.0
484012054,22924,1183,0,95.09,4.91,0.0
484012055,105208,118,0,99.89,0.11,0.0
484012056,44774,1265,0,97.25,2.75,0.0
484012057,64278,496,0,99.23,0.77,0.0
484012058,53664,118,0,99.78,0.22,0.0
484012059,30331,390,0,98.73,1.27,0.0
484012060,13308,230,0,98.3,1.7,0.0
484012061,42562,159,0,99.63,0.37,0.0
484012062,21674,879,0,96.1,3.9,0.0
484012063,8500,1453,0,85.4,14.6,0.0
484012064,11590,92,0,99.21,0.79,0.0
484012065,7518,69,0,99.09,0.91,0.0
484012066,93718,597,0,99.37,0.63,0.0
484012067,21860,174,0,99.21,0.79,0.0
484012068,11734,146,5,98.73,1.23,0.04
484012069,7668,192,0,97.56,2.44,0.0
484012070,28507,1129,4,96.18,3.81,0.01
484012071,46336,5050,0,90.17,9.83,0.0
484012072,16785,331,0,98.07,1.93,0.0
484012073,21701,224,0,98.98,1.02,0.0
484012074,52532,474,0,99.11,0.89,0.0
484013001,22066,142,0,99.36,0.64,0.0
484013002,45095,875,0,98.1,1.9,0.0
484013003,60546,240,0,99.61,0.39,0.0
484013004,9962,345,0,96.65,3.35,0.0
484013005,18725,73,0,99.61,0.39,0.0
484013006,18928,197,0,98.97,1.03,0.0
484013007,12490,32,0,99.74,0.26,0.0
484013008,46405,121,0,99.74,0.26,0.0
484013009,19639,160,0,99.19,0.81,0.0
484013010,31350,50,0,99.84,0.16,0.0
484013011,19648,135,0,99.32,0.68,0.0
484013012,29823,259,0,99.14,0.86,0.0
484013013,62381,39,0,99.94,0.06,0.0
484013014,15995,84,0,99.48,0.52,0.0
484013015,19026,199,0,98.96,1.04,0.0
484013016,59986,395,0,99.35,0.65,0.0
484013017,12592,365,0,97.18,2.82,0.0
484013018,22588,269,0,98.82,1.18,0.0
484013019,42032,340,12,99.17,0.8,0.03
484013020,2579,14,0,99.46,0.54,0.0
484013021,15041,72,0,99.52,0.48,0.0
484013022,16154,97,0,99.4,0.6,0.0
484013023,35923,144,0,99.6,0.4,0.0
484013024,17331,176,0,98.99,1.01,0.0
484013025,20433,209,0,98.99,1.01,0.0
484013026,12605,159,0,98.75,1.25,0.0
484013027,22096,537,0,97.63,2.37,0.0
484013028,126376,252,0,99.8,0.2,0.0
484013029,46906,240,0,99.49,0.51,0.0
484013030,97415,373,0,99.62,0.38,0.0
484013031,12108,103,0,99.16,0.84,0.0
484013032,10186,59,0,99.42,0.58,0.0
484013033,2853,40,0,98.62,1.38,0.0
484013034,9359,111,0,98.83,1.17,0.0
484013035,12999,58,0,99.56,0.44,0.0
484013036,9323,113,0,98.8,1.2,0.0
484013037,20627,315,0,98.5,1.5,0.0
484013038,8679,162,12,98.03,1.83,0.14
484013039,14272,24,0,99.83,0.17,0.0
484013040,9736,82,0,99.16,0.84,0.0
484013041,46396,693,0,98.53,1.47,0.0
484013042,11173,222,0,98.05,1.95,0.0
484013043,6067,99,0,98.39,1.61,0.0
484013044,16736,201,0,98.81,1.19,0.0
484013045,9249,45,0,99.52,0.48,0.0
484013046,37999,470,0,98.78,1.22,0.0
484013047,4708,73,0,98.47,1.53,0.0
484013048,311271,353,0,99.89,0.11,0.0
484013049,18554,124,0,99.34,0.66,0.0
484013050,201220,0,0,100.0,0.0,0.0
484013051,38333,304,0,99.21,0.79,0.0
484013052,17064,534,0,96.97,3.03,0.0
484013053,36447,240,0,99.35,0.65,0.0
484013054,18112,205,0,98.88,1.12,0.0
484013055,39477,22,0,99.94,0.06,0.0
484013056,15091,40,0,99.74,0.26,0.0
484013057,17254,104,0,99.4,0.6,0.0
484013058,37340,509,0,98.66,1.34,0.0
484013059,17132,132,0,99.24,0.76,0.0
484013060,56100,129,0,99.77,0.23,0.0
484013061,30223,871,26,97.12,2.8,0.08
484013062,90164,234,0,99.74,0.26,0.0
484013063,10734,79,0,99.27,0.73,0.0
484013064,30725,106,0,99.66,0.34,0.0
484013065,13010,6,0,99.95,0.05,0.0
484013066,54647,319,0,99.42,0.58,0.0
484013067,13926,394,0,97.25,2.75,0.0
484013068,167782,227,15,99.86,0.14,0.01
484013069,8900,128,0,98.58,1.42,0.0
484013070,11076,31,0,99.72,0.28,0.0
484013071,37192,492,0,98.69,1.31,0.0
484013072,28467,123,32,99.46,0.43,0.11
484013073,21154,66,0,99.69,0.31,0.0
484013074,113885,551,0,99.52,0.48,0.0
484013075,166551,196,0,99.88,0.12,0.0
484013076,17840,380,0,97.91,2.09,0.0
484013077,6925,90,0,98.72,1.28,0.0
484013078,23983,615,0,97.5,2.5,0.0
484013079,37685,336,0,99.12,0.88,0.0
484013080,21353,53,0,99.75,0.25,0.0
484013081,57427,190,0,99.67,0.33,0.0
484013082,39245,321,0,99.19,0.81,0.0
484014001,23020,44,0,99.81,0.19,0.0
484014002,23509,41,0,99.83,0.17,0.0
484014003,23256,72,0,99.69,0.31,0.0
484014004,5692,22,0,99.61,0.39,0.0
484014005,16379,29,6,99.79,0.18,0.04
484014006,59927,38,0,99.94,0.06,0.0
484014007,9413,5,0,99.95,0.05,0.0
484014008,98485,105,0,99.89,0.11,0.0
484014009,21095,13,6,99.91,0.06,0.03
484014010,7689,74,0,99.05,0.95,0.0
484014011,5502,95,0,98.3,1.7,0.0
484014012,4158,14,0,99.66,0.34,0.0
484014013,63606,0,0,100.0,0.0,0.0
484014014,8572,68,0,99.21,0.79,0.0
484014015,64408,48,0,99.93,0.07,0.0
484014016,41315,96,0,99.77,0.23,0.0
484014017,12819,33,0,99.74,0.26,0.0
484014018,67767,28,0,99.96,0.04,0.0
484014019,5419,1353,0,80.02,19.98,0.0
484014020,10630,223,0,97.95,2.05,0.0
484014021,20428,88,0,99.57,0.43,0.0
484014022,39342,114,0,99.71,0.29,0.0
484014023,113381,100,0,99.91,0.09,0.0
484014024,29105,71,0,99.76,0.24,0.0
484014025,19486,66,0,99.66,0.34,0.0
484014026,6300,19,2,99.67,0.3,0.03
484014027,17587,726,0,96.04,3.96,0.0
484014028,2132,34,0,98.43,1.57,0.0
484014029,17729,71,0,99.6,0.4,0.0
484014030,54676,102,0,99.81,0.19,0.0
484014031,2988,272,0,91.66,8.34,0.0
484014032,5922,52,0,99.13,0.87,0.0
484014033,21088,33,0,99.84,0.16,0.0
484014034,1940,11,0,99.44,0.56,0.0
484014035,52697,298,0,99.44,0.56,0.0
484014036,19865,57,0,99.71,0.29,0.0
484014037,25823,36,0,99.86,0.14,0.0
484014038,4130,62,0,98.52,1.48,0.0
484014039,1378063,343,0,99.98,0.02,0.0
484014040,8684,36,0,99.59,0.41,0.0
484014041,5909,2,0,99.97,0.03,0.0
484014042,9649,274,0,97.24,2.76,0.0
484014043,22924,257,0,98.89,1.11,0.0
484014044,67621,124,0,99.82,0.18,0.0
484014045,20318,80,0,99.61,0.39,0.0
484014046,32460,46,0,99.86,0.14,0.0
484014047,24432,50,0,99.8,0.2,0.0
484014048,18876,42,0,99.78,0.22,0.0
484014049,8571,166,0,98.1,1.9,0.0
484014050,46451,112,0,99.76,0.24,0.0
484014051,30769,32,0,99.9,0.1,0.0
484014052,5501,17,0,99.69,0.31,0.0
484014053,171639,375,0,99.78,0.22,0.0
484014054,5347,4,0,99.93,0.07,0.0
484014055,21755,4,0,99.98,0.02,0.0
484014056,1748,63,0,96.52,3.48,0.0
484014057,4090,1,0,99.98,0.02,0.0
484014058,14257,125,0,99.13,0.87,0.0
484014059,13759,33,0,99.76,0.24,0.0
484014060,5288,9,0,99.83,0.17,0.0
484014061,14460,6460,17,69.06,30.85,0.08
484014062,3601,19,0,99.48,0.52,0.0
484014063,105506,345,39,99.64,0.33,0.04
484014064,33195,352,0,98.95,1.05,0.0
484014065,11232,99,0,99.13,0.87,0.0
484014066,53188,191,0,99.64,0.36,0.0
484014067,289558,448,72,99.82,0.15,0.02
484014068,11138,144,0,98.72,1.28,0.0
484014069,7642,65,0,99.16,0.84,0.0
484014070,219602,139,0,99.94,0.06,0.0
484014071,2891,16,0,99.45,0.55,0.0
484014072,7574,10,0,99.87,0.13,0.0
484014073,71838,43,0,99.94,0.06,0.0
484014074,16704,5,9,99.92,0.03,0.05
484014075,3729,12,0,99.68,0.32,0.0
484014076,2946,131,0,95.74,4.26,0.0
484014077,27852,138,0,99.51,0.49,0.0
484014078,31681,231,0,99.28,0.72,0.0
484014079,16307,46,0,99.72,0.28,0.0
484014080,5041,45,0,99.12,0.88,0.0
484014081,3487,21,0,99.4,0.6,0.0
484014082,36725,68,0,99.82,0.18,0.0
484014083,87191,305,0,99.65,0.35,0.0
484014084,14686,224,0,98.5,1.5,0.0
484014085,38141,259,0,99.33,0.67,0.0
484014086,20925,44,0,99.79,0.21,0.0
484014087,16294,234,0,98.58,1.42,0.0
484014088,16475,62,0,99.63,0.37,0.0
484014089,4051,3,0,99.93,0.07,0.0
484014090,7275,5,0,99.93,0.07,0.0
484014091,39720,31,0,99.92,0.08,0.0
484014092,10908,26,9,99.68,0.24,0.08
484014093,149458,103,0,99.93,0.07,0.0
484014094,43361,797,0,98.2,1.8,0.0
484014095,9633,4,0,99.96,0.04,0.0
484014096,22501,64,0,99.72,0.28,0.0
484014097,725807,449,284,99.9,0.06,0.04
484014098,684973,620,0,99.91,0.09,0.0
484014099,10226,95,0,99.08,0.92,0.0
484014100,35676,521,0,98.56,1.44,0.0
484014101,567234,1831,0,99.68,0.32,0.0
484014102,5959,2,0,99.97,0.03,0.0
484014103,7513,10,0,99.87,0.13,0.0
484014104,4095,52,0,98.75,1.25,0.0
484014105,23364,56,0,99.76,0.24,0.0
484014106,4528,54,0,98.82,1.18,0.0
484014107,6678,4,0,99.94,0.06,0.0
484014108,37175,130,0,99.65,0.35,0.0
484014109,18865,129,0,99.32,0.68,0.0
484014110,13783,3,0,99.98,0.02,0.0
484014111,6613,5,0,99.92,0.08,0.0
484014112,6053,46,0,99.25,0.75,0.0
484014113,15173,100,0,99.35,0.65,0.0
484014114,18558,37,0,99.8,0.2,0.0
484014115,5271,226,0,95.89,4.11,0.0
484014116,20003,0,0,100.0,0.0,0.0
484014117,4330,53,0,98.79,1.21,0.0
484014118,22203,89,0,99.6,0.4,0.0
484014119,29849,89,0,99.7,0.3,0.0
484014120,1468569,1603,110,99.88,0.11,0.01
484014121,32707,184,0,99.44,0.56,0.0
484014122,7296,152,0,97.96,2.04,0.0
484014123,19236,34,0,99.82,0.18,0.0
484014124,64180,559,0,99.14,0.86,0.0
484015001,66173,1594,40,97.59,2.35,0.06
484015002,164417,160,88,99.85,0.1,0.05
484015003,48119,794,0,98.38,1.62,0.0
484015004,15206,100,0,99.35,0.65,0.0
484015005,168460,1547,0,99.09,0.91,0.0
484015006,12672,12,0,99.91,0.09,0.0
484015007,23216,384,0,98.37,1.63,0.0
484015008,24943,298,0,98.82,1.18,0.0
484015009,53015,329,0,99.38,0.62,0.0
484015010,31824,48,0,99.85,0.15,0.0
484015011,4417900,2275,1582,99.91,0.05,0.04
484015012,12905,42,0,99.68,0.32,0.0
484015013,522018,79,116,99.96,0.02,0.02
484015014,108305,662,0,99.39,0.61,0.0
484015015,31618,125,0,99.61,0.39,0.0
484015016,28915,73,0,99.75,0.25,0.0
484015017,9863,16,0,99.84,0.16,0.0
484015018,68309,10,0,99.99,0.01,0.0
484015019,36642,61,0,99.83,0.17,0.0
484015020,292590,95,0,99.97,0.03,0.0
484015021,38186,410,19,98.89,1.06,0.05
484015022,14959,90,0,99.4,0.6,0.0
484015023,40699,79,10,99.78,0.19,0.02
484015024,1347771,173,591,99.94,0.01,0.04
484015025,784879,769,92,99.89,0.1,0.01
484015026,31137,427,0,98.65,1.35,0.0
484015027,12697,58,0,99.55,0.45,0.0
484015028,29801,41,0,99.86,0.14,0.0
484015029,199214,543,358,99.55,0.27,0.18
484015030,27429,43,0,99.84,0.16,0.0
484015031,36006,850,66,97.52,2.3,0.18
484015032,10759,54,0,99.5,0.5,0.0
484015033,162989,114,26,99.91,0.07,0.02
484015034,46656,0,0,100.0,0.0,0.0
484015035,284330,91,155,99.91,0.03,0.05
484015036,11842,41,4,99.62,0.34,0.03
484015037,539299,1040,281,99.76,0.19,0.05
484015038,36469,168,4,99.53,0.46,0.01
484015039,6401,71,0,98.9,1.1,0.0
484015040,159011,480,0,99.7,0.3,0.0
484015041,30623,13,0,99.96,0.04,0.0
484015042,42933,31,0,99.93,0.07,0.0
484015043,86026,1162,0,98.67,1.33,0.0
484015044,19817,22,4,99.87,0.11,0.02
484015045,75765,815,0,98.94,1.06,0.0
484015046,68485,288,0,99.58,0.42,0.0
484015047,15334,39,0,99.75,0.25,0.0
484015048,27005,98,0,99.64,0.36,0.0
484015049,169678,90,0,99.95,0.05,0.0
484015050,27927,121,0,99.57,0.43,0.0
484015051,60987,52,0,99.91,0.09,0.0
484015052,241967,183,0,99.92,0.08,0.0
484015053,13761,4,0,99.97,0.03,0.0
484015054,32426,548,0,98.34,1.66,0.0
484015055,828510,1269,0,99.85,0.15,0.0
484015056,56487,364,3,99.35,0.64,0.01
484015057,428645,311,300,99.86,0.07,0.07
484015058,10214,13,0,99.87,0.13,0.0
484015059,71817,20,0,99.97,0.03,0.0
484015060,36023,199,0,99.45,0.55,0.0
484015061,36437,220,0,99.4,0.6,0.0
484015062,35087,121,0,99.66,0.34,0.0
484015063,4814,2,0,99.96,0.04,0.0
484015064,88430,69,0,99.92,0.08,0.0
484015065,30484,137,0,99.55,0.45,0.0
484015066,4770,4,0,99.92,0.08,0.0
484015067,302663,1102,26,99.63,0.36,0.01
484015068,14817,112,0,99.25,0.75,0.0
484015069,15919,12,0,99.92,0.08,0.0
484015070,31819,80,0,99.75,0.25,0.0
484015071,242458,1997,0,99.18,0.82,0.0
484015072,28996,107,0,99.63,0.37,0.0
484015073,97076,255,0,99.74,0.26,0.0
484015074,6554,119,4,98.16,1.78,0.06
484015075,9659,47,0,99.52,0.48,0.0
484015076,14101,189,0,98.68,1.32,0.0
484015077,23535,449,0,98.13,1.87,0.0
484015078,546327,362,88,99.92,0.07,0.02
484015079,107076,755,0,99.3,0.7,0.0
484015080,14077,38,0,99.73,0.27,0.0
484015081,43330,231,0,99.47,0.53,0.0
484015082,65674,503,0,99.24,0.76,0.0
484015083,34483,246,0,99.29,0.71,0.0
484015084,105079,596,0,99.44,0.56,0.0
484015085,102618,558,0,99.46,0.54,0.0
484015086,11285,31,0,99.73,0.27,0.0
484015087,89167,320,12,99.63,0.36,0.01
484015088,65243,0,0,100.0,0.0,0.0
484015089,58170,202,0,99.65,0.35,0.0
484015090,32053,25,0,99.92,0.08,0.0
484015091,20202,130,0,99.36,0.64,0.0
484015092,39321,72,0,99.82,0.18,0.0
484015093,18069,267,0,98.54,1.46,0.0
484015094,5721,13,0,99.77,0.23,0.0
484015095,46573,5,4,99.98,0.01,0.01
484015096,83770,212,10,99.74,0.25,0.01
484015097,16317,95,0,99.42,0.58,0.0
484015098,48908,72,0,99.85,0.15,0.0
484015099,31390,318,0,99.0,1.0,0.0
484015100,906519,2082,0,99.77,0.23,0.0
484015101,12693,21,0,99.83,0.17,0.0
484015102,156893,78,66,99.91,0.05,0.04
484015103,60937,160,0,99.74,0.26,0.0
484015104,52427,818,0,98.46,1.54,0.0
484015105,50232,1048,0,97.96,2.04,0.0
484015106,68463,504,0,99.27,0.73,0.0
484015107,106107,1930,22,98.19,1.79,0.02
484015108,54445,131,0,99.76,0.24,0.0
484015109,5078,21,0,99.59,0.41,0.0
484015110,13134,306,4,97.69,2.28,0.03
484015111,201292,1176,0,99.42,0.58,0.0
484015112,18625,205,0,98.91,1.09,0.0
484015113,279154,86,0,99.97,0.03,0.0
484016001,11123,159,0,98.59,1.41,0.0
484016002,14071,507,0,96.52,3.48,0.0
484016003,22902,48,0,99.79,0.21,0.0
484016004,109476,101,0,99.91,0.09,0.0
484016005,10827,51,0,99.53,0.47,0.0
484016006,124798,414,0,99.67,0.33,0.0
484016007,3508,14,0,99.6,0.4,0.0
484016008,21991,1821,66,92.1,7.63,0.28
484016009,35795,91,40,99.64,0.25,0.11
484016010,19678,539,10,97.29,2.66,0.05
484016011,11645,16,0,99.86,0.14,0.0
484016012,45091,32,32,99.86,0.07,0.07
484016013,8891,132,0,98.54,1.46,0.0
484016014,16727,70,0,99.58,0.42,0.0
484016015,18438,725,30,96.07,3.78,0.16
484016016,20890,40,0,99.81,0.19,0.0
484016017,50760,275,0,99.46,0.54,0.0
484016018,9455,22,6,99.7,0.23,0.06
484016019,19912,156,0,99.22,0.78,0.0
484016020,29829,78,0,99.74,0.26,0.0
484016021,13337,132,0,99.02,0.98,0.0
484016022,21815,245,0,98.89,1.11,0.0
484016023,10398,17,0,99.84,0.16,0.0
484016024,20447,113,0,99.45,0.55,0.0
484016025,40052,442,0,98.91,1.09,0.0
484016026,4493,149,0,96.79,3.21,0.0
484016027,4928,10,0,99.8,0.2,0.0
484016028,5216,12,0,99.77,0.23,0.0
484016029,12012,227,4,98.11,1.85,0.03
484016030,11771,52,0,99.56,0.44,0.0
484016031,15619,43,0,99.73,0.27,0.0
484016032,21248,78,0,99.63,0.37,0.0
484016033,124842,762,0,99.39,0.61,0.0
484016034,30299,128,14,99.53,0.42,0.05
484016035,11575,45,2,99.6,0.39,0.02
484016036,7924,20,0,99.75,0.25,0.0
484016037,40562,1178,24,97.12,2.82,0.06
484016038,9005,8,0,99.91,0.09,0.0
484016039,18159,172,0,99.06,0.94,0.0
484016040,15899,131,0,99.18,0.82,0.0
484016041,14262,30,0,99.79,0.21,0.0
484016042,68142,237,0,99.65,0.35,0.0
484016043,12898,45,0,99.65,0.35,0.0
484016044,49953,94,0,99.81,0.19,0.0
484016045,14876,37,0,99.75,0.25,0.0
484016046,19676,67,0,99.66,0.34,0.0
484016047,5731,14,0,99.76,0.24,0.0
484016048,18137,734,0,96.11,3.89,0.0
484016049,88377,471,24,99.44,0.53,0.03
484016050,193829,447,0,99.77,0.23,0.0
484016051,841108,1371,0,99.84,0.16,0.0
484016052,7944,24,0,99.7,0.3,0.0
484016053,45328,281,0,99.38,0.62,0.0
484016054,32022,566,0,98.26,1.74,0.0
484016055,7751,383,0,95.29,4.71,0.0
484016056,20842,34,0,99.84,0.16,0.0
484016057,8914,82,0,99.09,0.91,0.0
484016058,9425,4,0,99.96,0.04,0.0
484016059,24553,158,0,99.36,0.64,0.0
484016060,20963,44,0,99.79,0.21,0.0
484016061,14835,36,18,99.64,0.24,0.12
484016062,26578,75,0,99.72,0.28,0.0
484016063,39074,267,0,99.32,0.68,0.0
484016064,97346,330,70,99.59,0.34,0.07
484016065,16551,67,0,99.6,0.4,0.0
484016066,29157,84,0,99.71,0.29,0.0
484016067,105633,150,0,99.86,0.14,0.0
484016068,15476,20,0,99.87,0.13,0.0
484016069,13899,54,0,99.61,0.39,0.0
484016070,27027,110,0,99.59,0.41,0.0
484016071,10531,22,0,99.79,0.21,0.0
484016072,78017,163,0,99.79,0.21,0.0
484016073,78115,61,0,99.92,0.08,0.0
484016074,17299,141,16,99.1,0.81,0.09
484016075,12745,26,0,99.8,0.2,0.0
484016076,49525,171,0,99.66,0.34,0.0
484016077,19524,295,0,98.51,1.49,0.0
484016078,8924,80,0,99.11,0.89,0.0
484016079,78518,205,0,99.74,0.26,0.0
484016080,32911,252,10,99.21,0.76,0.03
484016081,31487,134,0,99.58,0.42,0.0
484016082,35024,151,0,99.57,0.43,0.0
484016083,15493,17,0,99.89,0.11,0.0
484016084,15524,0,0,100.0,0.0,0.0
484016085,113880,216,17,99.8,0.19,0.01
484016086,23633,19,0,99.92,0.08,0.0
484016087,16283,37,0,99.77,0.23,0.0
484016088,14809,104,0,99.3,0.7,0.0
484016089,12490,296,0,97.68,2.32,0.0
484016090,28219,264,0,99.07,0.93,0.0
484016091,6391,15,10,99.61,0.23,0.16
484016092,12181,103,0,99.16,0.84,0.0
484016093,5825,78,4,98.61,1.32,0.07
484016094,28160,493,0,98.28,1.72,0.0
484016095,25484,228,0,99.11,0.89,0.0
484016096,14120,133,0,99.07,0.93,0.0
484016097,14819,53,0,99.64,0.36,0.0
484016098,8278,382,9,95.49,4.41,0.1
484016099,352829,740,105,99.76,0.21,0.03
484016100,23342,54,0,99.77,0.23,0.0
484016101,15804,11,0,99.93,0.07,0.0
484016102,20904,26,0,99.88,0.12,0.0
484016103,31968,89,0,99.72,0.28,0.0
484016104,76338,262,0,99.66,0.34,0.0
484016105,203872,150,0,99.93,0.07,0.0
484016106,3167,7,0,99.78,0.22,0.0
484016107,48694,191,0,99.61,0.39,0.0
484016108,18312,58,0,99.68,0.32,0.0
484016109,156177,427,0,99.73,0.27,0.0
484017001,17526,69,0,99.61,0.39,0.0
484017002,24849,250,0,99.0,1.0,0.0
484017003,38277,355,0,99.08,0.92,0.0
484017004,88164,1047,0,98.83,1.17,0.0
484017005,9642,27,0,99.72,0.28,0.0
484017006,185118,80,12,99.95,0.04,0.01
484017007,375362,323,0,99.91,0.09,0.0
484017008,106143,210,0,99.8,0.2,0.0
484017009,24264,84,0,99.66,0.34,0.0
484017010,18108,91,0,99.5,0.5,0.0
484017011,214774,84,0,99.96,0.04,0.0
484017012,57214,57,0,99.9,0.1,0.0
484017013,16568,15,0,99.91,0.09,0.0
484017014,9578,20,0,99.79,0.21,0.0
484017015,26544,113,0,99.58,0.42,0.0
484017016,19076,116,0,99.4,0.6,0.0
484017017,67070,363,0,99.46,0.54,0.0
484017018,121361,120,0,99.9,0.1,0.0
484017019,27980,74,0,99.74,0.26,0.0
484017020,54384,483,0,99.12,0.88,0.0
484017021,7590,15,0,99.8,0.2,0.0
484017022,22481,112,0,99.5,0.5,0.0
484017023,7921,7,0,99.91,0.09,0.0
484017024,51536,472,0,99.09,0.91,0.0
484017025,33716,26,0,99.92,0.08,0.0
484017026,19111,97,0,99.5,0.5,0.0
484017027,12650,79,0,99.38,0.62,0.0
484017028,70435,58,0,99.92,0.08,0.0
484017029,104910,285,0,99.73,0.27,0.0
484017030,55884,93,0,99.83,0.17,0.0
484017031,35850,66,0,99.82,0.18,0.0
484017032,26142,14,0,99.95,0.05,0.0
484018001,36633,349,0,99.06,0.94,0.0
484018002,15196,23,0,99.85,0.15,0.0
484018003,11475,15,0,99.87,0.13,0.0
484018004,262965,993,0,99.62,0.38,0.0
484018005,9293,2676,0,77.64,22.36,0.0
484018006,29110,108,0,99.63,0.37,0.0
484018007,19130,191,0,99.01,0.99,0.0
484018008,64287,59,28,99.86,0.09,0.04
484018009,30743,14956,57,67.19,32.69,0.12
484018010,32417,1075,0,96.79,3.21,0.0
484018011,23012,942,0,96.07,3.93,0.0
484018012,40928,347,0,99.16,0.84,0.0
484018013,7544,15,0,99.8,0.2,0.0
484018014,23972,315,0,98.7,1.3,0.0
484018015,91624,1423,0,98.47,1.53,0.0
484018016,36905,136,0,99.63,0.37,0.0
484018017,418946,993,112,99.74,0.24,0.03
484018018,29902,34,0,99.89,0.11,0.0
484018019,11582,1930,0,85.72,14.28,0.0
484019001,2959,7,0,99.76,0.24,0.0
484019002,3355,17,0,99.5,0.5,0.0
484019003,1405,2,0,99.86,0.14,0.0
484019004,35016,10,0,99.97,0.03,0.0
484019005,17843,175,0,99.03,0.97,0.0
484019006,651617,36,0,99.99,0.01,0.0
484019007,14814,154,0,98.97,1.03,0.0
484019008,3535,26,0,99.27,0.73,0.0
484019009,119519,689,0,99.43,0.57,0.0
484019010,104315,29,0,99.97,0.03,0.0
484019011,7244,84,0,98.85,1.15,0.0
484019012,68673,57,0,99.92,0.08,0.0
484019013,9759,171,0,98.28,1.72,0.0
484019014,35597,425,0,98.82,1.18,0.0
484019015,1343,15,0,98.9,1.1,0.0
484019016,3231,23,0,99.29,0.71,0.0
484019017,40351,311,0,99.24,0.76,0.0
484019018,396630,374,0,99.91,0.09,0.0
484019019,131284,126,230,99.73,0.1,0.17
484019020,5462,34,0,99.38,0.62,0.0
484019021,480483,103,0,99.98,0.02,0.0
484019022,13920,105,0,99.25,0.75,0.0
484019023,1796,12,0,99.34,0.66,0.0
484019024,6089,126,0,97.97,2.03,0.0
484019025,102096,26,0,99.97,0.03,0.0
484019026,641185,327,88,99.94,0.05,0.01
484019027,1929,19,0,99.02,0.98,0.0
484019028,1349,35,0,97.47,2.53,0.0
484019029,7020,4,0,99.94,0.06,0.0
484019030,3158,76,0,97.65,2.35,0.0
484019031,471196,49,60,99.98,0.01,0.01
484019032,5332,14,0,99.74,0.26,0.0
484019033,84301,137,0,99.84,0.16,0.0
484019034,5118,0,0,100.0,0.0,0.0
484019035,1468,4,0,99.73,0.27,0.0
484019036,7541,111,0,98.55,1.45,0.0
484019037,5963,30,0,99.5,0.5,0.0
484019038,66501,136,0,99.8,0.2,0.0
484019039,1136946,61,1121,99.9,0.01,0.1
484019040,897,9,0,99.01,0.99,0.0
484019041,147233,142,120,99.82,0.1,0.08
484019042,5316,2,0,99.96,0.04,0.0
484019043,2336,37,0,98.44,1.56,0.0
484019044,34474,85,0,99.75,0.25,0.0
484019045,86649,59,0,99.93,0.07,0.0
484019046,411510,0,48,99.99,0.0,0.01
484019047,16019,62,0,99.61,0.39,0.0
484019048,305132,187,241,99.86,0.06,0.08
484019049,46331,118,40,99.66,0.25,0.09
484019050,1543,7,0,99.55,0.45,0.0
484019051,3562,10,0,99.72,0.28,0.0
484020001,815,9,0,98.91,1.09,0.0
484020002,44761,327,0,99.27,0.73,0.0
484020003,2422,85,0,96.61,3.39,0.0
484020004,1090,8,0,99.27,0.73,0.0
484020005,15038,145,0,99.04,0.96,0.0
484020006,20092,197,0,99.03,0.97,0.0
484020007,2342,44,0,98.16,1.84,0.0
484020008,713,20,0,97.27,2.73,0.0
484020009,6793,51,0,99.25,0.75,0.0
484020010,13367,95,0,99.29,0.71,0.0
484020011,1264,26,0,97.98,2.02,0.0
484020012,10162,950,0,91.45,8.55,0.0
484020013,3024,19,0,99.38,0.62,0.0
484020014,27670,204,0,99.27,0.73,0.0
484020015,5303,54,0,98.99,1.01,0.0
484020016,8816,637,8,93.18,6.73,0.08
484020017,3541,65,0,98.2,1.8,0.0
484020018,735,17,0,97.74,2.26,0.0
484020019,2716,13,0,99.52,0.48,0.0
484020020,4638,108,0,97.72,2.28,0.0
484020021,14209,227,0,98.43,1.57,0.0
484020022,741,19,0,97.5,2.5,0.0
484020023,25793,1026,0,96.17,3.83,0.0
484020024,3502,79,0,97.79,2.21,0.0
484020025,11185,75,0,99.33,0.67,0.0
484020026,8808,114,0,98.72,1.28,0.0
484020027,2131,48,0,97.8,2.2,0.0
484020028,22851,290,0,98.75,1.25,0.0
484020029,4047,113,0,97.28,2.72,0.0
484020030,8658,67,0,99.23,0.77,0.0
484020031,6814,132,12,97.93,1.9,0.17
484020032,1065,11,0,98.98,1.02,0.0
484020033,2900,17,0,99.42,0.58,0.0
484020034,1289,1,0,99.92,0.08,0.0
484020035,570,0,0,100.0,0.0,0.0
484020036,5139,103,0,98.04,1.96,0.0
484020037,4195,171,0,96.08,3.92,0.0
484020038,1813,46,0,97.53,2.47,0.0
484020039,77243,584,0,99.25,0.75,0.0
484020040,6048,313,0,95.08,4.92,0.0
484020041,30766,819,1,97.4,2.59,0.0
484020042,9742,17,0,99.83,0.17,0.0
484020043,112807,487,149,99.44,0.43,0.13
484020044,40555,199,0,99.51,0.49,0.0
484020045,7876,10,0,99.87,0.13,0.0
484020046,2897,33,0,98.87,1.13,0.0
484020047,81,0,0,100.0,0.0,0.0
484020048,1360,36,0,97.42,2.58,0.0
484020049,1174,9,0,99.24,0.76,0.0
484020050,3586,68,0,98.14,1.86,0.0
484020051,4733,31,0,99.35,0.65,0.0
484020052,5760,229,0,96.18,3.82,0.0
484020053,1290,1,0,99.92,0.08,0.0
484020054,398,6,0,98.51,1.49,0.0
484020055,3722,14,0,99.63,0.37,0.0
484020056,1434,7,0,99.51,0.49,0.0
484020057,37701,412,0,98.92,1.08,0.0
484020058,12288,374,0,97.05,2.95,0.0
484020059,47654,810,0,98.33,1.67,0.0
484020060,2380,94,0,96.2,3.8,0.0
484020061,2843,43,0,98.51,1.49,0.0
484020062,495,3,0,99.4,0.6,0.0
484020063,4258,32,0,99.25,0.75,0.0
484020064,8229,254,0,97.01,2.99,0.0
484020065,1046,18,0,98.31,1.69,0.0
484020066,5152,96,0,98.17,1.83,0.0
484020067,268108,784,54,99.69,0.29,0.02
484020068,23509,213,0,99.1,0.9,0.0
484020069,3030,22,0,99.28,0.72,0.0
484020070,6244,135,0,97.88,2.12,0.0
484020071,3077,174,0,94.65,5.35,0.0
484020072,7968,93,0,98.85,1.15,0.0
484020073,33705,374,0,98.9,1.1,0.0
484020074,455,1,0,99.78,0.22,0.0
484020075,2622,22,0,99.17,0.83,0.0
484020076,3289,73,0,97.83,2.17,0.0
484020077,4324,36,0,99.17,0.83,0.0
484020078,1300,2,0,99.85,0.15,0.0
484020079,83659,407,12,99.5,0.48,0.01
484020080,1564,30,0,98.12,1.88,0.0
484020081,1820,41,0,97.8,2.2,0.0
484020082,4005,130,0,96.86,3.14,0.0
484020083,11248,80,0,99.29,0.71,0.0
484020084,4147,11,0,99.74,0.26,0.0
484020085,24135,1790,0,93.1,6.9,0.0
484020086,901,47,0,95.04,4.96,0.0
484020087,5465,12,0,99.78,0.22,0.0
484020088,2732,129,0,95.49,4.51,0.0
484020089,2279,10,0,99.56,0.44,0.0
484020090,6156,71,0,98.86,1.14,0.0
484020091,6248,6,0,99.9,0.1,0.0
484020092,1752,26,0,98.54,1.46,0.0
484020093,516,4,0,99.23,0.77,0.0
484020094,1818,23,0,98.75,1.25,0.0
484020095,4428,83,0,98.16,1.84,0.0
484020096,746,5,0,99.33,0.67,0.0
484020097,1719,10,0,99.42,0.58,0.0
484020098,4062,121,0,97.11,2.89,0.0
484020099,381,0,0,100.0,0.0,0.0
484020100,382,11,0,97.2,2.8,0.0
484020101,730,13,0,98.25,1.75,0.0
484020102,5223,102,0,98.08,1.92,0.0
484020103,6016,20,0,99.67,0.33,0.0
484020104,2590,77,0,97.11,2.89,0.0
484020105,7572,49,0,99.36,0.64,0.0
484020106,249,0,0,100.0,0.0,0.0
484020107,26172,59,0,99.78,0.22,0.0
484020108,2749,79,0,97.21,2.79,0.0
484020109,11067,226,0,98.0,2.0,0.0
484020110,1549,67,0,95.85,4.15,0.0
484020111,4727,106,0,97.81,2.19,0.0
484020112,2551,21,0,99.18,0.82,0.0
484020113,3136,24,0,99.24,0.76,0.0
484020114,673,1,0,99.85,0.15,0.0
484020115,10041,46,0,99.54,0.46,0.0
484020116,4079,49,0,98.81,1.19,0.0
484020117,2033,180,0,91.87,8.13,0.0
484020118,2355,36,0,98.49,1.51,0.0
484020119,730,5,0,99.32,0.68,0.0
484020120,295,1,0,99.66,0.34,0.0
484020121,587,9,0,98.49,1.51,0.0
484020122,649,4,0,99.39,0.61,0.0
484020123,2771,58,0,97.95,2.05,0.0
484020124,19306,364,0,98.15,1.85,0.0
484020125,10452,1171,0,89.93,10.07,0.0
484020126,5236,161,0,97.02,2.98,0.0
484020127,1173,78,0,93.76,6.24,0.0
484020128,1290,1,0,99.92,0.08,0.0
484020129,356,0,0,100.0,0.0,0.0
484020130,5021,131,0,97.46,2.54,0.0
484020131,11206,136,4,98.77,1.2,0.04
484020132,1322,28,0,97.93,2.07,0.0
484020133,3628,285,1,92.69,7.28,0.03
484020134,28018,455,0,98.4,1.6,0.0
484020135,8150,84,0,98.98,1.02,0.0
484020136,11889,132,0,98.9,1.1,0.0
484020137,3164,258,0,92.46,7.54,0.0
484020138,448,0,0,100.0,0.0,0.0
484020139,2139,32,0,98.53,1.47,0.0
484020140,802,3,0,99.63,0.37,0.0
484020141,7277,1427,0,83.61,16.39,0.0
484020142,840,1,0,99.88,0.12,0.0
484020143,9291,120,0,98.72,1.28,0.0
484020144,986,39,0,96.2,3.8,0.0
484020145,5052,120,0,97.68,2.32,0.0
484020146,2771,9,0,99.68,0.32,0.0
484020147,377,1,0,99.74,0.26,0.0
484020148,2070,108,0,95.04,4.96,0.0
484020149,1945,69,0,96.57,3.43,0.0
484020150,13696,144,0,98.96,1.04,0.0
484020151,307,5,0,98.4,1.6,0.0
484020152,2306,75,0,96.85,3.15,0.0
484020153,4833,70,0,98.57,1.43,0.0
484020154,2278,45,0,98.06,1.94,0.0
484020155,963,92,0,91.28,8.72,0.0
484020156,3638,15,2,99.53,0.41,0.05
484020157,16758,27,0,99.84,0.16,0.0
484020158,2166,39,0,98.23,1.77,0.0
484020159,5187,349,0,93.7,6.3,0.0
484020160,1423,6,0,99.58,0.42,0.0
484020161,2657,71,0,97.4,2.6,0.0
484020162,1985,61,0,97.02,2.98,0.0
484020163,1535,13,0,99.16,0.84,0.0
484020164,2834,39,0,98.64,1.36,0.0
484020165,1606,23,0,98.59,1.41,0.0
484020166,11097,153,2,98.62,1.36,0.02
484020167,2082,58,0,97.29,2.71,0.0
484020168,899,36,0,96.15,3.85,0.0
484020169,3882,223,0,94.57,5.43,0.0
484020170,3590,112,0,96.97,3.03,0.0
484020171,16089,1792,0,89.98,10.02,0.0
484020172,404,5,0,98.78,1.22,0.0
484020173,4526,20,0,99.56,0.44,0.0
484020174,1371,31,0,97.79,2.21,0.0
484020175,2529,112,0,95.76,4.24,0.0
484020176,9984,72,0,99.28,0.72,0.0
484020177,6655,38,0,99.43,0.57,0.0
484020178,1430,17,0,98.83,1.17,0.0
484020179,2306,17,0,99.27,0.73,0.0
484020180,448,5,0,98.9,1.1,0.0
484020181,2126,30,0,98.61,1.39,0.0
484020182,1463,3,0,99.8,0.2,0.0
484020183,157057,1040,0,99.34,0.66,0.0
484020184,8864,75,0,99.16,0.84,0.0
484020185,520,1,0,99.81,0.19,0.0
484020186,1723,36,0,97.95,2.05,0.0
484020187,9296,280,0,97.08,2.92,0.0
484020188,2806,305,0,90.2,9.8,0.0
484020189,21947,298,28,98.54,1.34,0.13
484020190,296,0,0,100.0,0.0,0.0
484020191,1523,0,0,100.0,0.0,0.0
484020192,2793,11,0,99.61,0.39,0.0
484020193,1367,2,0,99.85,0.15,0.0
484020194,1041,15,0,98.58,1.42,0.0
484020195,407,0,0,100.0,0.0,0.0
484020196,3253,36,0,98.91,1.09,0.0
484020197,28929,813,0,97.27,2.73,0.0
484020198,486,6,0,98.78,1.22,0.0
484020199,3632,32,0,99.13,0.87,0.0
484020200,1853,21,0,98.88,1.12,0.0
484020201,4461,95,20,97.49,2.08,0.44
484020202,3481,58,0,98.36,1.64,0.0
484020203,626,8,0,98.74,1.26,0.0
484020204,16594,303,9,98.15,1.79,0.05
484020205,2378,41,0,98.31,1.69,0.0
484020206,18579,434,0,97.72,2.28,0.0
484020207,6688,192,0,97.21,2.79,0.0
484020208,604,3,0,99.51,0.49,0.0
484020209,5615,136,0,97.64,2.36,0.0
484020210,3236,173,0,94.93,5.07,0.0
484020211,3064,44,0,98.58,1.42,0.0
484020212,4098,68,0,98.37,1.63,0.0
484020213,2010,23,0,98.87,1.13,0.0
484020214,820,8,0,99.03,0.97,0.0
484020215,1237,0,0,100.0,0.0,0.0
484020216,2796,365,0,88.45,11.55,0.0
484020217,533,11,0,97.98,2.02,0.0
484020218,2643,22,0,99.17,0.83,0.0
484020219,2634,46,0,98.28,1.72,0.0
484020220,1454,39,0,97.39,2.61,0.0
484020221,1411,7,0,99.51,0.49,0.0
484020222,427,0,0,100.0,0.0,0.0
484020223,643,1,0,99.84,0.16,0.0
484020224,5735,155,0,97.37,2.63,0.0
484020225,2947,24,0,99.19,0.81,0.0
484020226,18191,110,0,99.4,0.6,0.0
484020227,808,1,0,99.88,0.12,0.0
484020228,8841,202,0,97.77,2.23,0.0
484020229,924,7,0,99.25,0.75,0.0
484020230,2932,257,0,91.94,8.06,0.0
484020231,21358,775,0,96.5,3.5,0.0
484020232,1707,8,0,99.53,0.47,0.0
484020233,6878,250,0,96.49,3.51,0.0
484020234,3767,45,0,98.82,1.18,0.0
484020235,1197,164,0,87.95,12.05,0.0
484020236,1561,4,0,99.74,0.26,0.0
484020237,983,11,0,98.89,1.11,0.0
484020238,978,22,0,97.8,2.2,0.0
484020239,2678,29,0,98.93,1.07,0.0
484020240,1026,8,0,99.23,0.77,0.0
484020241,11892,414,0,96.64,3.36,0.0
484020242,1960,14,0,99.29,0.71,0.0
484020243,3867,61,0,98.45,1.55,0.0
484020244,1298,1,0,99.92,0.08,0.0
484020245,596,0,0,100.0,0.0,0.0
484020246,1541,0,0,100.0,0.0,0.0
484020247,13279,2203,0,85.77,14.23,0.0
484020248,3762,67,0,98.25,1.75,0.0
484020249,1237,0,0,100.0,0.0,0.0
484020250,1201,15,0,98.77,1.23,0.0
484020251,2163,92,0,95.92,4.08,0.0
484020252,1694,324,0,83.94,16.06,0.0
484020253,2987,121,0,96.11,3.89,0.0
484020254,1949,6,0,99.69,0.31,0.0
484020255,226,3,0,98.69,1.31,0.0
484020256,1043,11,0,98.96,1.04,0.0
484020257,682,12,0,98.27,1.73,0.0
484020258,2130,9,0,99.58,0.42,0.0
484020259,2184,7,0,99.68,0.32,0.0
484020260,6769,155,0,97.76,2.24,0.0
484020261,977,8,0,99.19,0.81,0.0
484020262,3106,77,0,97.58,2.42,0.0
484020263,1990,89,0,95.72,4.28,0.0
484020264,6454,238,10,96.3,3.55,0.15
484020265,8161,385,0,95.49,4.51,0.0
484020266,244,1,0,99.59,0.41,0.0
484020267,1133,14,0,98.78,1.22,0.0
484020268,4149,123,0,97.12,2.88,0.0
484020269,1146,80,0,93.47,6.53,0.0
484020270,3009,133,0,95.77,4.23,0.0
484020271,6135,111,0,98.22,1.78,0.0
484020272,3567,202,0,94.64,5.36,0.0
484020273,1226,48,0,96.23,3.77,0.0
484020274,6998,250,0,96.55,3.45,0.0
484020275,677,14,0,97.97,2.03,0.0
484020276,11952,375,0,96.96,3.04,0.0
484020277,37906,617,0,98.4,1.6,0.0
484020278,2875,20,0,99.31,0.69,0.0
484020279,1992,6,0,99.7,0.3,0.0
484020280,301,1,0,99.67,0.33,0.0
484020281,627,26,0,96.02,3.98,0.0
484020282,1040,4,0,99.62,0.38,0.0
484020283,3033,103,0,96.72,3.28,0.0
484020284,3596,62,0,98.31,1.69,0.0
484020285,3049,30,0,99.03,0.97,0.0
484020286,302,5,0,98.37,1.63,0.0
484020287,572,0,0,100.0,0.0,0.0
484020288,1199,15,0,98.76,1.24,0.0
484020289,1029,14,0,98.66,1.34,0.0
484020290,4194,114,0,97.35,2.65,0.0
484020291,1414,49,0,96.65,3.35,0.0
484020292,17039,23,0,99.87,0.13,0.0
484020293,7009,24,0,99.66,0.34,0.0
484020294,9953,65,0,99.35,0.65,0.0
484020295,943,3,0,99.68,0.32,0.0
484020296,2474,233,0,91.39,8.61,0.0
484020297,13400,115,0,99.15,0.85,0.0
484020298,1115,5,0,99.55,0.45,0.0
484020299,6431,179,0,97.29,2.71,0.0
484020300,1577,19,0,98.81,1.19,0.0
484020301,4450,107,0,97.65,2.35,0.0
484020302,1080,0,0,100.0,0.0,0.0
484020303,711,5,0,99.3,0.7,0.0
484020304,4297,35,0,99.19,0.81,0.0
484020305,4412,237,0,94.9,5.1,0.0
484020306,9451,235,0,97.57,2.43,0.0
484020307,3247,60,0,98.19,1.81,0.0
484020308,9864,236,0,97.66,2.34,0.0
484020309,13878,613,0,95.77,4.23,0.0
484020310,478,5,0,98.96,1.04,0.0
484020311,10947,277,0,97.53,2.47,0.0
484020312,715,15,0,97.95,2.05,0.0
484020313,1735,8,0,99.54,0.46,0.0
484020314,1887,13,0,99.32,0.68,0.0
484020315,706,13,0,98.19,1.81,0.0
484020316,1211,42,0,96.65,3.35,0.0
484020317,48586,613,30,98.69,1.25,0.06
484020318,952,20,0,97.94,2.06,0.0
484020319,700,4,0,99.43,0.57,0.0
484020320,746,4,0,99.47,0.53,0.0
484020321,783,5,0,99.37,0.63,0.0
484020322,2363,41,0,98.29,1.71,0.0
484020323,46814,1178,0,97.55,2.45,0.0
484020324,11409,363,0,96.92,3.08,0.0
484020325,4900,142,0,97.18,2.82,0.0
484020326,14991,237,0,98.44,1.56,0.0
484020327,1419,22,0,98.47,1.53,0.0
484020328,1106,30,0,97.36,2.64,0.0
484020329,4162,130,1,96.95,3.03,0.02
484020330,922,18,0,98.09,1.91,0.0
484020331,367,2,0,99.46,0.54,0.0
484020332,3175,35,0,98.91,1.09,0.0
484020333,49409,758,0,98.49,1.51,0.0
484020334,863,2,0,99.77,0.23,0.0
484020335,1674,4,0,99.76,0.24,0.0
484020336,5173,207,0,96.15,3.85,0.0
484020337,9967,105,0,98.96,1.04,0.0
484020338,4268,61,0,98.59,1.41,0.0
484020339,1661,51,0,97.02,2.98,0.0
484020340,226,8,0,96.58,3.42,0.0
484020341,4066,40,0,99.03,0.97,0.0
484020342,1971,28,2,98.5,1.4,0.1
484020343,2764,47,0,98.33,1.67,0.0
484020344,4113,53,0,98.73,1.27,0.0
484020345,1523,14,0,99.09,0.91,0.0
484020346,4111,52,14,98.42,1.24,0.34
484020347,7925,164,0,97.97,2.03,0.0
484020348,2144,40,0,98.17,1.83,0.0
484020349,16856,18,0,99.89,0.11,0.0
484020350,2741,59,0,97.89,2.11,0.0
484020351,4888,53,0,98.93,1.07,0.0
484020352,2364,32,0,98.66,1.34,0.0
484020353,460,13,0,97.25,2.75,0.0
484020354,661,16,0,97.64,2.36,0.0
484020355,2164,5,0,99.77,0.23,0.0
484020356,825,23,0,97.29,2.71,0.0
484020357,1936,21,0,98.93,1.07,0.0
484020358,631,3,0,99.53,0.47,0.0
484020359,3935,47,0,98.82,1.18,0.0
484020360,798,27,0,96.73,3.27,0.0
484020361,1446,46,0,96.92,3.08,0.0
484020362,2657,18,0,99.33,0.67,0.0
484020363,18208,218,0,98.82,1.18,0.0
484020364,1041,18,0,98.3,1.7,0.0
484020365,3571,95,0,97.41,2.59,0.0
484020366,4471,72,0,98.42,1.58,0.0
484020367,2053,12,0,99.42,0.58,0.0
484020368,2167,23,0,98.95,1.05,0.0
484020369,649,11,0,98.33,1.67,0.0
484020370,946,24,0,97.53,2.47,0.0
484020371,1193,14,0,98.84,1.16,0.0
484020372,379,22,0,94.51,5.49,0.0
484020373,1613,34,0,97.94,2.06,0.0
484020374,13050,63,21,99.36,0.48,0.16
484020375,364,1,0,99.73,0.27,0.0
484020376,10257,565,0,94.78,5.22,0.0
484020377,3645,77,0,97.93,2.07,0.0
484020378,2846,64,0,97.8,2.2,0.0
484020379,2239,2,0,99.91,0.09,0.0
484020380,2923,11,0,99.63,0.37,0.0
484020381,1147,23,0,98.03,1.97,0.0
484020382,577,7,0,98.8,1.2,0.0
484020383,4750,40,0,99.16,0.84,0.0
484020384,99851,282,0,99.72,0.28,0.0
484020385,18323,657,0,96.54,3.46,0.0
484020386,2887,6,0,99.79,0.21,0.0
484020387,2692,116,0,95.87,4.13,0.0
484020388,905,3,0,99.67,0.33,0.0
484020389,49031,76,0,99.85,0.15,0.0
484020390,3238,129,0,96.17,3.83,0.0
484020391,6053,332,0,94.8,5.2,0.0
484020392,4157,18,0,99.57,0.43,0.0
484020393,2700,38,0,98.61,1.39,0.0
484020394,1482,87,0,94.46,5.54,0.0
484020395,3159,44,0,98.63,1.37,0.0
484020396,39284,554,0,98.61,1.39,0.0
484020397,4781,32,0,99.34,0.66,0.0
484020398,41788,80,0,99.81,0.19,0.0
484020399,6088,80,0,98.7,1.3,0.0
484020400,26182,786,0,97.09,2.91,0.0
484020401,1043,26,0,97.57,2.43,0.0
484020402,3688,52,0,98.61,1.39,0.0
484020403,757,0,0,100.0,0.0,0.0
484020404,1805,12,0,99.34,0.66,0.0
484020405,20150,1201,0,94.37,5.63,0.0
484020406,9357,217,0,97.73,2.27,0.0
484020407,488,9,0,98.19,1.81,0.0
484020408,8902,17,0,99.81,0.19,0.0
484020409,3268,81,0,97.58,2.42,0.0
484020410,906,2,0,99.78,0.22,0.0
484020411,3000,162,0,94.88,5.12,0.0
484020412,49384,925,20,98.12,1.84,0.04
484020413,11840,136,0,98.86,1.14,0.0
484020414,4796,67,0,98.62,1.38,0.0
484020415,453,2,0,99.56,0.44,0.0
484020416,9556,90,0,99.07,0.93,0.0
484020417,11401,233,0,98.0,2.0,0.0
484020418,589,3,0,99.49,0.51,0.0
484020419,1585,47,0,97.12,2.88,0.0
484020420,4625,42,0,99.1,0.9,0.0
484020421,586,7,0,98.82,1.18,0.0
484020422,440,13,0,97.13,2.87,0.0
484020423,3687,92,0,97.57,2.43,0.0
484020424,2024,32,0,98.44,1.56,0.0
484020425,8315,535,0,93.95,6.05,0.0
484020426,16491,187,15,98.79,1.12,0.09
484020427,2075,53,0,97.51,2.49,0.0
484020428,1478,29,4,97.82,1.92,0.26
484020429,316,1,0,99.68,0.32,0.0
484020430,1823,6,0,99.67,0.33,0.0
484020431,902,1,0,99.89,0.11,0.0
484020432,18761,424,0,97.79,2.21,0.0
484020433,3967,19,0,99.52,0.48,0.0
484020434,3409,102,0,97.09,2.91,0.0
484020435,878,17,0,98.1,1.9,0.0
484020436,9263,213,0,97.75,2.25,0.0
484020437,1763,14,0,99.21,0.79,0.0
484020438,23614,1681,4,93.34,6.64,0.02
484020439,783,12,0,98.49,1.51,0.0
484020440,9015,114,0,98.75,1.25,0.0
484020441,250,0,0,100.0,0.0,0.0
484020442,433,2,0,99.54,0.46,0.0
484020443,472,9,0,98.13,1.87,0.0
484020444,1673,6,0,99.64,0.36,0.0
484020445,5875,67,0,98.87,1.13,0.0
484020446,16508,476,0,97.2,2.8,0.0
484020447,2414,55,0,97.77,2.23,0.0
484020448,3263,27,0,99.18,0.82,0.0
484020449,13020,735,0,94.66,5.34,0.0
484020450,938,20,0,97.91,2.09,0.0
484020451,4376,29,0,99.34,0.66,0.0
484020452,3655,159,3,95.76,4.17,0.08
484020453,3429,88,0,97.5,2.5,0.0
484020454,2869,31,0,98.93,1.07,0.0
484020455,1634,6,0,99.63,0.37,0.0
484020456,3291,39,0,98.83,1.17,0.0
484020457,1137,3,0,99.74,0.26,0.0
484020458,4654,152,0,96.84,3.16,0.0
484020459,5070,125,0,97.59,2.41,0.0
484020460,506,21,0,96.02,3.98,0.0
484020461,511,7,0,98.65,1.35,0.0
484020462,326,0,0,100.0,0.0,0.0
484020463,1594,40,0,97.55,2.45,0.0
484020464,12879,973,0,92.98,7.02,0.0
484020465,18707,308,9,98.33,1.62,0.05
484020466,13796,218,0,98.44,1.56,0.0
484020467,32606,1385,0,95.93,4.07,0.0
484020468,4105,227,0,94.76,5.24,0.0
484020469,401,2,0,99.5,0.5,0.0
484020470,3339,19,0,99.43,0.57,0.0
484020471,1285,1,0,99.92,0.08,0.0
484020472,3363,40,0,98.82,1.18,0.0
484020473,9890,190,0,98.12,1.88,0.0
484020474,409,8,0,98.08,1.92,0.0
484020475,1303,24,0,98.19,1.81,0.0
484020476,1537,18,0,98.84,1.16,0.0
484020477,169,3,0,98.26,1.74,0.0
484020478,1182,151,0,88.67,11.33,0.0
484020479,1851,24,0,98.72,1.28,0.0
484020480,54384,807,0,98.54,1.46,0.0
484020481,10780,105,0,99.04,0.96,0.0
484020482,4377,75,0,98.32,1.68,0.0
484020483,3082,49,0,98.44,1.56,0.0
484020484,2397,18,0,99.25,0.75,0.0
484020485,1879,79,0,95.97,4.03,0.0
484020486,130,0,0,100.0,0.0,0.0
484020487,4807,94,0,98.08,1.92,0.0
484020488,2960,14,0,99.53,0.47,0.0
484020489,4712,48,0,98.99,1.01,0.0
484020490,2557,136,0,94.95,5.05,0.0
484020491,542,5,0,99.09,0.91,0.0
484020492,6050,138,0,97.77,2.23,0.0
484020493,2816,213,0,92.97,7.03,0.0
484020494,1831,4,0,99.78,0.22,0.0
484020495,4183,33,0,99.22,0.78,0.0
484020496,7285,232,12,96.76,3.08,0.16
484020497,1912,7,0,99.64,0.36,0.0
484020498,7678,220,0,97.21,2.79,0.0
484020499,991,9,0,99.1,0.9,0.0
484020500,4777,197,0,96.04,3.96,0.0
484020501,425,0,0,100.0,0.0,0.0
484020502,1572,2,0,99.87,0.13,0.0
484020503,7640,34,0,99.56,0.44,0.0
484020504,794,4,0,99.5,0.5,0.0
484020505,3096,43,1,98.6,1.37,0.03
484020506,1557,21,0,98.67,1.33,0.0
484020507,11049,283,0,97.5,2.5,0.0
484020508,709,24,0,96.73,3.27,0.0
484020509,3091,187,0,94.3,5.7,0.0
484020510,1089,12,0,98.91,1.09,0.0
484020511,8722,302,0,96.65,3.35,0.0
484020512,914,23,0,97.55,2.45,0.0
484020513,66114,875,0,98.69,1.31,0.0
484020514,5171,63,0,98.8,1.2,0.0
484020515,5513,328,0,94.38,5.62,0.0
484020516,113,0,0,100.0,0.0,0.0
484020517,3374,12,0,99.65,0.35,0.0
484020518,7278,46,0,99.37,0.63,0.0
484020519,245,5,0,98.0,2.0,0.0
484020520,1185,20,0,98.34,1.66,0.0
484020521,1568,14,0,99.12,0.88,0.0
484020522,320,0,0,100.0,0.0,0.0
484020523,12214,116,0,99.06,0.94,0.0
484020524,2477,15,0,99.4,0.6,0.0
484020525,904,2,0,99.78,0.22,0.0
484020526,1430,13,0,99.1,0.9,0.0
484020527,3859,65,0,98.34,1.66,0.0
484020528,2581,20,0,99.23,0.77,0.0
484020529,3928,115,0,97.16,2.84,0.0
484020530,2629,76,0,97.19,2.81,0.0
484020531,3467,45,0,98.72,1.28,0.0
484020532,3163,37,0,98.84,1.16,0.0
484020533,447,2,0,99.55,0.45,0.0
484020534,6558,102,0,98.47,1.53,0.0
484020535,712,1,0,99.86,0.14,0.0
484020536,6100,230,0,96.37,3.63,0.0
484020537,7817,190,0,97.63,2.37,0.0
484020538,1505,2,0,99.87,0.13,0.0
484020539,883,4,0,99.55,0.45,0.0
484020540,6001,374,0,94.13,5.87,0.0
484020541,1026,5,1,99.42,0.48,0.1
484020542,6348,18,0,99.72,0.28,0.0
484020543,979,7,0,99.29,0.71,0.0
484020544,1789,145,0,92.5,7.5,0.0
484020545,11206,127,0,98.88,1.12,0.0
484020546,5699,53,0,99.08,0.92,0.0
484020547,29180,203,0,99.31,0.69,0.0
484020548,405,4,0,99.02,0.98,0.0
484020549,11967,77,0,99.36,0.64,0.0
484020550,5722,87,0,98.5,1.5,0.0
484020551,3398,22,0,99.36,0.64,0.0
484020552,300,6,0,98.04,1.96,0.0
484020553,14447,68,0,99.53,0.47,0.0
484020554,1353,19,0,98.62,1.38,0.0
484020555,22522,223,0,99.02,0.98,0.0
484020556,6416,52,0,99.2,0.8,0.0
484020557,2853,101,0,96.58,3.42,0.0
484020558,1647,6,0,99.64,0.36,0.0
484020559,1225,21,0,98.31,1.69,0.0
484020560,1164,16,0,98.64,1.36,0.0
484020561,45459,935,0,97.98,2.02,0.0
484020562,3020,69,0,97.77,2.23,0.0
484020563,3354,25,0,99.26,0.74,0.0
484020564,1662,34,0,98.0,2.0,0.0
484020565,1382,21,0,98.5,1.5,0.0
484020566,21892,183,0,99.17,0.83,0.0
484021001,71989,886,0,98.78,1.22,0.0
484021002,8994,174,0,98.1,1.9,0.0
484021003,37536,163,0,99.57,0.43,0.0
484021004,63212,308,0,99.52,0.48,0.0
484021005,3010,21,2,99.24,0.69,0.07
484021006,14315,209,0,98.56,1.44,0.0
484021007,3140,22,0,99.3,0.7,0.0
484021008,11346,50,0,99.56,0.44,0.0
484021009,2153,29,0,98.67,1.33,0.0
484021010,73564,600,60,99.11,0.81,0.08
484021011,1850,35,0,98.14,1.86,0.0
484021012,6561,32,0,99.51,0.49,0.0
484021013,22529,67,0,99.7,0.3,0.0
484021014,4743,71,0,98.53,1.47,0.0
484021015,125466,216,0,99.83,0.17,0.0
484021016,8853,167,0,98.15,1.85,0.0
484021017,29413,281,0,99.05,0.95,0.0
484021018,3822,35,0,99.09,0.91,0.0
484021019,141028,426,0,99.7,0.3,0.0
484021020,7674,24,0,99.69,0.31,0.0
484021021,1505,8,0,99.47,0.53,0.0
484021022,12797,58,0,99.55,0.45,0.0
484021023,8965,86,0,99.05,0.95,0.0
484021024,966,10,0,98.98,1.02,0.0
484021025,7938,252,0,96.92,3.08,0.0
484021026,15204,47,0,99.69,0.31,0.0
484021027,3925,199,0,95.17,4.83,0.0
484021028,2687,63,0,97.71,2.29,0.0
484021029,3736,72,0,98.11,1.89,0.0
484021030,768,3,0,99.61,0.39,0.0
484021031,2795,27,0,99.04,0.96,0.0
484021032,1375,5,0,99.64,0.36,0.0
484021033,5359,45,0,99.17,0.83,0.0
484021034,46564,14,0,99.97,0.03,0.0
484021035,20602,52,0,99.75,0.25,0.0
484021036,14503,220,0,98.51,1.49,0.0
484021037,2315,20,0,99.14,0.86,0.0
484021038,10492,10,0,99.9,0.1,0.0
484021039,9686,137,0,98.61,1.39,0.0
484021040,12208,126,0,98.98,1.02,0.0
484021041,136992,12,0,99.99,0.01,0.0
484021042,3264,33,0,99.0,1.0,0.0
484021043,48174,1510,0,96.96,3.04,0.0
484021044,17010,129,0,99.25,0.75,0.0
484021045,47072,32,0,99.93,0.07,0.0
484021046,8079,102,0,98.75,1.25,0.0
484021047,21470,198,0,99.09,0.91,0.0
484021048,21873,134,15,99.32,0.61,0.07
484021049,17249,74,0,99.57,0.43,0.0
484021050,26456,390,0,98.55,1.45,0.0
484021051,36682,214,0,99.42,0.58,0.0
484021052,1206,11,0,99.1,0.9,0.0
484021053,66087,147,0,99.78,0.22,0.0
484021054,34518,443,0,98.73,1.27,0.0
484021055,4975,66,0,98.69,1.31,0.0
484021056,1306,3,0,99.77,0.23,0.0
484021057,6598,86,0,98.71,1.29,0.0
484021058,20683,291,0,98.61,1.39,0.0
484021059,2751,74,0,97.38,2.62,0.0
484021060,7863,58,0,99.27,0.73,0.0
484021061,14126,302,0,97.91,2.09,0.0
484021062,4847,14,0,99.71,0.29,0.0
484021063,14714,42,0,99.72,0.28,0.0
484021064,17426,347,0,98.05,1.95,0.0
484021065,22566,96,0,99.58,0.42,0.0
484021066,6352,48,0,99.25,0.75,0.0
484021067,18514,173,0,99.07,0.93,0.0
484021068,6902,106,0,98.49,1.51,0.0
484021069,28646,237,0,99.18,0.82,0.0
484021070,6056,47,0,99.23,0.77,0.0
484021071,102918,468,0,99.55,0.45,0.0
484021072,16415,642,0,96.24,3.76,0.0
484021073,9625,130,0,98.67,1.33,0.0
484021074,90046,144,0,99.84,0.16,0.0
484021075,12937,122,0,99.07,0.93,0.0
484021076,26705,855,0,96.9,3.1,0.0
484021077,5564,344,0,94.18,5.82,0.0
484021078,15627,182,28,98.67,1.15,0.18
484021079,5730,43,0,99.26,0.74,0.0
484021080,2594,24,0,99.08,0.92,0.0
484021081,3972,89,0,97.81,2.19,0.0
484021082,8697,55,0,99.37,0.63,0.0
484021083,24892,387,0,98.47,1.53,0.0
484021084,6693,249,0,96.41,3.59,0.0
484021085,81753,494,96,99.28,0.6,0.12
484021086,11782,265,0,97.8,2.2,0.0
484021087,12984,288,0,97.83,2.17,0.0
484021088,4300,122,0,97.24,2.76,0.0
484021089,12033,70,0,99.42,0.58,0.0
484021090,23662,94,20,99.52,0.4,0.08
484021091,9772,4,0,99.96,0.04,0.0
484021092,5256,32,0,99.39,0.61,0.0
484021093,7617,23,0,99.7,0.3,0.0
484021094,36662,447,0,98.8,1.2,0.0
484021095,650,0,0,100.0,0.0,0.0
484021096,3154,24,0,99.24,0.76,0.0
484021097,2631,26,0,99.02,0.98,0.0
484021098,6577,63,0,99.05,0.95,0.0
484021099,20500,114,0,99.45,0.55,0.0
484021100,9266,39,0,99.58,0.42,0.0
484021101,3272,45,0,98.64,1.36,0.0
484021102,13982,76,0,99.46,0.54,0.0
484021103,6485,104,0,98.42,1.58,0.0
484021104,32549,162,0,99.5,0.5,0.0
484021105,4965,107,0,97.89,2.11,0.0
484021106,42550,83,0,99.81,0.19,0.0
484021107,11468,462,0,96.13,3.87,0.0
484021108,19746,83,0,99.58,0.42,0.0
484021109,19998,275,0,98.64,1.36,0.0
484021110,49665,550,0,98.9,1.1,0.0
484021111,18057,391,0,97.88,2.12,0.0
484021112,9205,109,0,98.83,1.17,0.0
484021113,4597,24,0,99.48,0.52,0.0
484021114,1681177,323,711,99.94,0.02,0.04
484021115,57043,503,0,99.13,0.87,0.0
484021116,22740,89,0,99.61,0.39,0.0
484021117,15927,6,0,99.96,0.04,0.0
484021118,29733,162,0,99.46,0.54,0.0
484021119,153454,245,77,99.79,0.16,0.05
484021120,5805,130,0,97.81,2.19,0.0
484021121,1258,3,0,99.76,0.24,0.0
484021122,11155,54,2,99.5,0.48,0.02
484021123,3706,74,0,98.04,1.96,0.0
484021124,15827,75,0,99.53,0.47,0.0
484021125,9646,0,0,100.0,0.0,0.0
484021126,6503,66,0,99.0,1.0,0.0
484021127,3521,29,0,99.18,0.82,0.0
484021128,10392,20,0,99.81,0.19,0.0
484021129,13980,38,0,99.73,0.27,0.0
484021130,3586,18,0,99.5,0.5,0.0
484021131,975,0,0,100.0,0.0,0.0
484021132,155222,312,0,99.8,0.2,0.0
484021133,681,1,0,99.85,0.15,0.0
484021134,20877,46,0,99.78,0.22,0.0
484021135,519,2,0,99.62,0.38,0.0
484021136,12440,2,0,99.98,0.02,0.0
484021137,10428,22,0,99.79,0.21,0.0
484021138,11748,21,0,99.82,0.18,0.0
484021139,3680,52,0,98.61,1.39,0.0
484021140,136786,126,42,99.88,0.09,0.03
484021141,3396,69,0,98.01,1.99,0.0
484021142,30408,156,0,99.49,0.51,0.0
484021143,34795,72,0,99.79,0.21,0.0
484021144,16488,43,0,99.74,0.26,0.0
484021145,12538,607,0,95.38,4.62,0.0
484021146,740,9,0,98.8,1.2,0.0
484021147,6270,70,0,98.9,1.1,0.0
484021148,11372,89,0,99.22,0.78,0.0
484021149,30054,244,0,99.19,0.81,0.0
484021150,6043,63,0,98.97,1.03,0.0
484021151,9188,116,0,98.75,1.25,0.0
484021152,12537,76,18,99.26,0.6,0.14
484021153,23444,105,0,99.55,0.45,0.0
484021154,80320,178,0,99.78,0.22,0.0
484021155,6041,46,0,99.24,0.76,0.0
484021156,324675,1123,41,99.64,0.34,0.01
484021157,12466,152,0,98.8,1.2,0.0
484021158,6565,177,0,97.37,2.63,0.0
484021159,3803,32,3,99.09,0.83,0.08
484021160,3585,19,0,99.47,0.53,0.0
484021161,22009,206,0,99.07,0.93,0.0
484021162,4052,81,0,98.04,1.96,0.0
484021163,18777,77,0,99.59,0.41,0.0
484021164,83621,186,0,99.78,0.22,0.0
484021165,1186,22,0,98.18,1.82,0.0
484021166,8882,34,0,99.62,0.38,0.0
484021167,10101,233,0,97.75,2.25,0.0
484021168,7379,124,0,98.35,1.65,0.0
484021169,20960,218,0,98.97,1.03,0.0
484021170,19103,91,0,99.53,0.47,0.0
484021171,3817,28,0,99.27,0.73,0.0
484021172,26408,694,0,97.44,2.56,0.0
484021173,6214,38,0,99.39,0.61,0.0
484021174,102663,133,0,99.87,0.13,0.0
484021175,14281,56,0,99.61,0.39,0.0
484021176,9563,45,0,99.53,0.47,0.0
484021177,54298,383,0,99.3,0.7,0.0
484021178,15664,255,0,98.4,1.6,0.0
484021179,31031,608,0,98.08,1.92,0.0
484021180,41412,124,0,99.7,0.3,0.0
484021181,7421,38,0,99.49,0.51,0.0
484021182,5352,39,0,99.28,0.72,0.0
484021183,20180,157,0,99.23,0.77,0.0
484021184,6387,36,0,99.44,0.56,0.0
484021185,10283,25,6,99.7,0.24,0.06
484021186,54856,546,0,99.01,0.99,0.0
484021187,4720,216,0,95.62,4.38,0.0
484021188,19003,252,0,98.69,1.31,0.0
484021189,22314,137,0,99.39,0.61,0.0
484021190,1156,27,0,97.72,2.28,0.0
484021191,9621,113,0,98.84,1.16,0.0
484021192,5743,181,0,96.94,3.06,0.0
484021193,6392,74,0,98.86,1.14,0.0
484021194,28040,307,0,98.92,1.08,0.0
484021195,26085,386,0,98.54,1.46,0.0
484021196,1531,19,0,98.77,1.23,0.0
484021197,79706,689,0,99.14,0.86,0.0
484021198,1292,14,0,98.93,1.07,0.0
484021199,42467,163,0,99.62,0.38,0.0
484021200,3224,166,0,95.1,4.9,0.0
484021201,3361,14,0,99.59,0.41,0.0
484021202,12625,400,0,96.93,3.07,0.0
484021203,7124,42,0,99.41,0.59,0.0
484021204,7876,49,0,99.38,0.62,0.0
484021205,26188,189,0,99.28,0.72,0.0
484021206,4524,37,0,99.19,0.81,0.0
484021207,56544,1182,0,97.95,2.05,0.0
484021208,86558,634,0,99.27,0.73,0.0
484021209,8372,142,0,98.33,1.67,0.0
484021210,5619,24,0,99.57,0.43,0.0
484021211,16614,69,0,99.59,0.41,0.0
484021212,20321,390,0,98.12,1.88,0.0
484021213,11784,152,0,98.73,1.27,0.0
484021214,18271,61,0,99.67,0.33,0.0
484021215,4512,29,0,99.36,0.64,0.0
484021216,2326,91,0,96.24,3.76,0.0
484021217,19998,239,0,98.82,1.18,0.0
484022001,65058,1578,60,97.54,2.37,0.09
484022002,26278,1082,0,96.05,3.95,0.0
484022003,12912,129,0,99.01,0.99,0.0
484022004,67537,858,0,98.75,1.25,0.0
484022005,66394,451,0,99.33,0.67,0.0
484022006,211762,88,0,99.96,0.04,0.0
484022007,44892,193,0,99.57,0.43,0.0
484022008,36503,286,0,99.22,0.78,0.0
484022009,26668,553,0,97.97,2.03,0.0
484022010,18595,179,0,99.05,0.95,0.0
484022011,230453,719,0,99.69,0.31,0.0
484022012,77089,205,0,99.73,0.27,0.0
484022013,18784,357,0,98.13,1.87,0.0
484022014,1044283,57,0,99.99,0.01,0.0
484022015,8120,201,0,97.58,2.42,0.0
484022016,295251,1425,0,99.52,0.48,0.0
484022017,71923,167,0,99.77,0.23,0.0
484022018,27054,769,0,97.24,2.76,0.0
484023001,1835219,11560,587,99.34,0.63,0.03
484024001,18692,231,0,98.78,1.22,0.0
484024002,7591,136,0,98.24,1.76,0.0
484024003,44472,3855,0,92.02,7.98,0.0
484024004,3894,104,0,97.4,2.6,0.0
484024005,18068,175,0,99.04,0.96,0.0
484024006,9242,327,0,96.58,3.42,0.0
484024007,19725,115,0,99.42,0.58,0.0
484024008,21864,178,0,99.19,0.81,0.0
484024009,4908,104,0,97.92,2.08,0.0
484024010,50800,383,0,99.25,0.75,0.0
484024011,47695,285,0,99.41,0.59,0.0
484024012,19557,614,0,96.96,3.04,0.0
484024013,177729,1160,0,99.35,0.65,0.0
484024014,15337,325,0,97.92,2.08,0.0
484024015,21290,517,0,97.63,2.37,0.0
484024016,76891,770,0,99.01,0.99,0.0
484024017,24596,412,16,98.29,1.65,0.06
484024018,14250,997,15,93.37,6.53,0.1
484024019,5307,123,0,97.73,2.27,0.0
484024020,101375,460,0,99.55,0.45,0.0
484024021,57278,1073,0,98.16,1.84,0.0
484024022,18798,234,0,98.77,1.23,0.0
484024023,14821,400,0,97.37,2.63,0.0
484024024,95851,1699,0,98.26,1.74,0.0
484024025,30368,637,7,97.92,2.05,0.02
484024026,8935,404,0,95.67,4.33,0.0
484024027,10000,202,0,98.02,1.98,0.0
484024028,905499,1260,591,99.8,0.14,0.07
484024029,18091,305,0,98.34,1.66,0.0
484024030,4675,78,0,98.36,1.64,0.0
484024031,11272,851,1,92.97,7.02,0.01
484024032,38682,1185,0,97.03,2.97,0.0
484024033,10628,97,0,99.1,0.9,0.0
484024034,14613,291,0,98.05,1.95,0.0
484024035,330217,1281,0,99.61,0.39,0.0
484024036,27595,1419,0,95.11,4.89,0.0
484024037,121405,2042,5,98.34,1.65,0.0
484024038,13811,393,0,97.23,2.77,0.0
484024039,13052,517,0,96.19,3.81,0.0
484024040,17526,532,0,97.05,2.95,0.0
484024041,13060,355,0,97.35,2.65,0.0
484024042,7686,225,0,97.16,2.84,0.0
484024043,7457,70,0,99.07,0.93,0.0
484024044,13799,369,0,97.4,2.6,0.0
484024045,17995,187,0,98.97,1.03,0.0
484024046,9022,224,0,97.58,2.42,0.0
484024047,5242,23,0,99.56,0.44,0.0
484024048,38150,170,31,99.48,0.44,0.08
484024049,52067,635,0,98.8,1.2,0.0
484024050,32200,443,0,98.64,1.36,0.0
484024051,10169,119,4,98.8,1.16,0.04
484024052,32158,372,0,98.86,1.14,0.0
484024053,47776,1830,0,96.31,3.69,0.0
484024054,27087,256,0,99.06,0.94,0.0
484025001,455709,1353,0,99.7,0.3,0.0
484025002,43385,214,0,99.51,0.49,0.0
484025003,25840,603,0,97.72,2.28,0.0
484025004,24652,157,0,99.37,0.63,0.0
484025005,16790,64,0,99.62,0.38,0.0
484025006,1130006,1872,236,99.81,0.17,0.02
484025007,28451,812,0,97.23,2.77,0.0
484025008,46802,229,0,99.51,0.49,0.0
484025009,59396,319,0,99.47,0.53,0.0
484025010,95174,906,0,99.06,0.94,0.0
484025011,282734,1561,0,99.45,0.55,0.0
484025012,497580,737,11,99.85,0.15,0.0
484025013,119088,256,0,99.79,0.21,0.0
484025014,51977,294,0,99.44,0.56,0.0
484025015,18082,198,0,98.92,1.08,0.0
484025016,77626,793,0,98.99,1.01,0.0
484026001,2541,22,0,99.14,0.86,0.0
484026002,89912,641,0,99.29,0.71,0.0
484026003,23831,1117,0,95.52,4.48,0.0
484026004,9316,117,0,98.76,1.24,0.0
484026005,1131,38,0,96.75,3.25,0.0
484026006,2765,17,0,99.39,0.61,0.0
484026007,623,3,0,99.52,0.48,0.0
484026008,978,1,0,99.9,0.1,0.0
484026009,754,3,0,99.6,0.4,0.0
484026010,1210,9,0,99.26,0.74,0.0
484026011,1450,22,1,98.44,1.49,0.07
484026012,22607,148,0,99.35,0.65,0.0
484026013,1811,9,0,99.51,0.49,0.0
484026014,3173,3,0,99.91,0.09,0.0
484026015,1167,2,0,99.83,0.17,0.0
484026016,4940,47,0,99.06,0.94,0.0
484026017,86307,844,0,99.03,0.97,0.0
484026018,432973,2050,78,99.51,0.47,0.02
484026019,39201,122,0,99.69,0.31,0.0
484026020,4861,55,0,98.88,1.12,0.0
484026021,1777,52,0,97.16,2.84,0.0
484026022,820,43,0,95.02,4.98,0.0
484026023,5803,26,0,99.55,0.45,0.0
484026024,755,0,0,100.0,0.0,0.0
484026025,50025,238,0,99.53,0.47,0.0
484026026,80336,2352,0,97.16,2.84,0.0
484026027,8940,101,0,98.88,1.12,0.0
484026028,1009,0,0,100.0,0.0,0.0
484026029,168289,1707,0,99.0,1.0,0.0
484026030,922568,1731,308,99.78,0.19,0.03
484026031,1182,3,0,99.75,0.25,0.0
484026032,888,2,0,99.78,0.22,0.0
484026033,75839,1479,0,98.09,1.91,0.0
484026034,938,2,0,99.79,0.21,0.0
484026035,11748,49,0,99.58,0.42,0.0
484026036,32727,183,0,99.44,0.56,0.0
484026037,1083,18,0,98.37,1.63,0.0
484026038,5158,9,0,99.83,0.17,0.0
484026039,5450,147,0,97.37,2.63,0.0
484026040,1450,83,0,94.59,5.41,0.0
484026041,14229,40,9,99.66,0.28,0.06
484026042,163242,541,0,99.67,0.33,0.0
484026043,261984,897,0,99.66,0.34,0.0
484026044,345,1,0,99.71,0.29,0.0
484026045,2353,79,0,96.75,3.25,0.0
484026046,491,7,0,98.59,1.41,0.0
484026047,8834,231,0,97.45,2.55,0.0
484026048,74156,672,0,99.1,0.9,0.0
484026049,2746,293,13,89.97,9.6,0.43
484026050,1467,23,0,98.46,1.54,0.0
484026051,4749,79,0,98.36,1.64,0.0
484026052,5107,130,0,97.52,2.48,0.0
484026053,367,2,0,99.46,0.54,0.0
484026054,539,0,0,100.0,0.0,0.0
484026055,193807,2192,0,98.88,1.12,0.0
484026056,10558,120,0,98.88,1.12,0.0
484026057,1448,11,0,99.25,0.75,0.0
484026058,16124,53,0,99.67,0.33,0.0
484026059,1696,16,0,99.07,0.93,0.0
484026060,1960,28,0,98.59,1.41,0.0
484026061,1349,20,0,98.54,1.46,0.0
484026062,1098,17,0,98.48,1.52,0.0
484026063,1171,5,0,99.57,0.43,0.0
484026064,1362,12,0,99.13,0.87,0.0
484026065,1444,31,0,97.9,2.1,0.0
484026066,8438,28,0,99.67,0.33,0.0
484026067,1421,8,0,99.44,0.56,0.0
484026068,1023,16,0,98.46,1.54,0.0
484026069,4494,285,0,94.04,5.96,0.0
484027001,57943,513,0,99.12,0.88,0.0
484027002,241838,330,0,99.86,0.14,0.0
484027003,106382,1142,0,98.94,1.06,0.0
484027004,680202,177,0,99.97,0.03,0.0
484027005,213536,228,36,99.88,0.11,0.02
484027006,136707,199,0,99.85,0.15,0.0
484027007,31968,186,0,99.42,0.58,0.0
484027008,189767,332,0,99.83,0.17,0.0
484027009,37535,180,0,99.52,0.48,0.0
484027010,90974,165,0,99.82,0.18,0.0
484027011,30354,423,0,98.63,1.37,0.0
484027012,157496,699,0,99.56,0.44,0.0
484027013,150015,205,0,99.86,0.14,0.0
484027014,96506,160,0,99.83,0.17,0.0
484027015,47324,385,0,99.19,0.81,0.0
484027016,58168,337,0,99.42,0.58,0.0
484027017,60886,525,0,99.15,0.85,0.0
484028001,9743,69,0,99.3,0.7,0.0
484028002,28100,516,0,98.2,1.8,0.0
484028003,265810,1771,20,99.33,0.66,0.01
484028004,8830,11,0,99.88,0.12,0.0
484028005,4136,50,0,98.81,1.19,0.0
484028006,7338,194,0,97.42,2.58,0.0
484028007,16393,109,0,99.34,0.66,0.0
484028008,4062,74,0,98.21,1.79,0.0
484028009,204586,1207,0,99.41,0.59,0.0
484028010,1611,56,0,96.64,3.36,0.0
484028011,8188,68,0,99.18,0.82,0.0
484028012,41031,229,0,99.44,0.56,0.0
484028013,14893,55,0,99.63,0.37,0.0
484028014,3728,29,0,99.23,0.77,0.0
484028015,847220,1193,0,99.86,0.14,0.0
484028016,16866,87,0,99.49,0.51,0.0
484028017,15700,227,0,98.57,1.43,0.0
484028018,6294,74,0,98.84,1.16,0.0
484028019,14374,206,0,98.59,1.41,0.0
484028020,2015,15,0,99.26,0.74,0.0
484028021,105416,184,0,99.83,0.17,0.0
484028022,536073,3343,0,99.38,0.62,0.0
484028023,4140,140,0,96.73,3.27,0.0
484028024,6350,4,0,99.94,0.06,0.0
484028025,26191,16,0,99.94,0.06,0.0
484028026,3595,100,0,97.29,2.71,0.0
484028027,422566,498,0,99.88,0.12,0.0
484028028,3775,31,0,99.19,0.81,0.0
484028029,12771,199,0,98.47,1.53,0.0
484028030,13493,26,0,99.81,0.19,0.0
484028031,1801,88,0,95.34,4.66,0.0
484028032,7200,192,0,97.4,2.6,0.0
484028033,50613,648,0,98.74,1.26,0.0
484028034,794,128,0,86.12,13.88,0.0
484028035,22795,340,0,98.53,1.47,0.0
484028036,295359,267,17,99.9,0.09,0.01
484028037,27727,474,0,98.32,1.68,0.0
484028038,59415,484,0,99.19,0.81,0.0
484028039,346094,1074,0,99.69,0.31,0.0
484028040,5265,90,0,98.32,1.68,0.0
484028041,22172,52,0,99.77,0.23,0.0
484029001,11374,24,0,99.79,0.21,0.0
484029002,15710,10,0,99.94,0.06,0.0
484029003,6960,56,0,99.2,0.8,0.0
484029004,18002,71,0,99.61,0.39,0.0
484029005,79881,79,0,99.9,0.1,0.0
484029006,50676,453,0,99.11,0.89,0.0
484029007,17195,111,0,99.36,0.64,0.0
484029008,16080,77,0,99.52,0.48,0.0
484029009,5887,9,0,99.85,0.15,0.0
484029010,110943,250,19061,85.17,0.19,14.63
484029011,4734,16,0,99.66,0.34,0.0
484029012,9245,90,0,99.04,0.96,0.0
484029013,98312,188,0,99.81,0.19,0.0
484029014,15051,98,0,99.35,0.65,0.0
484029015,46800,47,0,99.9,0.1,0.0
484029016,7451,39,0,99.48,0.52,0.0
484029017,11490,102,0,99.12,0.88,0.0
484029018,38435,64,0,99.83,0.17,0.0
484029019,22121,61,0,99.73,0.27,0.0
484029020,15586,41,0,99.74,0.26,0.0
484029021,18635,22,0,99.88,0.12,0.0
484029022,14114,34,0,99.76,0.24,0.0
484029023,30715,172,0,99.44,0.56,0.0
484029024,27913,175,0,99.38,0.62,0.0
484029025,81739,741,0,99.1,0.9,0.0
484029026,23983,133,0,99.45,0.55,0.0
484029027,12803,26,121,98.86,0.2,0.93
484029028,25112,58,0,99.77,0.23,0.0
484029029,23574,282,0,98.82,1.18,0.0
484029030,35140,94,4,99.72,0.27,0.01
484029031,23428,101,0,99.57,0.43,0.0
484029032,98645,102,0,99.9,0.1,0.0
484029033,45060,217,0,99.52,0.48,0.0
484029034,6285,11,0,99.83,0.17,0.0
484029035,22455,71,0,99.68,0.32,0.0
484029036,9179,18,0,99.8,0.2,0.0
484029037,24268,159,0,99.35,0.65,0.0
484029038,25465,29,0,99.89,0.11,0.0
484029039,13578,88,0,99.36,0.64,0.0
484029040,33235,178,26,99.39,0.53,0.08
484029041,14146,25,0,99.82,0.18,0.0
484029042,41969,128,0,99.7,0.3,0.0
484029043,60621,81,0,99.87,0.13,0.0
484030001,9482,199,0,97.94,2.06,0.0
484030002,3410,21,0,99.39,0.61,0.0
484030003,79674,578,0,99.28,0.72,0.0
484030004,41501,111,0,99.73,0.27,0.0
484030005,5213,34,0,99.35,0.65,0.0
484030006,22703,280,0,98.78,1.22,0.0
484030007,6494,44,0,99.33,0.67,0.0
484030008,10227,108,0,98.96,1.04,0.0
484030009,28010,125,0,99.56,0.44,0.0
484030010,63454,535,0,99.16,0.84,0.0
484030011,55565,160,0,99.71,0.29,0.0
484030012,7770,88,0,98.88,1.12,0.0
484030013,26681,162,0,99.4,0.6,0.0
484030014,45662,171,0,99.63,0.37,0.0
484030015,33082,654,0,98.06,1.94,0.0
484030016,28575,58,12,99.76,0.2,0.04
484030017,4655,13,0,99.72,0.28,0.0
484030018,1941,28,0,98.58,1.42,0.0
484030019,6855,46,0,99.33,0.67,0.0
484030020,11434,43,0,99.63,0.37,0.0
484030021,23311,107,0,99.54,0.46,0.0
484030022,22361,266,0,98.82,1.18,0.0
484030023,47793,1258,0,97.44,2.56,0.0
484030024,16295,185,0,98.88,1.12,0.0
484030025,26813,380,0,98.6,1.4,0.0
484030026,25907,70,0,99.73,0.27,0.0
484030027,15037,1036,0,93.55,6.45,0.0
484030028,144021,90,49,99.9,0.06,0.03
484030029,13463,137,0,98.99,1.01,0.0
484030030,41519,118,0,99.72,0.28,0.0
484030031,18670,147,0,99.22,0.78,0.0
484030032,48489,539,0,98.9,1.1,0.0
484030033,23800,531,15,97.76,2.18,0.06
484030034,38932,670,0,98.31,1.69,0.0
484030035,10765,295,0,97.33,2.67,0.0
484030036,10927,83,0,99.25,0.75,0.0
484030037,7962,205,0,97.49,2.51,0.0
484030038,91524,379,0,99.59,0.41,0.0
484030039,351276,1134,25,99.67,0.32,0.01
484030040,54520,312,0,99.43,0.57,0.0
484030041,2308,47,0,98.0,2.0,0.0
484030042,5487,201,0,96.47,3.53,0.0
484030043,19545,264,0,98.67,1.33,0.0
484030044,202414,784,0,99.61,0.39,0.0
484030045,121755,787,0,99.36,0.64,0.0
484030046,16067,99,0,99.39,0.61,0.0
484030047,58633,777,3,98.69,1.31,0.01
484030048,129580,908,0,99.3,0.7,0.0
484030049,21811,206,0,99.06,0.94,0.0
484030050,15590,643,0,96.04,3.96,0.0
484030051,22462,562,0,97.56,2.44,0.0
484030052,11708,136,0,98.85,1.15,0.0
484030053,27807,42,0,99.85,0.15,0.0
484030054,11251,210,0,98.17,1.83,0.0
484030055,13240,253,0,98.12,1.88,0.0
484030056,6459,151,0,97.72,2.28,0.0
484030057,13457,421,0,96.97,3.03,0.0
484030058,52495,826,0,98.45,1.55,0.0
484030059,22357,226,2,98.99,1.0,0.01
484030060,15779,298,15,98.05,1.85,0.09
484030061,296865,5451,0,98.2,1.8,0.0
484030062,20629,168,0,99.19,0.81,0.0
484030063,13025,334,0,97.5,2.5,0.0
484030064,3860,150,0,96.26,3.74,0.0
484030065,84994,357,0,99.58,0.42,0.0
484030066,26086,467,0,98.24,1.76,0.0
484030067,18682,366,0,98.08,1.92,0.0
484030068,66166,110,0,99.83,0.17,0.0
484030069,23838,219,0,99.09,0.91,0.0
484030070,58747,1108,0,98.15,1.85,0.0
484030071,20591,1025,35,95.1,4.73,0.16
484030072,40757,482,0,98.83,1.17,0.0
484030073,7212,28,0,99.61,0.39,0.0
484030074,16341,133,0,99.19,0.81,0.0
484030075,13187,163,0,98.78,1.22,0.0
484030076,64819,318,0,99.51,0.49,0.0
484030077,12031,312,0,97.47,2.53,0.0
484030078,11299,90,0,99.21,0.79,0.0
484030079,22786,326,0,98.59,1.41,0.0
484030080,27151,110,0,99.6,0.4,0.0
484030081,44789,121,0,99.73,0.27,0.0
484030082,49566,1165,0,97.7,2.3,0.0
484030083,5525,49,0,99.12,0.88,0.0
484030084,73770,208,8,99.71,0.28,0.01
484030085,45847,730,0,98.43,1.57,0.0
484030086,486302,1380,0,99.72,0.28,0.0
484030087,5011,25,0,99.5,0.5,0.0
484030088,38032,506,24,98.63,1.31,0.06
484030089,11065,67,0,99.4,0.6,0.0
484030090,39117,364,0,99.08,0.92,0.0
484030091,16338,237,0,98.57,1.43,0.0
484030092,69527,1250,0,98.23,1.77,0.0
484030093,14793,181,0,98.79,1.21,0.0
484030094,1509,4,0,99.74,0.26,0.0
484030095,18888,110,0,99.42,0.58,0.0
484030096,3241,18,0,99.45,0.55,0.0
484030097,18198,120,0,99.34,0.66,0.0
484030098,23780,98,0,99.59,0.41,0.0
484030099,38265,351,0,99.09,0.91,0.0
484030100,137245,1119,0,99.19,0.81,0.0
484030101,12253,537,0,95.8,4.2,0.0
484030102,64893,1223,0,98.15,1.85,0.0
484030103,94840,212,0,99.78,0.22,0.0
484030104,4545,20,0,99.56,0.44,0.0
484030105,2880,45,0,98.46,1.54,0.0
484030106,64845,446,0,99.32,0.68,0.0
484030107,11463,632,0,94.77,5.23,0.0
484030108,16268,82,6,99.46,0.5,0.04
484030109,22595,75,0,99.67,0.33,0.0
484030110,4578,27,0,99.41,0.59,0.0
484030111,9780,320,2,96.81,3.17,0.02
484030112,37161,145,0,99.61,0.39,0.0
484030113,16668,96,0,99.43,0.57,0.0
484030114,23100,669,0,97.19,2.81,0.0
484030115,122102,484,0,99.61,0.39,0.0
484030116,5617,29,0,99.49,0.51,0.0
484030117,10186,51,0,99.5,0.5,0.0
484030118,21857,826,0,96.36,3.64,0.0
484030119,17612,257,0,98.56,1.44,0.0
484030120,93885,2015,0,97.9,2.1,0.0
484030121,156996,1040,0,99.34,0.66,0.0
484030122,31649,180,0,99.43,0.57,0.0
484030123,33144,274,0,99.18,0.82,0.0
484030124,27836,411,0,98.54,1.46,0.0
484030125,75367,309,0,99.59,0.41,0.0
484030126,17476,577,0,96.8,3.2,0.0
484030127,51527,695,0,98.67,1.33,0.0
484030128,186404,2090,0,98.89,1.11,0.0
484030129,20013,183,0,99.09,0.91,0.0
484030130,56441,1458,0,97.48,2.52,0.0
484030131,23282,92,0,99.61,0.39,0.0
484030132,23833,209,0,99.13,0.87,0.0
484030133,8321,13,0,99.84,0.16,0.0
484030134,6117,162,0,97.42,2.58,0.0
484030135,41723,19,0,99.95,0.05,0.0
484030136,6063,60,0,99.02,0.98,0.0
484030137,3117,6,0,99.81,0.19,0.0
484030138,159476,2134,0,98.68,1.32,0.0
484030139,56393,619,0,98.91,1.09,0.0
484030140,31316,604,0,98.11,1.89,0.0
484030141,16373,161,0,99.03,0.97,0.0
484030142,3876,51,0,98.7,1.3,0.0
484030143,24356,72,0,99.71,0.29,0.0
484030144,27904,157,0,99.44,0.56,0.0
484030145,11417,211,0,98.19,1.81,0.0
484030146,21450,447,0,97.96,2.04,0.0
484030147,11321,226,0,98.04,1.96,0.0
484030148,5730,59,0,98.98,1.02,0.0
484030149,11853,133,0,98.89,1.11,0.0
484030150,96795,2488,0,97.49,2.51,0.0
484030151,5935,108,0,98.21,1.79,0.0
484030152,19811,264,0,98.68,1.32,0.0
484030153,24186,323,4,98.67,1.32,0.02
484030154,29249,347,0,98.83,1.17,0.0
484030155,104221,711,0,99.32,0.68,0.0
484030156,52604,913,0,98.29,1.71,0.0
484030157,6225,213,0,96.69,3.31,0.0
484030158,4920,115,0,97.72,2.28,0.0
484030159,16740,181,10,98.87,1.07,0.06
484030160,8716,187,0,97.9,2.1,0.0
484030161,9333,71,0,99.25,0.75,0.0
484030162,15985,299,0,98.16,1.84,0.0
484030163,10199,556,0,94.83,5.17,0.0
484030164,5410,118,0,97.87,2.13,0.0
484030165,19420,373,0,98.12,1.88,0.0
484030166,95980,3145,0,96.83,3.17,0.0
484030167,94382,927,0,99.03,0.97,0.0
484030168,90703,1536,0,98.33,1.67,0.0
484030169,4456,21,0,99.53,0.47,0.0
484030170,11542,122,0,98.95,1.05,0.0
484030171,12772,114,0,99.12,0.88,0.0
484030172,4233,52,0,98.79,1.21,0.0
484030173,10469,373,0,96.56,3.44,0.0
484030174,37399,360,0,99.05,0.95,0.0
484030175,19533,52,0,99.73,0.27,0.0
484030176,60610,595,0,99.03,0.97,0.0
484030177,7882,50,0,99.37,0.63,0.0
484030178,5438,100,0,98.19,1.81,0.0
484030179,7111,87,0,98.79,1.21,0.0
484030180,5913,78,0,98.7,1.3,0.0
484030181,16816,399,0,97.68,2.32,0.0
484030182,153271,642,8,99.58,0.42,0.01
484030183,2247,13,0,99.42,0.58,0.0
484030184,30023,41,0,99.86,0.14,0.0
484030185,20018,116,10,99.37,0.58,0.05
484030186,604228,241,0,99.96,0.04,0.0
484030187,12276,192,0,98.46,1.54,0.0
484030188,5802,100,0,98.31,1.69,0.0
484030189,17631,173,0,99.03,0.97,0.0
484030190,10933,135,0,98.78,1.22,0.0
484030191,6225,535,0,92.09,7.91,0.0
484030192,11820,44,0,99.63,0.37,0.0
484030193,12444,126,0,99.0,1.0,0.0
484030194,13577,949,0,93.47,6.53,0.0
484030195,13655,866,0,94.04,5.96,0.0
484031001,6488,52,0,99.2,0.8,0.0
484031002,16610,66,0,99.6,0.4,0.0
484031003,12158,108,3,99.1,0.88,0.02
484031004,6090,18,0,99.71,0.29,0.0
484031005,2156,9,0,99.58,0.42,0.0
484031006,8971,168,0,98.16,1.84,0.0
484031007,7471,19,0,99.75,0.25,0.0
484031008,3869,69,0,98.25,1.75,0.0
484031009,4455,12,0,99.73,0.27,0.0
484031010,2611,136,0,95.05,4.95,0.0
484031011,8299,71,0,99.15,0.85,0.0
484031012,3654,62,0,98.33,1.67,0.0
484031013,16479,73,0,99.56,0.44,0.0
484031014,1689,26,0,98.48,1.52,0.0
484031015,5525,37,0,99.33,0.67,0.0
484031016,3057,40,0,98.71,1.29,0.0
484031017,4517,125,1,97.29,2.69,0.02
484031018,3290,33,0,99.01,0.99,0.0
484031019,37854,859,0,97.78,2.22,0.0
484031020,4482,8,0,99.82,0.18,0.0
484031021,8986,279,0,96.99,3.01,0.0
484031022,4228,82,0,98.1,1.9,0.0
484031023,4846,7,0,99.86,0.14,0.0
484031024,3206,21,0,99.35,0.65,0.0
484031025,5924,37,0,99.38,0.62,0.0
484031026,3616,6,0,99.83,0.17,0.0
484031027,8287,37,0,99.56,0.44,0.0
484031028,2889,25,0,99.14,0.86,0.0
484031029,6152,85,0,98.64,1.36,0.0
484031030,3866,101,0,97.45,2.55,0.0
484031031,2773,45,0,98.4,1.6,0.0
484031032,16177,530,0,96.83,3.17,0.0
484031033,21155,45,0,99.79,0.21,0.0
484031034,6470,44,0,99.32,0.68,0.0
484031035,6285,61,0,99.04,0.96,0.0
484031036,7999,71,0,99.12,0.88,0.0
484031037,5208,41,0,99.22,0.78,0.0
484031038,35015,105,0,99.7,0.3,0.0
484031039,4157,12,0,99.71,0.29,0.0
484031040,28401,96,0,99.66,0.34,0.0
484031041,140632,695,54,99.47,0.49,0.04
484031042,5517,38,0,99.32,0.68,0.0
484031043,3349,56,0,98.36,1.64,0.0
484031044,7439,37,0,99.51,0.49,0.0
484031045,2636,20,0,99.25,0.75,0.0
484031046,3263,29,0,99.12,0.88,0.0
484031047,5884,50,0,99.16,0.84,0.0
484031048,23494,176,0,99.26,0.74,0.0
484031049,3883,73,0,98.15,1.85,0.0
484031050,990312,1675,144,99.82,0.17,0.01
484031051,3412,15,0,99.56,0.44,0.0
484031052,37502,201,0,99.47,0.53,0.0
484031053,13351,120,0,99.11,0.89,0.0
484031054,2985,6,0,99.8,0.2,0.0
484031055,7032,39,0,99.45,0.55,0.0
484031056,33465,365,0,98.92,1.08,0.0
484031057,7699,61,0,99.21,0.79,0.0
484031058,25181,725,0,97.2,2.8,0.0
484031059,65543,214,0,99.67,0.33,0.0
484031060,964,9,0,99.08,0.92,0.0
484031061,3903,71,0,98.21,1.79,0.0
484031062,4862,29,0,99.41,0.59,0.0
484031063,5602,12,0,99.79,0.21,0.0
484031064,1689,14,0,99.18,0.82,0.0
484031065,2114,3,0,99.86,0.14,0.0
484031066,4158,57,0,98.65,1.35,0.0
484031067,9986,55,0,99.45,0.55,0.0
484031068,3169,10,0,99.69,0.31,0.0
484031069,8800,159,0,98.23,1.77,0.0
484031070,3945,25,0,99.37,0.63,0.0
484031071,1914,30,0,98.46,1.54,0.0
484031072,1850,7,0,99.62,0.38,0.0
484031073,5713,129,0,97.79,2.21,0.0
484031074,3752,23,0,99.39,0.61,0.0
484031075,6739,162,0,97.65,2.35,0.0
484031076,17505,388,6,97.8,2.17,0.03
484031077,2647,26,0,99.03,0.97,0.0
484031078,3718,24,0,99.36,0.64,0.0
484031079,44378,443,0,99.01,0.99,0.0
484031080,10972,38,0,99.65,0.35,0.0
484031081,3245,68,0,97.95,2.05,0.0
484031082,3502,9,0,99.74,0.26,0.0
484031083,1883,17,0,99.11,0.89,0.0
484031084,7009,29,0,99.59,0.41,0.0
484031085,16370,250,0,98.5,1.5,0.0
484031086,2098,37,0,98.27,1.73,0.0
484031087,5403,61,0,98.88,1.12,0.0
484031088,1896,21,0,98.9,1.1,0.0
484031089,40212,105,0,99.74,0.26,0.0
484031090,7420,63,0,99.16,0.84,0.0
484031091,12349,147,8,98.76,1.18,0.06
484031092,7606,241,0,96.93,3.07,0.0
484031093,18354,47,0,99.74,0.26,0.0
484031094,5334,96,0,98.23,1.77,0.0
484031095,5677,16,0,99.72,0.28,0.0
484031096,77755,2509,0,96.87,3.13,0.0
484031097,3584,47,0,98.71,1.29,0.0
484031098,15085,230,0,98.5,1.5,0.0
484031099,4113,77,0,98.16,1.84,0.0
484031100,4010,8,0,99.8,0.2,0.0
484031101,68893,135,0,99.8,0.2,0.0
484031102,84358,772,0,99.09,0.91,0.0
484031103,3427,24,0,99.3,0.7,0.0
484031104,15694,584,0,96.41,3.59,0.0
484031105,3274,19,2,99.36,0.58,0.06
484031106,2199,9,0,99.59,0.41,0.0
484032001,6220,22,0,99.65,0.35,0.0
484032002,4899,30,0,99.39,0.61,0.0
484032003,2270,6,0,99.74,0.26,0.0
484032004,12506,53,0,99.58,0.42,0.0
484032005,52252,43,0,99.92,0.08,0.0
484032006,8221,33,0,99.6,0.4,0.0
484032007,14458,98,0,99.33,0.67,0.0
484032008,13366,77,15,99.32,0.57,0.11
484032009,9990,70,0,99.3,0.7,0.0
484032010,239024,623,0,99.74,0.26,0.0
484032011,3297,62,0,98.15,1.85,0.0
484032012,8058,110,0,98.65,1.35,0.0
484032013,20089,78,0,99.61,0.39,0.0
484032014,1571,5,0,99.68,0.32,0.0
484032015,23393,110,0,99.53,0.47,0.0
484032016,231002,624,0,99.73,0.27,0.0
484032017,4536,13,0,99.71,0.29,0.0
484032018,25035,121,0,99.52,0.48,0.0
484032019,59475,205,0,99.66,0.34,0.0
484032020,4255,185,0,95.83,4.17,0.0
484032021,19679,32,0,99.84,0.16,0.0
484032022,12172,39,0,99.68,0.32,0.0
484032023,53248,119,8,99.76,0.22,0.01
484032024,13140,20,0,99.85,0.15,0.0
484032025,17631,86,0,99.51,0.49,0.0
484032026,2686,34,0,98.75,1.25,0.0
484032027,2439,12,0,99.51,0.49,0.0
484032028,23593,17,0,99.93,0.07,0.0
484032029,2442,5,0,99.8,0.2,0.0
484032030,8587,68,0,99.21,0.79,0.0
484032031,13183,12,0,99.91,0.09,0.0
484032032,4500,25,0,99.45,0.55,0.0
484032033,27797,45,18,99.77,0.16,0.06
484032034,16197,87,0,99.47,0.53,0.0
484032035,43858,202,0,99.54,0.46,0.0
484032036,17514,63,0,99.64,0.36,0.0
484032037,71807,347,0,99.52,0.48,0.0
484032038,64373,6,0,99.99,0.01,0.0
484032039,21798,34,0,99.84,0.16,0.0
484032040,63014,557,0,99.12,0.88,0.0
484032041,1331,34,0,97.51,2.49,0.0
484032042,16508,70,0,99.58,0.42,0.0
484032043,8259,48,0,99.42,0.58,0.0
484032044,6460,25,0,99.61,0.39,0.0
484032045,26936,249,0,99.08,0.92,0.0
484032046,31515,838,0,97.41,2.59,0.0
484032047,10248,28,0,99.73,0.27,0.0
484032048,34426,171,0,99.51,0.49,0.0
484032049,19451,27,0,99.86,0.14,0.0
484032050,13057,91,0,99.31,0.69,0.0
484032051,19312,114,0,99.41,0.59,0.0
484032052,31257,105,0,99.67,0.33,0.0
484032053,147206,639,0,99.57,0.43,0.0
