GEOLEV2,INDIG_YES_POP,INDIG_NO_POP,INDIG_UK_POP,INDIG_YES_PCT,INDIG_NO_PCT,INDIGS_UK_PCT
484001001,65768,912268,212,6.72,93.26,0.02
484001002,1643,46632,0,3.4,96.6,0.0
484001003,2308,52564,147,4.19,95.54,0.27
484001004,1030,14905,24,6.45,93.4,0.15
484001005,7966,114554,24,6.5,93.48,0.02
484001006,3277,95086,14,3.33,96.65,0.01
484001007,599,8269,0,6.75,93.25,0.0
484001008,609,20573,0,2.88,97.12,0.0
484002001,89228,441185,1636,16.77,82.92,0.31
484002002,48948,954007,1637,4.87,94.96,0.16
484002004,147503,1895647,6830,7.2,92.47,0.33
484003001,89817,664111,2965,11.87,87.74,0.39
484004001,50141,5938,129,89.21,10.56,0.23
484004003,330518,427879,16356,42.66,55.23,2.11
484004004,26443,4083,14,86.58,13.37,0.05
484004005,96,8125,48,1.16,98.26,0.58
484004006,8989,1909,0,82.48,17.52,0.0
484005001,3,977,2,0.31,99.49,0.2
484005002,1247,152472,68,0.81,99.14,0.04
484005003,254,21561,19,1.16,98.75,0.09
484005004,1032,26911,161,3.67,95.76,0.57
484005005,13,1544,0,0.83,99.17,0.0
484005006,29,27505,42,0.11,99.74,0.15
484005007,10,11933,28,0.08,99.68,0.23
484005008,6,2888,1,0.21,99.76,0.03
484005009,739,54132,207,1.34,98.28,0.38
484005010,211,77143,170,0.27,99.51,0.22
484005011,305,10987,9,2.7,97.22,0.08
484005012,76,1490,0,4.85,95.15,0.0
484005013,0,1616,1,0.0,99.94,0.06
484005014,53,8801,3,0.6,99.37,0.03
484005015,3,1496,0,0.2,99.8,0.0
484005016,9,1683,1,0.53,99.41,0.06
484005017,2745,109536,153,2.44,97.42,0.14
484005018,7536,217272,926,3.34,96.25,0.41
484005019,56,7449,9,0.75,99.13,0.12
484005020,663,66825,63,0.98,98.93,0.09
484005021,21,6250,0,0.33,99.67,0.0
484005022,397,30942,10,1.27,98.7,0.03
484005023,218,8778,26,2.42,97.3,0.29
484005024,1364,40469,113,3.25,96.48,0.27
484005025,1146,164388,195,0.69,99.19,0.12
484005026,7,3040,4,0.23,99.64,0.13
484005027,4420,109701,491,3.86,95.72,0.43
484005028,1925,59382,130,3.13,96.66,0.21
484005029,3,2335,5,0.13,99.66,0.21
484005030,21289,805902,5503,2.56,96.78,0.66
484005031,313,23095,110,1.33,98.2,0.47
484005032,118,39620,246,0.3,99.09,0.62
484005033,362,94469,242,0.38,99.36,0.25
484005034,33,6043,12,0.54,99.26,0.2
484005035,16130,664896,2541,2.36,97.27,0.37
484005036,421,18624,48,2.2,97.54,0.25
484005037,149,5614,27,2.57,96.96,0.47
484005038,111,12279,10,0.9,99.02,0.08
484006001,12582,195112,704,6.04,93.62,0.34
484006002,21388,127612,93,14.35,85.59,0.06
484006003,10414,10384,49,49.95,49.81,0.24
484006004,2811,17090,8,14.12,85.84,0.04
484006005,3974,25998,14,13.25,86.7,0.05
484006006,2605,2801,0,48.19,51.81,0.0
484006007,2740,6967,14,28.19,71.67,0.14
484006008,18768,91700,12,16.99,83.0,0.01
484006009,16639,127568,114,11.53,88.39,0.08
484007001,232,16556,44,1.38,98.36,0.26
484007002,11201,124890,160,8.22,91.66,0.12
484007003,394,24699,112,1.56,97.99,0.44
484007004,30244,3481,0,89.68,10.32,0.0
484007005,17619,4972,23,77.91,21.99,0.1
484007006,3304,26403,83,11.09,88.63,0.28
484007007,9613,882,1,91.59,8.4,0.01
484007008,2470,35051,38,6.58,93.32,0.1
484007009,2972,36113,73,7.59,92.22,0.19
484007010,494,6417,6,7.14,92.77,0.09
484007011,846,18099,53,4.45,95.27,0.28
484007012,5257,55778,29,8.61,91.34,0.05
484007013,21862,12206,158,63.88,35.66,0.46
484007014,21212,1139,2,94.9,5.1,0.01
484007015,800,45827,66,1.71,98.15,0.14
484007016,2007,14509,16,12.14,87.76,0.1
484007017,10025,71286,308,12.28,87.34,0.38
484007018,6149,3035,0,66.95,33.05,0.0
484007019,11966,145365,0,7.61,92.39,0.0
484007020,4298,42664,0,9.15,90.85,0.0
484007021,12351,8458,39,59.24,40.57,0.19
484007022,19517,208,0,98.95,1.05,0.0
484007023,92211,1563,17,98.32,1.67,0.02
484007024,12114,101,4,99.14,0.83,0.03
484007025,6523,335,3,95.07,4.88,0.04
484007026,50161,1201,1,97.66,2.34,0.0
484007028,423,5417,1,7.24,92.74,0.02
484007029,633,4417,18,12.49,87.15,0.36
484007030,1742,32770,16,5.05,94.91,0.05
484007031,124170,1739,0,98.62,1.38,0.0
484007032,1827,27047,77,6.31,93.42,0.27
484007033,6297,416,14,93.61,6.18,0.21
484007034,6311,69354,0,8.34,91.66,0.0
484007035,96,13364,29,0.71,99.07,0.21
484007036,633,6495,25,8.85,90.8,0.35
484007037,908,33439,6,2.64,97.34,0.02
484007038,20195,1119,50,94.53,5.24,0.23
484007039,20434,5262,36,79.41,20.45,0.14
484007040,3881,46205,7,7.75,92.24,0.01
484007041,3843,39640,0,8.84,91.16,0.0
484007042,6811,3622,38,65.05,34.59,0.36
484007043,6439,3831,20,62.58,37.23,0.19
484007044,8449,18728,16,31.07,68.87,0.06
484007045,2320,3445,0,40.24,59.76,0.0
484007046,5048,33641,0,13.05,86.95,0.0
484007047,16505,6391,33,71.98,27.87,0.14
484007048,5031,15494,58,24.44,75.28,0.28
484007049,32304,309,0,99.05,0.95,0.0
484007050,246,4733,6,4.93,94.94,0.12
484007051,2987,40346,53,6.88,92.99,0.12
484007052,107819,37288,11,74.3,25.69,0.01
484007053,2273,5187,12,30.42,69.42,0.16
484007054,233,26108,22,0.88,99.03,0.08
484007055,746,4797,7,13.44,86.43,0.13
484007056,12067,107,2,99.1,0.88,0.02
484007057,5715,65241,44,8.05,91.89,0.06
484007058,2192,2260,0,49.24,50.76,0.0
484007059,244792,39590,87,86.05,13.92,0.03
484007060,12448,328,0,97.43,2.57,0.0
484007061,42926,90471,329,32.1,67.65,0.25
484007062,3355,13747,147,19.45,79.7,0.85
484007063,747,2979,0,20.05,79.95,0.0
484007064,49445,1061,8,97.88,2.1,0.02
484007065,74253,48867,110,60.26,39.66,0.09
484007066,21835,2410,9,90.03,9.94,0.04
484007067,8798,2445,18,78.13,21.71,0.16
484007068,3226,26909,107,10.67,88.98,0.35
484007069,2736,46021,27,5.61,94.34,0.06
484007070,2438,9033,19,21.22,78.62,0.17
484007071,1021,26338,30,3.73,96.16,0.11
484007072,36132,21212,282,62.7,36.81,0.49
484007074,2637,39691,232,6.2,93.26,0.55
484007075,5680,21513,0,20.89,79.11,0.0
484007076,26002,1656,5,94.0,5.99,0.02
484007077,56701,2946,12,95.04,4.94,0.02
484007078,97970,105333,290,48.12,51.74,0.14
484007079,4747,34773,18,12.01,87.95,0.05
484007080,184,27819,10915,0.47,71.48,28.05
484007081,39225,14065,179,73.36,26.3,0.33
484007082,13604,684,1,95.21,4.79,0.01
484007083,2481,15512,15,13.78,86.14,0.08
484007084,3764,4205,14,47.15,52.67,0.18
484007085,5083,5032,9,50.21,49.7,0.09
484007086,368,23898,18,1.52,98.41,0.07
484007087,597,38370,21,1.53,98.41,0.05
484007088,1241,926,0,57.27,42.73,0.0
484007089,8052,321043,1217,2.44,97.19,0.37
484007090,4047,97,0,97.66,2.34,0.0
484007093,43433,885,3,98.0,2.0,0.01
484007094,29302,16911,11,63.39,36.58,0.02
484007095,76465,1037,8,98.65,1.34,0.01
484007096,1196,85595,170,1.38,98.43,0.2
484007097,1868,4860,12,27.72,72.11,0.18
484007098,11445,66569,0,14.67,85.33,0.0
484007099,34611,695,0,98.03,1.97,0.0
484007100,31202,540486,2671,5.43,94.1,0.47
484007101,936,37636,132,2.42,97.24,0.34
484007102,2099,26491,0,7.34,92.66,0.0
484007103,1096,14724,0,6.93,93.07,0.0
484007104,1543,13516,16,10.24,89.66,0.11
484007105,44910,18236,103,71.01,28.83,0.16
484007106,4693,71319,535,6.13,93.17,0.7
484007107,3028,100821,41,2.91,97.05,0.04
484007108,32544,4478,6,87.89,12.09,0.02
484007109,3824,3161,17,54.61,45.14,0.24
484007110,41550,696,6,98.34,1.65,0.01
484008001,1382,12332,179,9.95,88.76,1.29
484008002,1476,23326,21,5.95,93.97,0.08
484008003,338,7714,41,4.18,95.32,0.51
484008004,436,19758,61,2.15,97.55,0.3
484008005,629,24089,41,2.54,97.29,0.17
484008006,674,4831,10,12.22,87.6,0.18
484008007,53768,18678,30,74.19,25.77,0.04
484008008,11346,10311,122,52.1,47.34,0.56
484008009,2499,21305,15,10.49,89.45,0.06
484008010,1135,45941,180,2.4,97.22,0.38
484008011,5134,2427,4,67.87,32.08,0.05
484008012,1129,10031,0,10.12,89.88,0.0
484008013,70,1869,0,3.61,96.39,0.0
484008014,42,1131,8,3.56,95.77,0.68
484008015,145,3385,0,4.11,95.89,0.0
484008016,12776,158658,147,7.45,92.47,0.09
484008017,572,4276,5,11.79,88.11,0.1
484008018,78035,817754,2284,8.69,91.06,0.25
484008019,3116,2737,27,52.99,46.55,0.46
484008020,10895,131318,435,7.64,92.06,0.3
484008021,152,2243,5,6.33,93.46,0.21
484008022,389,5770,2,6.31,93.65,0.03
484008023,87,3576,7,2.37,97.44,0.19
484008024,1366,5351,12,20.3,79.52,0.18
484008025,107,2251,5,4.53,95.26,0.21
484008026,12,3978,0,0.3,99.7,0.0
484008027,26964,19807,145,57.47,42.22,0.31
484008028,3755,3855,52,49.01,50.31,0.68
484008029,10393,23066,127,30.94,68.68,0.38
484008030,6949,103197,163,6.3,93.55,0.15
484008031,55,725,0,7.05,92.95,0.0
484008032,47,4959,1,0.94,99.04,0.02
484008033,783,9387,3,7.7,92.27,0.03
484008034,1763,36496,202,4.58,94.89,0.53
484008035,87116,1352358,2508,6.04,93.78,0.17
484008036,160,4564,0,3.39,96.61,0.0
484008037,299,3561,0,7.75,92.25,0.0
484008038,5902,17841,16,24.84,75.09,0.07
484008039,701,517,2,57.46,42.38,0.16
484008040,14,1127,5,1.22,98.34,0.44
484008041,93,2543,2,3.53,96.4,0.08
484008042,458,3628,2,11.2,88.75,0.05
484008043,1114,41349,0,2.62,97.38,0.0
484008044,5142,1435,0,78.18,21.82,0.0
484008045,884,3260,9,21.29,78.5,0.22
484008046,1189,20467,57,5.48,94.26,0.26
484008047,1967,658,1,74.9,25.06,0.04
484008048,5817,56390,125,9.33,90.47,0.2
484008049,1954,5542,42,25.92,73.52,0.56
484008050,267,22635,212,1.16,97.93,0.92
484008051,55,4801,17,1.13,98.52,0.35
484008052,85,7206,4,1.17,98.78,0.05
484008053,348,15854,4,2.15,97.83,0.02
484008054,330,1674,0,16.47,83.53,0.0
484008055,846,1272,5,39.85,59.92,0.24
484008056,36,2553,1,1.39,98.57,0.04
484008057,447,4284,26,9.4,90.06,0.55
484008058,1762,9144,23,16.12,83.67,0.21
484008059,116,3206,1,3.49,96.48,0.03
484008060,110,28002,121,0.39,99.18,0.43
484008061,2257,2811,14,44.41,55.31,0.28
484008062,130,1250,1,9.41,90.51,0.07
484008063,10823,5029,0,68.28,31.72,0.0
484008064,3983,2161,1,64.82,35.17,0.02
484008065,174,4357,4,3.84,96.07,0.09
484009001,440685,4799683,26312,8.37,91.13,0.5
484009002,220874,1965482,734,10.1,89.87,0.03
484009003,19846,219300,314,8.29,91.58,0.13
484009004,42554,103518,0,29.13,70.87,0.0
484009005,36635,342060,45,9.67,90.32,0.01
484009006,64754,607811,844,9.62,90.26,0.13
484010001,3977,51773,38,7.13,92.8,0.07
484010002,12,4010,0,0.3,99.7,0.0
484010003,85,3764,0,2.21,97.79,0.0
484010004,2063,30892,0,6.26,93.74,0.0
484010005,45188,605512,1656,6.93,92.82,0.25
484010006,171,9228,12,1.82,98.06,0.13
484010007,23206,324061,2121,6.64,92.75,0.61
484010008,602,33930,62,1.74,98.08,0.18
484010009,1497,7701,33,16.22,83.43,0.36
484010010,147,3514,3,4.01,95.91,0.08
484010011,158,4373,8,3.48,96.34,0.18
484010012,4162,149795,290,2.7,97.11,0.19
484010013,1563,23258,215,6.24,92.9,0.86
484010014,37962,4874,158,88.3,11.34,0.37
484010015,15,12209,13,0.12,99.77,0.11
484010016,1380,16592,4,7.68,92.3,0.02
484010017,1445,6171,33,18.89,80.68,0.43
484010018,1052,8766,28,10.68,89.03,0.28
484010019,139,4438,0,3.04,96.96,0.0
484010020,88,12000,0,0.73,99.27,0.0
484010021,173,10323,0,1.65,98.35,0.0
484010022,3048,21213,10,12.56,87.4,0.04
484010023,8609,38925,0,18.11,81.89,0.0
484010024,504,11593,41,4.15,95.51,0.34
484010025,306,2399,13,11.26,88.26,0.48
484010026,49,15964,47,0.31,99.4,0.29
484010027,41,4951,5,0.82,99.08,0.1
484010028,215,11163,0,1.89,98.11,0.0
484010029,0,1974,1,0.0,99.95,0.05
484010030,83,1459,0,5.38,94.62,0.0
484010031,1315,5050,5,20.64,79.28,0.08
484010032,3700,41945,0,8.11,91.89,0.0
484010033,1352,5138,6,20.81,79.09,0.09
484010034,3755,20264,162,15.53,83.8,0.67
484010035,1784,9002,6,16.53,83.41,0.06
484010036,1335,18479,209,6.67,92.29,1.04
484010037,828,7718,30,9.65,90.0,0.35
484010038,822,21032,53,3.75,96.01,0.24
484011001,531,86569,21,0.61,99.37,0.02
484011002,3684,99155,685,3.56,95.78,0.66
484011003,1609,164015,240,0.97,98.89,0.14
484011004,8084,52089,189,13.39,86.29,0.31
484011005,11927,100122,183,10.63,89.21,0.16
484011006,2189,2879,3,43.17,56.77,0.06
484011007,42158,451276,3895,8.48,90.74,0.78
484011008,1802,37027,29,4.64,95.29,0.07
484011009,1978,75112,187,2.56,97.2,0.24
484011010,920,9623,4,8.72,91.24,0.04
484011011,5304,88003,19,5.68,94.3,0.02
484011012,1000,28089,22,3.44,96.49,0.08
484011013,736,24857,11,2.87,97.08,0.04
484011014,20182,130264,799,13.34,86.13,0.53
484011015,8452,175211,616,4.59,95.08,0.33
484011016,842,19147,72,4.2,95.44,0.36
484011017,18862,534959,2436,3.39,96.17,0.44
484011018,4545,32084,74,12.38,87.42,0.2
484011019,491,46572,40,1.04,98.87,0.08
484011020,132562,1483183,10004,8.15,91.23,0.62
484011021,736,44634,178,1.62,97.99,0.39
484011022,1166,21918,39,5.04,94.79,0.17
484011023,1408,143337,773,0.97,98.5,0.53
484011024,318,11380,8,2.72,97.22,0.07
484011025,3383,75326,51,4.3,95.64,0.06
484011026,678,61055,68,1.1,98.79,0.11
484011027,10487,248906,1032,4.03,95.58,0.4
484011028,4978,85141,320,5.5,94.14,0.35
484011029,535,38067,13,1.39,98.58,0.03
484011030,1743,108823,213,1.57,98.23,0.19
484011031,2325,120216,266,1.89,97.89,0.22
484011032,3403,80651,381,4.03,95.52,0.45
484011033,8859,111926,171,7.32,92.53,0.14
484011034,709,4667,3,13.18,86.76,0.06
484011035,1690,76264,112,2.16,97.69,0.14
484011036,572,5811,0,8.96,91.04,0.0
484011037,10487,179046,2348,5.47,93.31,1.22
484011038,223,10513,47,2.07,97.5,0.44
484011039,1725,32572,20,5.03,94.92,0.06
484011040,14304,4386,36,76.39,23.42,0.19
484011041,1081,57724,51,1.84,98.08,0.09
484011042,14053,126774,256,9.96,89.86,0.18
484011043,9064,10773,38,45.61,54.2,0.19
484011044,6828,55274,120,10.97,88.83,0.19
484011045,835,9553,9,8.03,91.88,0.09
484011046,2790,62388,96,4.27,95.58,0.15
484012001,143118,595783,4317,19.26,80.16,0.58
484012002,20123,2968,100,86.77,12.8,0.43
484012003,1803,32943,108,5.17,94.52,0.31
484012004,18749,532,0,97.24,2.76,0.0
484012005,5547,1660,18,76.78,22.98,0.25
484012006,2202,8135,19,21.26,78.55,0.18
484012007,1350,29735,119,4.33,95.29,0.38
484012008,5842,2696,12,68.33,31.53,0.14
484012009,5162,86,2,98.32,1.64,0.04
484012010,25214,1037,1,96.05,3.95,0.0
484012011,3233,54388,189,5.59,94.08,0.33
484012012,24739,40026,104,38.14,61.7,0.16
484012013,11597,23257,35,33.24,66.66,0.1
484012014,930,13876,12,6.28,93.64,0.08
484012015,2815,9557,10,22.73,77.18,0.08
484012016,172,11348,37,1.49,98.19,0.32
484012017,2644,12006,35,18.0,81.76,0.24
484012018,3217,10371,19,23.64,76.22,0.14
484012019,13825,575,2,95.99,3.99,0.01
484012020,19225,423,0,97.85,2.15,0.0
484012021,5911,63472,264,8.49,91.13,0.38
484012022,1277,34621,417,3.52,95.34,1.15
484012023,6214,18860,5,24.78,75.2,0.02
484012024,6935,329,26,95.13,4.51,0.36
484012025,5428,10465,3,34.15,65.83,0.02
484012026,3368,4441,9,43.08,56.8,0.12
484012027,70,19182,88,0.36,99.18,0.46
484012028,84583,46691,552,64.16,35.42,0.42
484012029,60148,202833,1436,22.75,76.71,0.54
484012030,2641,18160,41,12.67,87.13,0.2
484012031,551,5262,23,9.44,90.16,0.39
484012032,578,33722,205,1.68,97.73,0.59
484012033,12413,3860,63,75.99,23.63,0.39
484012034,13437,20765,145,39.12,60.46,0.42
484012035,30584,114049,624,21.06,78.52,0.43
484012036,5613,5449,0,50.74,49.26,0.0
484012037,4114,1662,10,71.1,28.72,0.17
484012038,18687,124443,1120,12.95,86.27,0.78
484012039,3955,20702,34,16.02,83.84,0.14
484012040,1008,23472,158,4.09,95.27,0.64
484012041,37250,779,34,97.86,2.05,0.09
484012042,14559,2729,57,83.94,15.73,0.33
484012043,35221,1108,9,96.93,3.05,0.02
484012044,5726,6035,5,48.67,51.29,0.04
484012045,21928,4296,63,83.42,16.34,0.24
484012046,36515,27204,177,57.15,42.58,0.28
484012047,2099,4505,1,31.78,68.21,0.02
484012048,2966,38774,397,7.04,92.02,0.94
484012049,1489,10501,89,12.33,86.94,0.74
484012050,1165,34876,80,3.23,96.55,0.22
484012051,20282,13224,117,60.32,39.33,0.35
484012052,26599,16231,89,61.97,37.82,0.21
484012053,4034,43420,79,8.49,91.35,0.17
484012054,720,21656,0,3.22,96.78,0.0
484012055,17119,82845,374,17.06,82.57,0.37
484012056,5225,37661,163,12.14,87.48,0.38
484012057,2377,58931,57,3.87,96.03,0.09
484012058,7977,42114,247,15.85,83.66,0.49
484012059,9922,18780,129,34.41,65.14,0.45
484012060,2857,9902,23,22.35,77.47,0.18
484012061,20095,20403,179,49.4,50.16,0.44
484012062,19921,1168,0,94.46,5.54,0.0
484012063,8907,463,0,95.06,4.94,0.0
484012064,70,10965,51,0.63,98.91,0.46
484012065,4832,2199,6,68.67,31.25,0.09
484012066,79756,8344,416,90.1,9.43,0.47
484012067,3225,17553,26,15.5,84.37,0.12
484012068,10484,493,6,95.46,4.49,0.05
484012069,5515,1824,13,75.01,24.81,0.18
484012070,27455,484,1,98.26,1.73,0.0
484012071,46857,713,3,98.49,1.5,0.01
484012072,89,16089,127,0.55,98.68,0.78
484012073,19404,1194,13,94.14,5.79,0.06
484012074,20673,29257,71,41.35,58.51,0.14
484013001,1465,19506,19,6.98,92.93,0.09
484013002,34145,8699,119,79.48,20.25,0.28
484013003,16420,41781,257,28.09,71.47,0.44
484013004,3785,5973,4,38.77,61.19,0.04
484013005,4555,13487,4,25.24,74.74,0.02
484013006,14959,3299,28,81.81,18.04,0.15
484013007,2022,10009,0,16.81,83.19,0.0
484013008,6813,37522,109,15.33,84.43,0.25
484013009,7584,11258,19,40.21,59.69,0.1
484013010,4308,25808,92,14.26,85.43,0.3
484013011,18618,299,10,98.37,1.58,0.05
484013012,1437,27098,62,5.03,94.76,0.22
484013013,11029,48377,89,18.54,81.31,0.15
484013014,13258,2280,66,84.97,14.61,0.42
484013015,17211,1208,15,93.37,6.55,0.08
484013016,4044,53433,63,7.03,92.86,0.11
484013017,2765,9610,0,22.34,77.66,0.0
484013018,8161,13411,92,37.67,61.9,0.42
484013019,22197,18365,138,54.54,45.12,0.34
484013020,258,2247,1,10.3,89.66,0.04
484013021,5350,9212,47,36.62,63.06,0.32
484013022,749,14901,40,4.77,94.97,0.25
484013023,11999,22807,17,34.46,65.49,0.05
484013024,305,16183,101,1.84,97.55,0.61
484013025,18697,1019,56,94.56,5.15,0.28
484013026,12009,166,3,98.61,1.36,0.02
484013027,20348,1094,118,94.38,5.07,0.55
484013028,110826,9481,180,91.98,7.87,0.15
484013029,6563,38389,210,14.53,85.0,0.46
484013030,75853,17855,49,80.9,19.04,0.05
484013031,780,10947,0,6.65,93.35,0.0
484013032,9531,233,29,97.32,2.38,0.3
484013033,863,1944,4,30.7,69.16,0.14
484013034,6982,1957,21,77.92,21.84,0.23
484013035,3501,8910,0,28.21,71.79,0.0
484013036,838,8266,2,9.2,90.78,0.02
484013037,6840,13275,7,33.99,65.97,0.03
484013038,876,7569,41,10.32,89.19,0.48
484013039,1066,12730,3,7.73,92.25,0.02
484013040,853,8523,6,9.09,90.84,0.06
484013041,15211,29977,53,33.62,66.26,0.12
484013042,3802,7141,27,34.66,65.1,0.25
484013043,5710,171,17,96.81,2.9,0.29
484013044,256,16003,54,1.57,98.1,0.33
484013045,1151,7740,0,12.95,87.05,0.0
484013046,34177,2195,137,93.61,6.01,0.38
484013047,2795,1800,5,60.76,39.13,0.11
484013048,58682,239191,1916,19.57,79.79,0.64
484013049,2574,14679,181,14.76,84.2,1.04
484013050,35439,160028,226,18.11,81.78,0.12
484013051,7775,29653,12,20.77,79.2,0.03
484013052,15361,1527,0,90.96,9.04,0.0
484013053,24406,10932,21,69.02,30.92,0.06
484013054,16309,1187,42,92.99,6.77,0.24
484013055,1305,36564,15,3.44,96.52,0.04
484013056,327,14169,18,2.25,97.62,0.12
484013057,14377,2383,4,85.76,14.21,0.02
484013058,27610,8325,137,76.54,23.08,0.38
484013059,13944,2517,0,84.71,15.29,0.0
484013060,20657,33365,284,38.04,61.44,0.52
484013061,27281,1676,157,93.7,5.76,0.54
484013062,21255,64889,272,24.6,75.09,0.31
484013063,3143,7222,0,30.32,69.68,0.0
484013064,7298,22288,43,24.63,75.22,0.15
484013065,1496,10868,69,12.03,87.41,0.55
484013066,9037,43575,16,17.17,82.8,0.03
484013067,11852,1716,12,87.28,12.64,0.09
484013068,18268,141805,599,11.37,88.26,0.37
484013069,2661,5923,15,30.95,68.88,0.17
484013070,71,10695,12,0.66,99.23,0.11
484013071,31189,4073,131,88.12,11.51,0.37
484013072,4092,23237,65,14.94,84.83,0.24
484013073,2185,18260,18,10.68,89.23,0.09
484013074,17228,91864,512,15.72,83.81,0.47
484013075,33936,125008,593,21.27,78.36,0.37
484013076,16886,458,41,97.13,2.63,0.24
484013077,3264,3457,10,48.49,51.36,0.15
484013078,22358,924,33,95.9,3.96,0.14
484013079,17387,18364,146,48.44,51.16,0.41
484013080,3605,16989,35,17.48,82.35,0.17
484013081,6361,49257,36,11.43,88.51,0.06
484013082,24806,12909,13,65.75,34.22,0.03
484014001,605,21174,8,2.78,97.19,0.04
484014002,2308,20119,48,10.27,89.52,0.21
484014003,1085,21135,12,4.88,95.07,0.05
484014004,121,5283,8,2.24,97.62,0.15
484014005,265,15277,0,1.71,98.29,0.0
484014006,3130,54613,39,5.42,94.52,0.07
484014007,526,8443,6,5.86,94.07,0.07
484014008,1424,91964,187,1.52,98.28,0.2
484014009,821,18791,95,4.17,95.35,0.48
484014010,1944,5382,2,26.53,73.44,0.03
484014011,368,4924,10,6.94,92.87,0.19
484014012,192,3817,0,4.79,95.21,0.0
484014013,1587,58353,39,2.65,97.29,0.07
484014014,18,8178,2,0.22,99.76,0.02
484014015,5710,55988,17,9.25,90.72,0.03
484014016,807,38222,147,2.06,97.56,0.38
484014017,3325,8837,32,27.27,72.47,0.26
484014018,1316,62770,237,2.05,97.59,0.37
484014019,3847,2440,2,61.17,38.8,0.03
484014020,1780,8561,24,17.17,82.6,0.23
484014021,757,18642,77,3.89,95.72,0.4
484014022,4602,32791,391,12.18,86.79,1.03
484014023,6156,102291,196,5.67,94.15,0.18
484014024,1094,26684,83,3.93,95.78,0.3
484014025,1264,17212,31,6.83,93.0,0.17
484014026,56,5952,2,0.93,99.03,0.03
484014027,11809,5497,75,67.94,31.63,0.43
484014028,375,1689,1,18.16,81.79,0.05
484014029,146,16726,44,0.86,98.88,0.26
484014030,4184,47757,52,8.05,91.85,0.1
484014031,1460,1583,0,47.98,52.02,0.0
484014032,741,4834,17,13.25,86.44,0.3
484014033,378,19492,84,1.89,97.68,0.42
484014034,211,1671,0,11.21,88.79,0.0
484014035,240,49718,132,0.48,99.26,0.26
484014036,1880,16894,57,9.98,89.71,0.3
484014037,2438,22037,17,9.95,89.98,0.07
484014038,107,3877,2,2.68,97.27,0.05
484014039,49765,1274791,6251,3.74,95.79,0.47
484014040,80,8233,11,0.96,98.91,0.13
484014041,209,5445,6,3.69,96.2,0.11
484014042,2705,6644,23,28.86,70.89,0.25
484014043,1997,19919,191,9.03,90.1,0.86
484014044,5378,59008,0,8.35,91.65,0.0
484014045,2486,16832,23,12.85,87.03,0.12
484014046,581,30346,61,1.87,97.93,0.2
484014047,2805,20244,51,12.14,87.64,0.22
484014048,520,17232,25,2.93,96.93,0.14
484014049,16,8232,24,0.19,99.52,0.29
484014050,9892,34105,83,22.44,77.37,0.19
484014051,1333,27772,19,4.58,95.36,0.07
484014052,408,4847,14,7.74,91.99,0.27
484014053,5707,156497,532,3.51,96.17,0.33
484014054,570,4562,15,11.07,88.63,0.29
484014055,1776,18709,47,8.65,91.12,0.23
484014056,161,1585,1,9.22,90.73,0.06
484014057,84,3798,0,2.16,97.84,0.0
484014058,1127,12646,0,8.18,91.82,0.0
484014059,851,12373,41,6.42,93.28,0.31
484014060,4,5036,16,0.08,99.6,0.32
484014061,15470,3894,27,79.78,20.08,0.14
484014062,191,3271,1,5.52,94.46,0.03
484014063,13075,87568,268,12.96,86.78,0.27
484014064,507,30610,191,1.62,97.77,0.61
484014065,36,10796,9,0.33,99.58,0.08
484014066,12231,37484,219,24.49,75.07,0.44
484014067,21989,252926,1464,7.96,91.51,0.53
484014068,3096,7537,54,28.97,70.52,0.51
484014069,575,6752,19,7.83,91.91,0.26
484014070,14459,193439,278,6.95,92.92,0.13
484014071,113,2625,2,4.12,95.8,0.07
484014072,423,6801,3,5.85,94.11,0.04
484014073,2539,65181,212,3.74,95.95,0.31
484014074,455,15376,23,2.87,96.98,0.15
484014075,646,2910,4,18.15,81.74,0.11
484014076,184,2689,3,6.4,93.5,0.1
484014077,129,26577,26,0.48,99.42,0.1
484014078,756,29477,55,2.5,97.32,0.18
484014079,2694,12720,15,17.46,82.44,0.1
484014080,295,4503,6,6.14,93.73,0.12
484014081,17,3352,2,0.5,99.44,0.06
484014082,1274,33775,18,3.63,96.32,0.05
484014083,15133,68268,43,18.14,81.81,0.05
484014084,1488,12767,8,10.43,89.51,0.06
484014085,2061,34388,209,5.62,93.81,0.57
484014086,829,18739,59,4.22,95.48,0.3
484014087,105,15698,4,0.66,99.31,0.03
484014088,940,14865,0,5.95,94.05,0.0
484014089,419,3448,0,10.84,89.16,0.0
484014090,520,6475,0,7.43,92.57,0.0
484014091,796,36717,125,2.11,97.55,0.33
484014092,72,10462,9,0.68,99.23,0.09
484014093,1953,140319,293,1.37,98.42,0.21
484014094,2033,39817,34,4.85,95.06,0.08
484014095,936,8266,10,10.16,89.73,0.11
484014096,1584,19581,103,7.45,92.07,0.48
484014097,49919,640062,627,7.23,92.68,0.09
484014098,36402,614242,2346,5.57,94.07,0.36
484014099,1438,8348,3,14.69,85.28,0.03
484014100,3178,31100,75,9.25,90.53,0.22
484014101,22737,518487,1087,4.19,95.61,0.2
484014102,175,5573,0,3.04,96.96,0.0
484014103,417,6791,4,5.78,94.16,0.06
484014104,86,3879,2,2.17,97.78,0.05
484014105,1097,21176,72,4.91,94.77,0.32
484014106,529,3817,0,12.17,87.83,0.0
484014107,510,5797,13,8.07,91.72,0.21
484014108,22697,12808,23,63.88,36.05,0.06
484014109,577,17321,44,3.22,96.54,0.25
484014110,2160,10953,0,16.47,83.53,0.0
484014111,49,6229,18,0.78,98.94,0.29
484014112,61,5771,8,1.04,98.82,0.14
484014113,1329,13222,5,9.13,90.84,0.03
484014114,927,16767,47,5.23,94.51,0.26
484014115,761,4441,10,14.6,85.21,0.19
484014116,827,18001,63,4.38,95.29,0.33
484014117,108,4090,0,2.57,97.43,0.0
484014118,282,20968,40,1.32,98.49,0.19
484014119,1710,26633,24,6.03,93.89,0.08
484014120,117902,1287542,7825,8.34,91.1,0.55
484014121,3739,27700,10,11.89,88.08,0.03
484014122,3652,3409,6,51.68,48.24,0.08
484014123,4005,14237,7,21.95,78.02,0.04
484014124,3035,57829,154,4.97,94.77,0.25
484015001,39774,24228,272,61.88,37.69,0.42
484015002,10553,148891,69,6.62,93.34,0.04
484015003,25261,20927,186,54.47,45.13,0.4
484015004,2532,11786,39,17.64,82.09,0.27
484015005,36691,123618,350,22.84,76.94,0.22
484015006,1689,10356,4,14.02,85.95,0.03
484015007,11752,10463,98,52.67,46.89,0.44
484015008,829,22964,80,3.47,96.19,0.34
484015009,2738,48110,173,5.37,94.29,0.34
484015010,8053,22294,90,26.46,73.25,0.3
484015011,374608,3847562,37906,8.79,90.32,0.89
484015012,2004,10304,20,16.26,83.58,0.16
484015013,37089,463601,3540,7.36,91.94,0.7
484015014,68624,34332,240,66.5,33.27,0.23
484015015,1755,28321,138,5.81,93.73,0.46
484015016,960,26842,64,3.45,96.33,0.23
484015017,521,8938,2,5.51,94.47,0.02
484015018,10011,55168,19,15.35,84.62,0.03
484015019,3608,31511,115,10.24,89.43,0.33
484015020,26454,256071,1365,9.32,90.2,0.48
484015021,1223,34594,162,3.4,96.15,0.45
484015022,1386,13080,47,9.55,90.13,0.32
484015023,1088,37728,170,2.79,96.77,0.44
484015024,84843,1210139,6192,6.52,93.0,0.48
484015025,103484,643531,3932,13.78,85.7,0.52
484015026,25840,4145,25,86.1,13.81,0.08
484015027,641,11599,8,5.23,94.7,0.07
484015028,3752,24800,84,13.1,86.6,0.29
484015029,20484,169699,1677,10.68,88.45,0.87
484015030,3410,22846,109,12.93,86.65,0.41
484015031,17559,16720,174,50.97,48.53,0.51
484015032,662,9507,13,6.5,93.37,0.13
484015033,13865,141116,405,8.92,90.82,0.26
484015034,9803,34689,102,21.98,77.79,0.23
484015035,34041,237157,1791,12.47,86.87,0.66
484015036,3065,8188,12,27.21,72.69,0.11
484015037,68115,448344,2366,13.13,86.42,0.46
484015038,2252,32587,145,6.44,93.15,0.41
484015039,2047,3988,15,33.83,65.92,0.25
484015040,105794,44326,916,70.05,29.35,0.61
484015041,6364,22579,51,21.95,77.87,0.18
484015042,5210,36016,203,12.58,86.93,0.49
484015043,9726,73567,399,11.62,87.9,0.48
484015044,1639,17292,42,8.64,91.14,0.22
484015045,53953,18558,240,74.16,25.51,0.33
484015046,42411,23661,134,64.06,35.74,0.2
484015047,1911,12585,87,13.1,86.3,0.6
484015048,485,25112,27,1.89,98.0,0.11
484015049,31648,129470,1567,19.45,79.58,0.96
484015050,3208,23281,92,12.07,87.59,0.35
484015051,3933,54108,245,6.75,92.83,0.42
484015052,17171,215729,770,7.35,92.32,0.33
484015053,629,12500,8,4.79,95.15,0.06
484015054,22752,8369,59,72.97,26.84,0.19
484015055,99559,699801,3640,12.4,87.15,0.45
484015056,8805,45512,89,16.18,83.65,0.16
484015057,73279,339016,907,17.73,82.05,0.22
484015058,152,9662,24,1.55,98.21,0.24
484015059,22358,46274,125,32.52,67.3,0.18
484015060,4361,29768,10,12.77,87.2,0.03
484015061,21304,13457,64,61.17,38.64,0.18
484015062,1348,32177,63,4.01,95.8,0.19
484015063,11,4567,0,0.24,99.76,0.0
484015064,31073,53019,204,36.86,62.9,0.24
484015065,4109,24675,37,14.26,85.61,0.13
484015066,710,3916,1,15.34,84.63,0.02
484015067,45903,243658,1286,15.78,83.78,0.44
484015068,4426,9702,28,31.27,68.54,0.2
484015069,932,14335,23,6.1,93.75,0.15
484015070,4558,26029,24,14.89,85.03,0.08
484015071,188430,40063,593,82.25,17.49,0.26
484015072,452,27297,128,1.62,97.92,0.46
484015073,12277,79864,279,13.28,86.41,0.3
484015074,41,6250,10,0.65,99.19,0.16
484015075,13,9090,17,0.14,99.67,0.19
484015076,2548,11103,47,18.6,81.06,0.34
484015077,388,22130,108,1.71,97.81,0.48
484015078,28479,500551,1069,5.37,94.43,0.2
484015079,2998,97766,500,2.96,96.55,0.49
484015080,673,12639,78,5.03,94.39,0.58
484015081,5392,36077,153,12.95,86.68,0.37
484015082,42565,19795,258,67.98,31.61,0.41
484015083,6149,26693,83,18.68,81.07,0.25
484015084,59943,39718,476,59.86,39.66,0.48
484015085,12797,83915,478,13.17,86.34,0.49
484015086,210,10626,9,1.94,97.98,0.08
484015087,28192,56512,189,33.21,66.57,0.22
484015088,1403,60333,502,2.25,96.94,0.81
484015089,4008,51834,186,7.15,92.51,0.33
484015090,5598,25215,95,18.11,81.58,0.31
484015091,580,18812,74,2.98,96.64,0.38
484015092,4058,33754,25,10.72,89.21,0.07
484015093,422,16829,51,2.44,97.27,0.29
484015094,1989,3442,12,36.54,63.24,0.22
484015095,3985,40859,75,8.87,90.96,0.17
484015096,11900,67272,314,14.97,84.63,0.4
484015097,7796,7831,21,49.82,50.04,0.13
484015098,2728,44049,241,5.8,93.69,0.51
484015099,955,28772,49,3.21,96.63,0.16
484015100,225741,641466,3254,25.93,73.69,0.37
484015101,1413,10798,36,11.54,88.17,0.29
484015102,13448,136806,419,8.93,90.8,0.28
484015103,3718,54092,407,6.39,92.91,0.7
484015104,30114,19660,141,60.33,39.39,0.28
484015105,18971,29185,146,39.28,60.42,0.3
484015106,1950,62188,260,3.03,96.57,0.4
484015107,44906,55345,415,44.61,54.98,0.41
484015108,19201,32416,112,37.12,62.67,0.22
484015109,673,4113,0,14.06,85.94,0.0
484015110,70,12600,29,0.55,99.22,0.23
484015111,31963,161772,133,16.49,83.44,0.07
484015112,647,16773,10,3.71,96.23,0.06
484015113,30914,236171,489,11.55,88.26,0.18
484016001,1970,8637,20,18.54,81.27,0.19
484016002,1520,11980,243,11.06,87.17,1.77
484016003,3483,18015,77,16.14,83.5,0.36
484016004,17290,87270,345,16.48,83.19,0.33
484016005,864,9372,41,8.41,91.19,0.4
484016006,4891,113162,534,4.12,95.43,0.45
484016007,1226,2101,0,36.85,63.15,0.0
484016008,16309,5928,176,72.77,26.45,0.79
484016009,3463,30206,142,10.24,89.34,0.42
484016010,1316,17710,68,6.89,92.75,0.36
484016011,1271,9755,15,11.51,88.35,0.14
484016012,3357,38825,337,7.9,91.31,0.79
484016013,38,8357,29,0.45,99.2,0.34
484016014,3830,11979,82,24.1,75.38,0.52
484016015,3352,14568,229,18.47,80.27,1.26
484016016,9818,10092,40,49.21,50.59,0.2
484016017,10189,37725,205,21.17,78.4,0.43
484016018,220,8757,32,2.44,97.2,0.36
484016019,450,18368,24,2.39,97.48,0.13
484016020,2779,25588,93,9.76,89.91,0.33
484016021,12241,437,0,96.55,3.45,0.0
484016022,3732,17126,124,17.79,81.62,0.59
484016023,1353,8549,6,13.66,86.28,0.06
484016024,17723,1375,103,92.3,7.16,0.54
484016025,31065,6806,111,81.79,17.92,0.29
484016026,1168,3209,3,26.67,73.26,0.07
484016027,552,4201,11,11.59,88.18,0.23
484016028,933,4104,5,18.5,81.4,0.1
484016029,312,11113,45,2.72,96.89,0.39
484016030,62,11300,11,0.55,99.36,0.1
484016031,12198,2616,0,82.34,17.66,0.0
484016032,2580,17490,127,12.77,86.6,0.63
484016033,30124,87709,256,25.51,74.27,0.22
484016034,2651,25766,242,9.25,89.91,0.84
484016035,311,10771,44,2.8,96.81,0.4
484016036,1417,6246,9,18.47,81.41,0.12
484016037,5354,33489,243,13.7,85.68,0.62
484016038,895,7651,9,10.46,89.43,0.11
484016039,3363,13910,34,19.43,80.37,0.2
484016040,3620,11428,5,24.05,75.92,0.03
484016041,1583,11927,42,11.68,88.01,0.31
484016042,18019,46555,138,27.84,71.94,0.21
484016043,2715,9657,20,21.91,77.93,0.16
484016044,4045,43476,54,8.5,91.38,0.11
484016045,116,14016,0,0.82,99.18,0.0
484016046,1787,16849,83,9.55,90.01,0.44
484016047,393,5059,16,7.19,92.52,0.29
484016048,1133,16439,17,6.44,93.46,0.1
484016049,10046,72674,314,12.1,87.52,0.38
484016050,19597,165056,1049,10.55,88.88,0.56
484016051,93027,712071,3298,11.51,88.08,0.41
484016052,412,7208,19,5.39,94.36,0.25
484016053,661,41878,123,1.55,98.16,0.29
484016054,26693,3763,40,87.53,12.34,0.13
484016055,149,7428,31,1.96,97.63,0.41
484016056,14404,5190,83,73.2,26.38,0.42
484016057,1501,7022,4,17.6,82.35,0.05
484016058,352,8601,37,3.92,95.67,0.41
484016059,13888,9044,83,60.34,39.3,0.36
484016060,5203,14741,44,26.03,73.75,0.22
484016061,1698,12343,48,12.05,87.61,0.34
484016062,625,24482,53,2.48,97.31,0.21
484016063,30490,6673,34,81.97,17.94,0.09
484016064,36801,55583,311,39.7,59.96,0.34
484016065,2627,13046,41,16.72,83.02,0.26
484016066,6548,20941,98,23.74,75.91,0.36
484016067,14175,85920,536,14.09,85.38,0.53
484016068,1769,13001,15,11.96,87.93,0.1
484016069,1588,11571,21,12.05,87.79,0.16
484016070,10074,15466,70,39.34,60.39,0.27
484016071,860,9222,0,8.53,91.47,0.0
484016072,28494,44658,434,38.72,60.69,0.59
484016073,8146,65753,250,10.99,88.68,0.34
484016074,335,16140,134,2.02,97.18,0.81
484016075,1040,11244,27,8.45,91.33,0.22
484016076,15806,30842,44,33.85,66.05,0.09
484016077,4429,14026,25,23.97,75.9,0.14
484016078,4620,3872,16,54.3,45.51,0.19
484016079,5209,68058,308,7.08,92.5,0.42
484016080,4170,26992,65,13.35,86.44,0.21
484016081,16685,12957,41,56.21,43.65,0.14
484016082,10579,22486,53,31.94,67.9,0.16
484016083,143,14572,11,0.97,98.95,0.07
484016084,1751,12855,89,11.92,87.48,0.61
484016085,14421,94286,120,13.25,86.64,0.11
484016086,2553,20223,79,11.17,88.48,0.35
484016087,11857,3485,22,77.17,22.68,0.14
484016088,6024,8212,6,42.3,57.66,0.04
484016089,24,12078,14,0.2,99.69,0.12
484016090,1653,24988,64,6.19,93.57,0.24
484016091,762,5355,10,12.44,87.4,0.16
484016092,2355,9329,19,20.12,79.71,0.16
484016093,131,5462,33,2.33,97.08,0.59
484016094,1121,25692,239,4.14,94.97,0.88
484016095,2113,21986,64,8.74,90.99,0.26
484016096,657,12659,91,4.9,94.42,0.68
484016097,11040,3040,14,78.33,21.57,0.1
484016098,1526,6640,17,18.65,81.14,0.21
484016099,109896,224327,1485,32.74,66.82,0.44
484016100,3659,18282,117,16.59,82.88,0.53
484016101,1882,13097,3,12.56,87.42,0.02
484016102,1754,18028,81,8.83,90.76,0.41
484016103,1466,28641,48,4.86,94.98,0.16
484016104,21955,50620,207,30.17,69.55,0.28
484016105,32830,161504,364,16.86,82.95,0.19
484016106,256,2846,6,8.24,91.57,0.19
484016107,2293,43915,86,4.95,94.86,0.19
484016108,10592,6516,56,61.71,37.96,0.33
484016109,42519,105023,626,28.7,70.88,0.42
484017001,3034,13649,100,18.08,81.33,0.6
484017002,6722,17338,60,27.87,71.88,0.25
484017003,11006,25871,38,29.81,70.08,0.1
484017004,17791,67176,87,20.92,78.98,0.1
484017005,1696,7543,0,18.36,81.64,0.0
484017006,47288,129161,480,26.73,73.0,0.27
484017007,72656,287446,3644,19.97,79.02,1.0
484017008,17070,85594,50,16.62,83.33,0.05
484017009,7568,15940,30,32.15,67.72,0.13
484017010,7316,10219,6,41.71,58.26,0.03
484017011,36679,169757,742,17.7,81.94,0.36
484017012,7320,47529,27,13.34,86.61,0.05
484017013,6935,8773,36,44.05,55.72,0.23
484017014,2221,6903,25,24.28,75.45,0.27
484017015,11708,13658,73,46.02,53.69,0.29
484017016,5212,13027,0,28.58,71.42,0.0
484017017,31833,32518,129,49.37,50.43,0.2
484017018,19401,97122,138,16.63,83.25,0.12
484017019,7956,18842,32,29.65,70.23,0.12
484017020,23110,29470,103,43.87,55.94,0.2
484017021,765,6486,30,10.51,89.08,0.41
484017022,14574,6915,10,67.79,32.16,0.05
484017023,4380,3132,13,58.21,41.62,0.17
484017024,7383,42289,36,14.85,85.07,0.07
484017025,4971,27438,8,15.33,84.64,0.02
484017026,9402,9050,17,50.91,49.0,0.09
484017027,5678,6429,6,46.88,53.08,0.05
484017028,17684,49592,192,26.21,73.5,0.28
484017029,24108,77241,107,23.76,76.13,0.11
484017030,9611,43756,16,18.0,81.97,0.03
484017031,5646,28783,81,16.36,83.4,0.23
484017032,12388,12516,3,49.74,50.25,0.01
484018001,10644,24628,161,30.04,69.51,0.45
484018002,3421,11151,6,23.47,76.49,0.04
484018003,1587,9314,63,14.47,84.95,0.57
484018004,25196,223389,1423,10.08,89.35,0.57
484018005,9601,1581,1,85.85,14.14,0.01
484018006,2989,24530,178,10.79,88.57,0.64
484018007,5593,12564,77,30.67,68.9,0.42
484018008,5069,56372,15,8.25,91.73,0.02
484018009,39665,2613,130,93.53,6.16,0.31
484018010,14189,17525,62,44.65,55.15,0.2
484018011,6031,16687,37,26.5,73.33,0.16
484018012,2809,36814,38,7.08,92.82,0.1
484018013,642,6703,20,8.72,91.01,0.27
484018014,4189,18951,30,18.08,81.79,0.13
484018015,2594,87193,5,2.89,97.11,0.01
484018016,6973,28409,116,19.64,80.03,0.33
484018017,38400,364200,1048,9.51,90.23,0.26
484018018,206,28541,4,0.72,99.27,0.01
484018019,6295,6532,7,49.05,50.9,0.05
484019001,50,2758,2,1.78,98.15,0.07
484019002,62,3202,0,1.9,98.1,0.0
484019003,1,1356,0,0.07,99.93,0.0
484019004,363,32853,205,1.09,98.3,0.61
484019005,488,16461,91,2.86,96.6,0.53
484019006,31346,589208,1502,5.04,94.72,0.24
484019007,252,14095,0,1.76,98.24,0.0
484019008,175,3330,2,4.99,94.95,0.06
484019009,13215,101233,96,11.54,88.38,0.08
484019010,6588,90264,429,6.77,92.79,0.44
484019011,290,6776,0,4.1,95.9,0.0
484019012,5720,59122,157,8.8,90.96,0.24
484019013,39,9508,3,0.41,99.56,0.03
484019014,791,33195,88,2.32,97.42,0.26
484019015,10,1299,7,0.76,98.71,0.53
484019016,143,2954,1,4.62,95.35,0.03
484019017,210,38322,109,0.54,99.17,0.28
484019018,57777,314953,1093,15.46,84.25,0.29
484019019,3801,121221,2915,2.97,94.75,2.28
484019020,51,5209,6,0.97,98.92,0.11
484019021,44930,410826,682,9.84,90.01,0.15
484019022,128,13374,0,0.95,99.05,0.0
484019023,10,1734,7,0.57,99.03,0.4
484019024,7,5917,8,0.12,99.75,0.13
484019025,10435,85915,67,10.82,89.11,0.07
484019026,29417,585913,2628,4.76,94.81,0.43
484019027,2,1902,0,0.11,99.89,0.0
484019028,57,1256,13,4.3,94.72,0.98
484019029,126,6595,16,1.87,97.89,0.24
484019030,26,3102,0,0.83,99.17,0.0
484019031,31410,413669,1015,7.04,92.73,0.23
484019032,8,5071,12,0.16,99.61,0.24
484019033,315,80305,13,0.39,99.59,0.02
484019034,321,4533,16,6.59,93.08,0.33
484019035,6,1420,0,0.42,99.58,0.0
484019036,81,7036,19,1.14,98.6,0.27
484019037,106,5556,21,1.87,97.77,0.37
484019038,1437,62283,79,2.25,97.62,0.12
484019039,53386,1029022,12479,4.88,93.98,1.14
484019040,32,843,0,3.66,96.34,0.0
484019041,19199,118467,426,13.9,85.79,0.31
484019042,35,5107,0,0.68,99.32,0.0
484019043,6,2266,0,0.26,99.74,0.0
484019044,320,33130,42,0.96,98.92,0.13
484019045,13293,68092,197,16.29,83.46,0.24
484019046,10845,387011,1612,2.71,96.88,0.4
484019047,482,14758,92,3.14,96.26,0.6
484019048,13463,276375,2756,4.6,94.46,0.94
484019049,1350,42928,612,3.01,95.63,1.36
484019050,162,1324,1,10.89,89.04,0.07
484019051,23,3419,9,0.67,99.07,0.26
484020001,770,23,0,97.1,2.9,0.0
484020002,20075,22522,215,46.89,52.61,0.5
484020003,2359,20,0,99.16,0.84,0.0
484020004,655,400,0,62.09,37.91,0.0
484020005,12484,2126,3,85.43,14.55,0.02
484020006,13671,5589,79,70.69,28.9,0.41
484020007,2266,40,0,98.27,1.73,0.0
484020008,561,138,4,79.8,19.63,0.57
484020009,6312,182,0,97.2,2.8,0.0
484020010,5129,7834,9,39.54,60.39,0.07
484020011,988,194,0,83.59,16.41,0.0
484020012,9503,803,0,92.21,7.79,0.0
484020013,1542,1381,0,52.75,47.25,0.0
484020014,21720,4939,188,80.9,18.4,0.7
484020015,4229,824,0,83.69,16.31,0.0
484020016,8778,110,11,98.64,1.24,0.12
484020017,1775,1661,0,51.66,48.34,0.0
484020018,321,396,0,44.77,55.23,0.0
484020019,2542,87,1,96.65,3.31,0.04
484020020,3617,840,0,81.15,18.85,0.0
484020021,4012,9604,52,29.35,70.27,0.38
484020022,689,40,1,94.38,5.48,0.14
484020023,14598,11185,2,56.61,43.38,0.01
484020024,3065,362,0,89.44,10.56,0.0
484020025,4858,5968,0,44.87,55.13,0.0
484020026,7429,1046,34,87.31,12.29,0.4
484020027,2022,57,0,97.26,2.74,0.0
484020028,9208,12683,0,42.06,57.94,0.0
484020029,3890,71,0,98.21,1.79,0.0
484020030,7093,1263,26,84.62,15.07,0.31
484020031,6609,77,42,98.23,1.14,0.62
484020032,283,728,0,27.99,72.01,0.0
484020033,1258,1546,4,44.8,55.06,0.14
484020034,780,433,0,64.3,35.7,0.0
484020035,500,48,1,91.07,8.74,0.18
484020036,4725,216,0,95.63,4.37,0.0
484020037,3185,946,0,77.1,22.9,0.0
484020038,1703,59,1,96.6,3.35,0.06
484020039,40360,33208,435,54.54,44.87,0.59
484020040,5845,75,6,98.63,1.27,0.1
484020041,29329,767,3,97.44,2.55,0.01
484020042,8883,405,34,95.29,4.34,0.36
484020043,96967,9821,1771,89.32,9.05,1.63
484020044,7944,30702,260,20.42,78.91,0.67
484020045,2051,5561,10,26.91,72.96,0.13
484020046,2414,415,0,85.33,14.67,0.0
484020047,76,2,1,96.2,2.53,1.27
484020048,938,353,0,72.66,27.34,0.0
484020049,953,167,0,85.09,14.91,0.0
484020050,3450,31,0,99.11,0.89,0.0
484020051,4434,93,1,97.92,2.05,0.02
484020052,3672,2062,4,63.99,35.94,0.07
484020053,1139,121,0,90.4,9.6,0.0
484020054,341,51,0,86.99,13.01,0.0
484020055,765,2745,0,21.79,78.21,0.0
484020056,453,909,0,33.26,66.74,0.0
484020057,20938,15113,217,57.73,41.67,0.6
484020058,11354,667,0,94.45,5.55,0.0
484020059,24087,21397,606,52.26,46.42,1.31
484020060,2335,20,0,99.15,0.85,0.0
484020061,1114,1602,0,41.02,58.98,0.0
484020062,452,20,0,95.76,4.24,0.0
484020063,1439,2702,0,34.75,65.25,0.0
484020064,6017,2083,13,74.16,25.67,0.16
484020065,990,26,0,97.44,2.56,0.0
484020066,3289,1852,1,63.96,36.02,0.02
484020067,120721,137027,1694,46.53,52.82,0.65
484020068,10330,12318,37,45.54,54.3,0.16
484020069,1152,1698,0,40.42,59.58,0.0
484020070,5719,343,12,94.16,5.65,0.2
484020071,1158,1921,0,37.61,62.39,0.0
484020072,6071,1533,0,79.84,20.16,0.0
484020073,19113,13295,264,58.5,40.69,0.81
484020074,433,6,0,98.63,1.37,0.0
484020075,1403,1169,0,54.55,45.45,0.0
484020076,1868,1348,0,58.08,41.92,0.0
484020077,2088,2106,0,49.79,50.21,0.0
484020078,745,508,0,59.46,40.54,0.0
484020079,33923,46349,483,42.01,57.39,0.6
484020080,754,765,0,49.64,50.36,0.0
484020081,1680,111,0,93.8,6.2,0.0
484020082,3708,211,0,94.62,5.38,0.0
484020083,4752,6051,24,43.89,55.89,0.22
484020084,1486,2555,0,36.77,63.23,0.0
484020085,23478,563,0,97.66,2.34,0.0
484020086,879,17,0,98.1,1.9,0.0
484020087,3476,1769,0,66.27,33.73,0.0
484020088,2152,552,1,79.56,20.41,0.04
484020089,718,1503,1,32.31,67.64,0.05
484020090,4352,1544,0,73.81,26.19,0.0
484020091,2011,4066,0,33.09,66.91,0.0
484020092,1268,420,0,75.12,24.88,0.0
484020093,417,70,0,85.63,14.37,0.0
484020094,1630,127,0,92.77,7.23,0.0
484020095,4085,158,0,96.28,3.72,0.0
484020096,592,124,0,82.68,17.32,0.0
484020097,1629,34,0,97.96,2.04,0.0
484020098,3877,76,0,98.08,1.92,0.0
484020099,17,343,0,4.72,95.28,0.0
484020100,362,12,1,96.53,3.2,0.27
484020101,550,160,0,77.46,22.54,0.0
484020102,2927,2198,0,57.11,42.89,0.0
484020103,5308,471,0,91.85,8.15,0.0
484020104,2372,158,0,93.75,6.25,0.0
484020105,7057,146,2,97.95,2.03,0.03
484020106,236,8,0,96.72,3.28,0.0
484020107,10789,14024,139,43.24,56.2,0.56
484020108,2496,191,0,92.89,7.11,0.0
484020109,5930,4678,49,55.64,43.9,0.46
484020110,1509,14,1,99.02,0.92,0.07
484020111,4433,127,3,97.15,2.78,0.07
484020112,2412,89,1,96.4,3.56,0.04
484020113,2616,365,0,87.76,12.24,0.0
484020114,632,13,0,97.98,2.02,0.0
484020115,4845,4805,14,50.13,49.72,0.14
484020116,3857,44,0,98.87,1.13,0.0
484020117,2072,25,0,98.81,1.19,0.0
484020118,2226,91,0,96.07,3.93,0.0
484020119,688,27,0,96.22,3.78,0.0
484020120,275,15,0,94.83,5.17,0.0
484020121,551,26,0,95.49,4.51,0.0
484020122,603,19,0,96.95,3.05,0.0
484020123,1302,1352,0,49.06,50.94,0.0
484020124,18161,588,9,96.82,3.13,0.05
484020125,10398,621,0,94.36,5.64,0.0
484020126,4955,151,0,97.04,2.96,0.0
484020127,1165,26,0,97.82,2.18,0.0
484020128,1206,43,0,96.56,3.44,0.0
484020129,299,40,0,88.2,11.8,0.0
484020130,4842,55,0,98.88,1.12,0.0
484020131,10558,322,11,96.94,2.96,0.1
484020132,941,327,0,74.21,25.79,0.0
484020133,3639,57,1,98.43,1.54,0.03
484020134,25985,557,134,97.41,2.09,0.5
484020135,6798,939,14,87.7,12.11,0.18
484020136,11271,104,61,98.56,0.91,0.53
484020137,2477,748,0,76.81,23.19,0.0
484020138,407,24,0,94.43,5.57,0.0
484020139,1912,142,0,93.09,6.91,0.0
484020140,681,86,0,88.79,11.21,0.0
484020141,7667,497,2,93.89,6.09,0.02
484020142,795,22,0,97.31,2.69,0.0
484020143,6953,2061,0,77.14,22.86,0.0
484020144,901,79,0,91.94,8.06,0.0
484020145,3042,1942,3,61.0,38.94,0.06
484020146,2582,24,0,99.08,0.92,0.0
484020147,219,143,0,60.5,39.5,0.0
484020148,2004,43,0,97.9,2.1,0.0
484020149,972,938,2,50.84,49.06,0.1
484020150,5549,7547,2,42.37,57.62,0.02
484020151,222,78,0,74.0,26.0,0.0
484020152,2000,194,3,91.03,8.83,0.14
484020153,2329,2333,0,49.96,50.04,0.0
484020154,1548,657,0,70.2,29.8,0.0
484020155,566,441,0,56.21,43.79,0.0
484020156,3256,226,3,93.43,6.48,0.09
484020157,4824,11319,54,29.78,69.88,0.33
484020158,1958,112,0,94.59,5.41,0.0
484020159,3616,1597,0,69.37,30.63,0.0
484020160,704,650,0,51.99,48.01,0.0
484020161,2200,408,1,84.32,15.64,0.04
484020162,1531,405,0,79.08,20.92,0.0
484020163,1439,43,0,97.1,2.9,0.0
484020164,2503,203,0,92.5,7.5,0.0
484020165,920,616,0,59.9,40.1,0.0
484020166,10007,767,0,92.88,7.12,0.0
484020167,682,1332,0,33.86,66.14,0.0
484020168,230,654,0,26.02,73.98,0.0
484020169,3818,91,0,97.67,2.33,0.0
484020170,3514,48,0,98.65,1.35,0.0
484020171,16748,163,0,99.04,0.96,0.0
484020172,365,35,0,91.25,8.75,0.0
484020173,2168,2194,0,49.7,50.3,0.0
484020174,1207,133,0,90.07,9.93,0.0
484020175,2140,399,0,84.29,15.71,0.0
484020176,4915,4663,82,50.88,48.27,0.85
484020177,3401,2998,0,53.15,46.85,0.0
484020178,728,662,0,52.37,47.63,0.0
484020179,840,1406,2,37.37,62.54,0.09
484020180,310,125,0,71.26,28.74,0.0
484020181,2013,28,0,98.63,1.37,0.0
484020182,1158,212,0,84.53,15.47,0.0
484020183,79874,70119,944,52.92,46.46,0.63
484020184,3721,4687,11,44.2,55.67,0.13
484020185,198,295,0,40.16,59.84,0.0
484020186,1672,13,0,99.23,0.77,0.0
484020187,8374,743,0,91.85,8.15,0.0
484020188,2846,84,0,97.13,2.87,0.0
484020189,18658,2177,121,89.03,10.39,0.58
484020190,262,24,0,91.61,8.39,0.0
484020191,908,572,0,61.35,38.65,0.0
484020192,1242,1411,4,46.74,53.11,0.15
484020193,1282,34,0,97.42,2.58,0.0
484020194,1000,22,0,97.85,2.15,0.0
484020195,380,15,0,96.2,3.8,0.0
484020196,2998,160,0,94.93,5.07,0.0
484020197,25311,2972,34,89.38,10.5,0.12
484020198,268,210,0,56.07,43.93,0.0
484020199,3430,90,0,97.44,2.56,0.0
484020200,1720,51,0,97.12,2.88,0.0
484020201,3857,429,2,89.95,10.0,0.05
484020202,2255,1065,0,67.92,32.08,0.0
484020203,563,50,0,91.84,8.16,0.0
484020204,15726,143,25,98.94,0.9,0.16
484020205,1782,530,0,77.08,22.92,0.0
484020206,16568,1429,3,92.04,7.94,0.02
484020207,6470,131,0,98.02,1.98,0.0
484020208,576,8,0,98.63,1.37,0.0
484020209,5390,64,0,98.83,1.17,0.0
484020210,3001,143,2,95.39,4.55,0.06
484020211,2896,10,0,99.66,0.34,0.0
484020212,3805,66,0,98.3,1.7,0.0
484020213,1883,52,1,97.26,2.69,0.05
484020214,626,166,0,79.04,20.96,0.0
484020215,1143,24,0,97.94,2.06,0.0
484020216,2925,85,0,97.18,2.82,0.0
484020217,503,24,0,95.45,4.55,0.0
484020218,2247,284,2,88.71,11.21,0.08
484020219,2449,91,0,96.42,3.58,0.0
484020220,1138,305,0,78.86,21.14,0.0
484020221,1356,18,0,98.69,1.31,0.0
484020222,406,5,0,98.78,1.22,0.0
484020223,503,112,0,81.79,18.21,0.0
484020224,5238,375,0,93.32,6.68,0.0
484020225,2063,776,0,72.67,27.33,0.0
484020226,8925,8697,35,50.55,49.26,0.2
484020227,771,2,0,99.74,0.26,0.0
484020228,8293,112,0,98.67,1.33,0.0
484020229,745,141,1,83.99,15.9,0.11
484020230,2969,50,0,98.34,1.66,0.0
484020231,20428,377,0,98.19,1.81,0.0
484020232,1600,51,0,96.91,3.09,0.0
484020233,6626,98,0,98.54,1.46,0.0
484020234,1804,1772,0,50.45,49.55,0.0
484020235,1264,17,0,98.67,1.33,0.0
484020236,564,918,0,38.06,61.94,0.0
484020237,563,381,0,59.64,40.36,0.0
484020238,922,56,0,94.27,5.73,0.0
484020239,2480,45,1,98.18,1.78,0.04
484020240,786,202,0,79.55,20.45,0.0
484020241,11277,311,0,97.32,2.68,0.0
484020242,1482,403,2,78.54,21.36,0.11
484020243,2649,1094,0,70.77,29.23,0.0
484020244,818,424,0,65.86,34.14,0.0
484020245,549,24,0,95.81,4.19,0.0
484020246,1384,106,0,92.89,7.11,0.0
484020247,14418,197,3,98.63,1.35,0.02
484020248,3450,161,0,95.54,4.46,0.0
484020249,1039,152,0,87.24,12.76,0.0
484020250,666,464,1,58.89,41.03,0.09
484020251,2111,23,1,98.88,1.08,0.05
484020252,1359,569,0,70.49,29.51,0.0
484020253,1168,1850,5,38.64,61.2,0.17
484020254,1628,240,0,87.15,12.85,0.0
484020255,139,81,0,63.18,36.82,0.0
484020256,994,17,0,98.32,1.68,0.0
484020257,578,95,0,85.88,14.12,0.0
484020258,1805,208,0,89.67,10.33,0.0
484020259,2043,28,0,98.65,1.35,0.0
484020260,5147,1305,0,79.77,20.23,0.0
484020261,904,34,0,96.38,3.62,0.0
484020262,2645,390,0,87.15,12.85,0.0
484020263,1936,48,0,97.58,2.42,0.0
484020264,6303,103,0,98.39,1.61,0.0
484020265,6295,1875,0,77.05,22.95,0.0
484020266,235,5,0,97.92,2.08,0.0
484020267,479,615,0,43.78,56.22,0.0
484020268,3948,91,10,97.51,2.25,0.25
484020269,1124,46,0,96.07,3.93,0.0
484020270,2883,59,5,97.83,2.0,0.17
484020271,5731,93,0,98.4,1.6,0.0
484020272,3295,259,0,92.71,7.29,0.0
484020273,1204,25,0,97.97,2.03,0.0
484020274,6820,77,0,98.88,1.12,0.0
484020275,667,4,0,99.4,0.6,0.0
484020276,5720,5871,23,49.25,50.55,0.2
484020277,34380,1407,276,95.33,3.9,0.77
484020278,2623,126,0,95.42,4.58,0.0
484020279,1799,137,2,92.83,7.07,0.1
484020280,220,74,0,74.83,25.17,0.0
484020281,606,21,0,96.65,3.35,0.0
484020282,810,191,0,80.92,19.08,0.0
484020283,2713,227,1,92.25,7.72,0.03
484020284,2305,1175,0,66.24,33.76,0.0
484020285,2758,187,0,93.65,6.35,0.0
484020286,266,34,0,88.67,11.33,0.0
484020287,561,1,0,99.82,0.18,0.0
484020288,301,853,0,26.08,73.92,0.0
484020289,492,510,0,49.1,50.9,0.0
484020290,2965,1125,0,72.49,27.51,0.0
484020291,1257,135,0,90.3,9.7,0.0
484020292,5823,10653,0,35.34,64.66,0.0
484020293,3645,3094,2,54.07,45.9,0.03
484020294,3991,5492,67,41.79,57.51,0.7
484020295,885,22,2,97.36,2.42,0.22
484020296,2542,26,0,98.99,1.01,0.0
484020297,10917,2071,6,84.02,15.94,0.05
484020298,1070,6,0,99.44,0.56,0.0
484020299,5506,759,0,87.89,12.11,0.0
484020300,1113,410,0,73.08,26.92,0.0
484020301,3639,625,0,85.34,14.66,0.0
484020302,1007,27,0,97.39,2.61,0.0
484020303,609,79,0,88.52,11.48,0.0
484020304,4055,153,0,96.36,3.64,0.0
484020305,4147,211,0,95.16,4.84,0.0
484020306,8478,765,0,91.72,8.28,0.0
484020307,2902,242,0,92.3,7.7,0.0
484020308,9424,139,0,98.55,1.45,0.0
484020309,7517,6186,13,54.8,45.1,0.09
484020310,461,3,0,99.35,0.65,0.0
484020311,10358,190,21,98.0,1.8,0.2
484020312,685,25,0,96.48,3.52,0.0
484020313,837,848,0,49.67,50.33,0.0
484020314,1777,32,0,98.23,1.77,0.0
484020315,672,19,4,96.69,2.73,0.58
484020316,1027,159,0,86.59,13.41,0.0
484020317,27979,18646,78,59.91,39.92,0.17
484020318,930,5,0,99.47,0.53,0.0
484020319,653,18,2,97.03,2.67,0.3
484020320,232,477,0,32.72,67.28,0.0
484020321,746,5,0,99.33,0.67,0.0
484020322,2265,22,0,99.04,0.96,0.0
484020323,22795,22366,248,50.2,49.25,0.55
484020324,11064,142,0,98.73,1.27,0.0
484020325,4680,49,0,98.96,1.04,0.0
484020326,6758,7806,123,46.01,53.15,0.84
484020327,300,1053,1,22.16,77.77,0.07
484020328,921,170,0,84.42,15.58,0.0
484020329,3784,289,0,92.9,7.1,0.0
484020330,849,55,0,93.92,6.08,0.0
484020331,296,55,0,84.33,15.67,0.0
484020332,1510,1515,5,49.83,50.0,0.17
484020333,34556,13328,4,72.16,27.83,0.01
484020334,821,17,0,97.97,2.03,0.0
484020335,1600,13,0,99.19,0.81,0.0
484020336,5031,98,2,98.05,1.91,0.04
484020337,4503,5081,7,46.95,52.98,0.07
484020338,3172,948,1,76.97,23.0,0.02
484020339,1516,168,2,89.92,9.96,0.12
484020340,205,20,0,91.11,8.89,0.0
484020341,2267,1667,0,57.63,42.37,0.0
484020342,1428,500,1,74.03,25.92,0.05
484020343,2099,543,0,79.45,20.55,0.0
484020344,2750,1211,0,69.43,30.57,0.0
484020345,1406,60,0,95.91,4.09,0.0
484020346,3504,494,4,87.56,12.34,0.1
484020347,6245,1512,12,80.38,19.46,0.15
484020348,1836,245,0,88.23,11.77,0.0
484020349,5050,11281,21,30.88,68.99,0.13
484020350,1341,1314,0,50.51,49.49,0.0
484020351,4476,41,0,99.09,0.91,0.0
484020352,1419,840,0,62.82,37.18,0.0
484020353,445,10,0,97.8,2.2,0.0
484020354,639,11,0,98.31,1.69,0.0
484020355,1940,131,0,93.67,6.33,0.0
484020356,607,208,0,74.48,25.52,0.0
484020357,726,1153,0,38.64,61.36,0.0
484020358,612,7,0,98.87,1.13,0.0
484020359,3052,749,0,80.29,19.71,0.0
484020360,795,3,0,99.62,0.38,0.0
484020361,1185,257,0,82.18,17.82,0.0
484020362,2326,218,0,91.43,8.57,0.0
484020363,12287,5025,119,70.49,28.83,0.68
484020364,985,40,0,96.1,3.9,0.0
484020365,3073,378,0,89.05,10.95,0.0
484020366,4256,73,0,98.31,1.69,0.0
484020367,798,1155,0,40.86,59.14,0.0
484020368,576,1522,0,27.45,72.55,0.0
484020369,555,75,0,88.1,11.9,0.0
484020370,910,23,0,97.53,2.47,0.0
484020371,1165,50,1,95.81,4.11,0.08
484020372,179,206,0,46.49,53.51,0.0
484020373,1458,94,0,93.94,6.06,0.0
484020374,6012,6545,11,47.84,52.08,0.09
484020375,233,114,0,67.15,32.85,0.0
484020376,9783,492,0,95.21,4.79,0.0
484020377,2331,1217,0,65.7,34.3,0.0
484020378,2689,69,0,97.5,2.5,0.0
484020379,2017,133,0,93.81,6.19,0.0
484020380,1269,1504,0,45.76,54.24,0.0
484020381,1058,62,0,94.46,5.54,0.0
484020382,517,38,1,92.99,6.83,0.18
484020383,4316,202,0,95.53,4.47,0.0
484020384,45742,50023,55,47.74,52.21,0.06
484020385,17498,363,4,97.95,2.03,0.02
484020386,815,1977,0,29.19,70.81,0.0
484020387,2089,570,0,78.56,21.44,0.0
484020388,855,17,0,98.05,1.95,0.0
484020389,16849,30176,192,35.68,63.91,0.41
484020390,3117,57,0,98.2,1.8,0.0
484020391,6010,69,0,98.86,1.14,0.0
484020392,3824,135,0,96.59,3.41,0.0
484020393,2615,18,0,99.32,0.68,0.0
484020394,1506,26,0,98.3,1.7,0.0
484020395,3066,27,0,99.13,0.87,0.0
484020396,27726,9907,283,73.12,26.13,0.75
484020397,3231,1432,0,69.29,30.71,0.0
484020398,20365,19523,0,51.06,48.94,0.0
484020399,2695,3272,0,45.17,54.83,0.0
484020400,12312,13029,80,48.43,51.25,0.31
484020401,211,795,0,20.97,79.03,0.0
484020402,1477,2128,0,40.97,59.03,0.0
484020403,464,270,0,63.22,36.78,0.0
484020404,1230,512,2,70.53,29.36,0.11
484020405,19889,202,0,98.99,1.01,0.0
484020406,8590,399,0,95.56,4.44,0.0
484020407,468,7,0,98.53,1.47,0.0
484020408,3019,5589,8,35.04,64.87,0.09
484020409,2972,190,4,93.87,6.0,0.13
484020410,734,141,0,83.89,16.11,0.0
484020411,2861,124,0,95.85,4.15,0.0
484020412,19941,28340,66,41.25,58.62,0.14
484020413,6547,4822,1,57.58,42.41,0.01
484020414,3258,1337,0,70.9,29.1,0.0
484020415,416,22,0,94.98,5.02,0.0
484020416,8624,505,6,94.41,5.53,0.07
484020417,5834,5398,30,51.8,47.93,0.27
484020418,549,16,0,97.17,2.83,0.0
484020419,1522,36,0,97.69,2.31,0.0
484020420,3177,1322,0,70.62,29.38,0.0
484020421,534,36,0,93.68,6.32,0.0
484020422,363,79,0,82.13,17.87,0.0
484020423,3341,225,0,93.69,6.31,0.0
484020424,1903,56,0,97.14,2.86,0.0
484020425,8228,79,0,99.05,0.95,0.0
484020426,12198,3634,74,76.69,22.85,0.47
484020427,1777,192,0,90.25,9.75,0.0
484020428,629,811,0,43.68,56.32,0.0
484020429,233,74,0,75.9,24.1,0.0
484020430,922,820,0,52.93,47.07,0.0
484020431,856,16,0,98.17,1.83,0.0
484020432,17507,707,35,95.93,3.87,0.19
484020433,3678,73,1,98.03,1.95,0.03
484020434,3288,34,0,98.98,1.02,0.0
484020435,843,8,0,99.06,0.94,0.0
484020436,8822,177,2,98.01,1.97,0.02
484020437,1633,39,0,97.67,2.33,0.0
484020438,17252,6627,16,72.2,27.73,0.07
484020439,745,24,0,96.88,3.12,0.0
484020440,8376,182,51,97.29,2.11,0.59
484020441,211,24,0,89.79,10.21,0.0
484020442,396,16,0,96.12,3.88,0.0
484020443,448,6,0,98.68,1.32,0.0
484020444,1596,5,0,99.69,0.31,0.0
484020445,5619,58,0,98.98,1.02,0.0
484020446,11145,4901,10,69.41,30.52,0.06
484020447,2139,160,2,92.96,6.95,0.09
484020448,1404,1708,1,45.1,54.87,0.03
484020449,12497,263,5,97.9,2.06,0.04
484020450,903,16,0,98.26,1.74,0.0
484020451,4006,197,0,95.31,4.69,0.0
484020452,3441,292,1,92.15,7.82,0.03
484020453,3293,35,0,98.95,1.05,0.0
484020454,1382,1330,0,50.96,49.04,0.0
484020455,1375,210,0,86.75,13.25,0.0
484020456,3161,24,0,99.25,0.75,0.0
484020457,1057,28,0,97.42,2.58,0.0
484020458,3805,831,7,81.95,17.9,0.15
484020459,4622,231,0,95.24,4.76,0.0
484020460,312,191,0,62.03,37.97,0.0
484020461,426,75,0,85.03,14.97,0.0
484020462,285,32,0,89.91,10.09,0.0
484020463,1521,18,0,98.83,1.17,0.0
484020464,12547,424,1,96.72,3.27,0.01
484020465,12814,5069,137,71.11,28.13,0.76
484020466,12849,260,32,97.78,1.98,0.24
484020467,27781,3934,168,87.13,12.34,0.53
484020468,4095,102,6,97.43,2.43,0.14
484020469,392,5,0,98.74,1.26,0.0
484020470,2966,255,0,92.08,7.92,0.0
484020471,1206,19,0,98.45,1.55,0.0
484020472,905,2348,3,27.79,72.11,0.09
484020473,9359,306,9,96.74,3.16,0.09
484020474,310,88,0,77.89,22.11,0.0
484020475,229,1020,1,18.32,81.6,0.08
484020476,938,569,2,62.16,37.71,0.13
484020477,147,22,0,86.98,13.02,0.0
484020478,1270,2,0,99.84,0.16,0.0
484020479,1776,27,0,98.5,1.5,0.0
484020480,27844,24319,202,53.17,46.44,0.39
484020481,3840,6558,0,36.93,63.07,0.0
484020482,3044,1130,0,72.93,27.07,0.0
484020483,409,2497,0,14.07,85.93,0.0
484020484,1796,532,0,77.15,22.85,0.0
484020485,1070,780,0,57.84,42.16,0.0
484020486,107,18,1,84.92,14.29,0.79
484020487,3591,1054,1,77.29,22.69,0.02
484020488,2790,43,0,98.48,1.52,0.0
484020489,4260,181,0,95.92,4.08,0.0
484020490,2490,107,0,95.88,4.12,0.0
484020491,378,148,0,71.86,28.14,0.0
484020492,5676,163,0,97.21,2.79,0.0
484020493,2716,109,0,96.14,3.86,0.0
484020494,1635,125,1,92.84,7.1,0.06
484020495,3885,120,1,96.98,3.0,0.02
484020496,6469,653,8,90.73,9.16,0.11
484020497,1080,754,9,58.6,40.91,0.49
484020498,7193,329,0,95.63,4.37,0.0
484020499,849,110,0,88.53,11.47,0.0
484020500,4708,46,0,99.03,0.97,0.0
484020501,408,3,0,99.27,0.73,0.0
484020502,1393,113,2,92.37,7.49,0.13
484020503,3875,3525,2,52.35,47.62,0.03
484020504,754,3,0,99.6,0.4,0.0
484020505,697,2281,2,23.39,76.54,0.07
484020506,1332,216,1,85.99,13.94,0.06
484020507,10212,350,0,96.69,3.31,0.0
484020508,625,72,1,89.54,10.32,0.14
484020509,3044,83,0,97.35,2.65,0.0
484020510,885,133,1,86.85,13.05,0.1
484020511,7827,666,20,91.94,7.82,0.23
484020512,862,28,0,96.85,3.15,0.0
484020513,44005,20561,53,68.1,31.82,0.08
484020514,4599,342,1,93.06,6.92,0.02
484020515,5393,85,0,98.45,1.55,0.0
484020516,81,28,1,73.64,25.45,0.91
484020517,2025,1220,0,62.4,37.6,0.0
484020518,5627,1410,4,79.92,20.03,0.06
484020519,224,12,2,94.12,5.04,0.84
484020520,1123,17,0,98.51,1.49,0.0
484020521,1230,294,0,80.71,19.29,0.0
484020522,252,67,0,79.0,21.0,0.0
484020523,8313,3640,3,69.53,30.44,0.03
484020524,2325,21,0,99.1,0.9,0.0
484020525,744,122,0,85.91,14.09,0.0
484020526,1327,8,0,99.4,0.6,0.0
484020527,3079,612,0,83.42,16.58,0.0
484020528,2289,194,0,92.19,7.81,0.0
484020529,3735,99,0,97.42,2.58,0.0
484020530,1349,1243,0,52.04,47.96,0.0
484020531,3283,31,0,99.06,0.94,0.0
484020532,3004,21,2,99.24,0.69,0.07
484020533,389,44,2,89.43,10.11,0.46
484020534,5145,1208,10,80.86,18.98,0.16
484020535,494,182,0,73.08,26.92,0.0
484020536,1689,4412,1,27.68,72.3,0.02
484020537,4643,2985,2,60.85,39.12,0.03
484020538,1449,14,0,99.04,0.96,0.0
484020539,473,377,0,55.65,44.35,0.0
484020540,5529,431,0,92.77,7.23,0.0
484020541,957,20,0,97.95,2.05,0.0
484020542,5803,347,0,94.36,5.64,0.0
484020543,875,70,0,92.59,7.41,0.0
484020544,1435,412,0,77.69,22.31,0.0
484020545,8865,1949,25,81.79,17.98,0.23
484020546,5165,361,1,93.45,6.53,0.02
484020547,19846,7798,412,70.74,27.79,1.47
484020548,347,52,0,86.97,13.03,0.0
484020549,4969,6538,36,43.05,56.64,0.31
484020550,5443,72,0,98.69,1.31,0.0
484020551,1936,1342,0,59.06,40.94,0.0
484020552,115,178,1,39.12,60.54,0.34
484020553,12290,1666,20,87.94,11.92,0.14
484020554,919,411,0,69.1,30.9,0.0
484020555,20328,1265,16,94.07,5.85,0.07
484020556,6010,176,13,96.95,2.84,0.21
484020557,1704,1108,0,60.6,39.4,0.0
484020558,1159,417,0,73.54,26.46,0.0
484020559,268,922,0,22.52,77.48,0.0
484020560,1103,13,1,98.75,1.16,0.09
484020561,21969,22198,57,49.68,50.19,0.13
484020562,2266,624,0,78.41,21.59,0.0
484020563,1943,1200,2,61.78,38.16,0.06
484020564,1485,102,0,93.57,6.43,0.0
484020565,1234,130,0,90.47,9.53,0.0
484020566,11727,9322,3,55.7,44.28,0.01
484021001,19639,47812,28,29.1,70.85,0.04
484021002,4833,3818,19,55.74,44.04,0.22
484021003,13342,22200,82,37.45,62.32,0.23
484021004,3602,55525,259,6.07,93.5,0.44
484021005,2566,355,0,87.85,12.15,0.0
484021006,12175,1536,19,88.67,11.19,0.14
484021007,1641,1363,0,54.63,45.37,0.0
484021008,2475,8295,53,22.87,76.64,0.49
484021009,400,1675,0,19.28,80.72,0.0
484021010,50333,19607,155,71.81,27.97,0.22
484021011,1082,701,0,60.68,39.32,0.0
484021012,1999,4285,0,31.81,68.19,0.0
484021013,16920,4407,39,79.19,20.63,0.18
484021014,4360,190,0,95.82,4.18,0.0
484021015,33973,85007,11,28.55,71.44,0.01
484021016,3933,4513,10,46.51,53.37,0.12
484021017,23860,3764,91,86.09,13.58,0.33
484021018,1477,2135,0,40.89,59.11,0.0
484021019,48290,85109,413,36.09,63.6,0.31
484021020,4702,2542,10,64.82,35.04,0.14
484021021,410,1030,0,28.47,71.53,0.0
484021022,3751,8329,18,31.01,68.85,0.15
484021023,1780,6630,18,21.12,78.67,0.21
484021024,41,885,3,4.41,95.26,0.32
484021025,5950,1758,22,76.97,22.74,0.28
484021026,9573,4886,11,66.16,33.77,0.08
484021027,3665,272,0,93.09,6.91,0.0
484021028,2596,4,0,99.85,0.15,0.0
484021029,3477,141,0,96.1,3.9,0.0
484021030,733,2,0,99.73,0.27,0.0
484021031,642,2027,0,24.05,75.95,0.0
484021032,875,437,0,66.69,33.31,0.0
484021033,3535,1563,1,69.33,30.65,0.02
484021034,9618,34563,15,21.76,78.2,0.03
484021035,12757,6761,44,65.21,34.56,0.22
484021036,13569,194,5,98.55,1.41,0.04
484021037,1569,673,1,69.95,30.0,0.04
484021038,444,9327,22,4.53,95.24,0.22
484021039,8769,446,28,94.87,4.83,0.3
484021040,2182,9400,3,18.83,81.14,0.03
484021041,22094,108848,50,16.87,83.1,0.04
484021042,1000,2111,0,32.14,67.86,0.0
484021043,39661,7243,113,84.35,15.41,0.24
484021044,6149,10056,20,37.9,61.98,0.12
484021045,1382,42784,152,3.12,96.54,0.34
484021046,3323,4268,32,43.59,55.99,0.42
484021047,2050,18475,75,9.95,89.68,0.36
484021048,6055,14808,12,29.01,70.94,0.06
484021049,15272,863,25,94.5,5.34,0.15
484021050,21405,3734,85,84.86,14.8,0.34
484021051,4451,30495,53,12.72,87.13,0.15
484021052,1133,52,0,95.61,4.39,0.0
484021053,8290,53953,178,13.28,86.43,0.29
484021054,22215,10710,25,67.42,32.5,0.08
484021055,378,4433,0,7.86,92.14,0.0
484021056,298,956,0,23.76,76.24,0.0
484021057,2634,3613,24,42.0,57.61,0.38
484021058,15707,3711,148,80.28,18.97,0.76
484021059,741,1951,4,27.49,72.37,0.15
484021060,3419,4011,5,45.99,53.95,0.07
484021061,13297,166,1,98.76,1.23,0.01
484021062,2144,2474,0,46.43,53.57,0.0
484021063,1625,12027,118,11.8,87.34,0.86
484021064,10678,6165,23,63.31,36.55,0.14
484021065,2397,18671,22,11.37,88.53,0.1
484021066,812,5285,13,13.29,86.5,0.21
484021067,4289,13379,3,24.27,75.71,0.02
484021068,6214,422,8,93.53,6.35,0.12
484021069,7463,19654,5,27.52,72.47,0.02
484021070,4996,836,8,85.55,14.32,0.14
484021071,50338,47318,442,51.31,48.24,0.45
484021072,15835,365,16,97.65,2.25,0.1
484021073,988,8153,27,10.78,88.93,0.29
484021074,31550,54278,59,36.73,63.2,0.07
484021075,11813,394,12,96.68,3.22,0.1
484021076,14264,11753,47,54.73,45.09,0.18
484021077,5297,302,0,94.61,5.39,0.0
484021078,14468,298,30,97.78,2.01,0.2
484021079,2399,3054,18,43.85,55.82,0.33
484021080,2476,23,2,99.0,0.92,0.08
484021081,1740,2082,1,45.51,54.46,0.03
484021082,1600,6698,0,19.28,80.72,0.0
484021083,10646,13250,55,44.45,55.32,0.23
484021084,6485,58,0,99.11,0.89,0.0
484021085,18523,59249,223,23.75,75.97,0.29
484021086,8451,2944,49,73.85,25.73,0.43
484021087,5725,6849,25,45.44,54.36,0.2
484021088,3948,276,0,93.47,6.53,0.0
484021089,10384,1000,27,91.0,8.76,0.24
484021090,3666,18726,149,16.26,83.08,0.66
484021091,5093,4205,11,54.71,45.17,0.12
484021092,1938,3067,3,38.7,61.24,0.06
484021093,3177,4021,34,43.93,55.6,0.47
484021094,11696,23248,161,33.32,66.22,0.46
484021095,440,172,0,71.9,28.1,0.0
484021096,548,2451,0,18.27,81.73,0.0
484021097,589,1917,0,23.5,76.5,0.0
484021098,1639,4624,14,26.11,73.67,0.22
484021099,3207,15835,91,16.76,82.76,0.48
484021100,8498,290,45,96.21,3.28,0.51
484021101,2883,287,0,90.95,9.05,0.0
484021102,8342,4830,16,63.25,36.62,0.12
484021103,3212,3016,20,51.41,48.27,0.32
484021104,4295,26373,140,13.94,85.6,0.45
484021105,2334,2495,3,48.3,51.63,0.06
484021106,10968,29066,12,27.39,72.58,0.03
484021107,11066,158,0,98.59,1.41,0.0
484021108,3513,15160,79,18.73,80.84,0.42
484021109,12819,6126,105,67.29,32.16,0.55
484021110,4574,42062,7,9.81,90.18,0.02
484021111,14140,3375,24,80.62,19.24,0.14
484021112,1559,7256,4,17.68,82.28,0.05
484021113,1098,3290,0,25.02,74.98,0.0
484021114,276108,1328888,7672,17.12,82.4,0.48
484021115,2397,51386,235,4.44,95.13,0.44
484021116,10242,10977,53,48.15,51.6,0.25
484021117,1865,13127,36,12.41,87.35,0.24
484021118,7216,20641,47,25.86,73.97,0.17
484021119,51947,95593,394,35.11,64.62,0.27
484021120,4726,842,0,84.88,15.12,0.0
484021121,696,501,1,58.1,41.82,0.08
484021122,1763,8755,8,16.75,83.17,0.08
484021123,3418,173,1,95.16,4.82,0.03
484021124,12439,2566,17,82.81,17.08,0.11
484021125,1100,8082,17,11.96,87.86,0.18
484021126,2430,3767,14,39.12,60.65,0.23
484021127,3184,242,6,92.77,7.05,0.17
484021128,1667,8159,36,16.9,82.73,0.37
484021129,12919,428,6,96.75,3.21,0.04
484021130,681,2730,0,19.96,80.04,0.0
484021131,627,299,0,67.71,32.29,0.0
484021132,31528,115693,663,21.32,78.23,0.45
484021133,389,263,0,59.66,40.34,0.0
484021134,1471,18205,70,7.45,92.2,0.35
484021135,2,504,1,0.39,99.41,0.2
484021136,2330,9519,26,19.62,80.16,0.22
484021137,2582,7136,31,26.48,73.2,0.32
484021138,3658,7415,39,32.92,66.73,0.35
484021139,1249,2317,0,35.03,64.97,0.0
484021140,19968,110962,1194,15.11,83.98,0.9
484021141,889,2408,0,26.96,73.04,0.0
484021142,5768,23189,21,19.9,80.02,0.07
484021143,4321,28829,0,13.03,86.97,0.0
484021144,3885,11824,7,24.72,75.24,0.04
484021145,12195,186,1,98.49,1.5,0.01
484021146,686,37,0,94.88,5.12,0.0
484021147,4615,1373,2,77.05,22.92,0.03
484021148,4047,6644,5,37.84,62.12,0.05
484021149,9994,18663,18,34.85,65.08,0.06
484021150,2093,3643,6,36.45,63.44,0.1
484021151,2041,6714,7,23.29,76.63,0.08
484021152,563,11402,13,4.7,95.19,0.11
484021153,4894,17338,36,21.98,77.86,0.16
484021154,6467,69873,217,8.45,91.27,0.28
484021155,2568,3191,16,44.47,55.26,0.28
484021156,101149,207434,1767,32.59,66.84,0.57
484021157,3755,8238,17,31.27,68.59,0.14
484021158,5325,1137,13,82.24,17.56,0.2
484021159,2955,712,0,80.58,19.42,0.0
484021160,549,2904,0,15.9,84.1,0.0
484021161,9803,11021,20,47.03,52.87,0.1
484021162,3781,149,0,96.21,3.79,0.0
484021163,5794,11921,27,32.66,67.19,0.15
484021164,6491,72459,250,8.2,91.49,0.32
484021165,229,924,0,19.86,80.14,0.0
484021166,4522,3893,6,53.7,46.23,0.07
484021167,9333,367,0,96.22,3.78,0.0
484021168,755,6294,11,10.69,89.15,0.16
484021169,8036,12470,11,39.17,60.78,0.05
484021170,6562,11447,87,36.26,63.26,0.48
484021171,274,3365,1,7.53,92.45,0.03
484021172,18652,7133,27,72.26,27.63,0.1
484021173,4220,1760,28,70.24,29.29,0.47
484021174,17969,80847,176,18.15,81.67,0.18
484021175,7256,6171,3,54.03,45.95,0.02
484021176,1233,7926,5,13.45,86.49,0.05
484021177,21804,29052,136,42.76,56.97,0.27
484021178,10325,4671,76,68.5,30.99,0.5
484021179,9828,19907,62,32.98,66.81,0.21
484021180,3900,35058,75,9.99,89.82,0.19
484021181,1915,5120,5,27.2,72.73,0.07
484021182,747,4268,2,14.89,85.07,0.04
484021183,17102,1884,70,89.75,9.89,0.37
484021184,5249,756,7,87.31,12.57,0.12
484021185,2186,7423,10,22.73,77.17,0.1
484021186,29788,22887,47,56.5,43.41,0.09
484021187,2204,2500,6,46.79,53.08,0.13
484021188,7551,10420,62,41.87,57.78,0.34
484021189,3255,17758,63,15.44,84.26,0.3
484021190,852,281,0,75.2,24.8,0.0
484021191,2943,6343,37,31.57,68.04,0.4
484021192,5427,205,2,96.33,3.64,0.04
484021193,1459,4571,4,24.18,75.75,0.07
484021194,13043,13414,283,48.78,50.16,1.06
484021195,21847,2803,1,88.63,11.37,0.0
484021196,1390,99,0,93.35,6.65,0.0
484021197,31848,43411,176,42.22,57.55,0.23
484021198,427,792,3,34.94,64.81,0.25
484021199,15751,24196,134,39.3,60.37,0.33
484021200,2847,406,0,87.52,12.48,0.0
484021201,2296,878,0,72.34,27.66,0.0
484021202,11960,254,49,97.53,2.07,0.4
484021203,824,5916,1,12.22,87.76,0.01
484021204,6974,530,7,92.85,7.06,0.09
484021205,6102,18520,45,24.74,75.08,0.18
484021206,1687,2614,1,39.21,60.76,0.02
484021207,45160,9385,221,82.46,17.14,0.4
484021208,44250,37222,152,54.21,45.6,0.19
484021209,6037,2092,11,74.16,25.7,0.14
484021210,5166,237,7,95.49,4.38,0.13
484021211,6888,8835,65,43.63,55.96,0.41
484021212,18526,962,51,94.82,4.92,0.26
484021213,9822,1287,22,88.24,11.56,0.2
484021214,13198,4192,21,75.8,24.08,0.12
484021215,4279,75,0,98.28,1.72,0.0
484021216,2225,112,0,95.21,4.79,0.0
484021217,18627,381,0,98.0,2.0,0.0
484022001,32780,29754,87,52.35,47.51,0.14
484022002,2943,22735,8,11.46,88.51,0.03
484022003,2117,10173,10,17.21,82.71,0.08
484022004,20883,44642,50,31.85,68.08,0.08
484022005,8986,54009,0,14.26,85.74,0.0
484022006,13440,189559,497,6.6,93.15,0.24
484022007,19329,23183,74,45.39,54.44,0.17
484022008,10068,24384,75,29.16,70.62,0.22
484022009,4418,21142,105,17.21,82.38,0.41
484022010,6014,11933,4,33.5,66.48,0.02
484022011,23273,197546,118,10.53,89.41,0.05
484022012,14351,58853,85,19.58,80.3,0.12
484022013,3730,14326,76,20.57,79.01,0.42
484022014,74501,921280,5395,7.44,92.02,0.54
484022015,1049,6812,15,13.32,86.49,0.19
484022016,28011,254777,851,9.88,89.82,0.3
484022017,9594,58956,134,13.97,85.84,0.2
484022018,20916,5472,25,79.19,20.72,0.09
484023001,586728,1170874,8213,33.23,66.31,0.47
484024001,340,17499,77,1.9,97.67,0.43
484024002,4036,3244,6,55.39,44.52,0.08
484024003,41978,3161,288,92.41,6.96,0.63
484024004,63,3765,0,1.65,98.35,0.0
484024005,529,16884,3,3.04,96.95,0.02
484024006,315,8724,16,3.48,96.34,0.18
484024007,638,18064,12,3.41,96.53,0.06
484024008,1401,19525,28,6.69,93.18,0.13
484024009,294,4496,5,6.13,93.76,0.1
484024010,5625,42645,221,11.6,87.94,0.46
484024011,4038,41592,6,8.85,91.14,0.01
484024012,17184,1941,70,89.52,10.11,0.36
484024013,52396,118590,314,30.59,69.23,0.18
484024014,13884,1075,22,92.68,7.18,0.15
484024015,1594,19126,21,7.69,92.21,0.1
484024016,33085,40687,312,44.66,54.92,0.42
484024017,2976,20574,69,12.6,87.11,0.29
484024018,13118,1317,89,90.32,9.07,0.61
484024019,580,4661,0,11.07,88.93,0.0
484024020,4249,92668,241,4.37,95.38,0.25
484024021,2607,52423,81,4.73,95.12,0.15
484024022,938,16992,19,5.23,94.67,0.11
484024023,5407,9032,17,37.4,62.48,0.12
484024024,6894,85460,65,7.46,92.47,0.07
484024025,1150,27914,218,3.93,95.33,0.74
484024026,8821,65,11,99.15,0.73,0.12
484024027,1419,8313,13,14.56,85.31,0.13
484024028,48480,817040,4747,5.57,93.88,0.55
484024029,14547,3085,47,82.28,17.45,0.27
484024030,20,4515,5,0.44,99.45,0.11
484024031,9096,2303,7,79.75,20.19,0.06
484024032,598,36801,70,1.6,98.22,0.19
484024033,46,10074,14,0.45,99.41,0.14
484024034,8749,5519,47,61.12,38.55,0.33
484024035,15411,300789,2135,4.84,94.49,0.67
484024036,11630,15918,46,42.15,57.69,0.17
484024037,98103,18359,700,83.73,15.67,0.6
484024038,11431,2162,35,83.88,15.86,0.26
484024039,11214,1614,42,87.13,12.54,0.33
484024040,16790,422,31,97.37,2.45,0.18
484024041,7862,4896,52,61.37,38.22,0.41
484024042,175,7299,18,2.34,97.42,0.24
484024043,57,7093,20,0.79,98.93,0.28
484024044,810,12711,5,5.99,93.97,0.04
484024045,1166,15983,28,6.79,93.05,0.16
484024046,272,8550,0,3.08,96.92,0.0
484024047,249,4729,2,5.0,94.96,0.04
484024048,2095,33776,170,5.81,93.72,0.47
484024049,1378,48232,141,2.77,96.95,0.28
484024050,1250,29587,26,4.05,95.87,0.08
484024051,296,9432,15,3.04,96.81,0.15
484024052,27767,3051,110,89.78,9.86,0.36
484024053,29488,17525,269,62.37,37.06,0.57
484024054,955,24658,92,3.72,95.93,0.36
484025001,89499,346331,578,20.51,79.36,0.13
484025002,2498,39500,42,5.94,93.96,0.1
484025003,808,23870,316,3.23,95.5,1.26
484025004,2497,21019,150,10.55,88.82,0.63
484025005,233,15484,76,1.48,98.04,0.48
484025006,35405,1042006,2418,3.28,96.5,0.22
484025007,12058,15572,123,43.45,56.11,0.44
484025008,2654,41413,151,6.0,93.66,0.34
484025009,9665,46580,136,17.14,82.62,0.24
484025010,34380,57409,82,37.42,62.49,0.09
484025011,27399,243195,144,10.12,89.83,0.05
484025012,33048,443685,414,6.93,92.99,0.09
484025013,4946,108939,288,4.33,95.42,0.25
484025014,2797,46713,69,5.64,94.22,0.14
484025015,168,17125,55,0.97,98.71,0.32
484025016,8160,66277,113,10.95,88.9,0.15
484026001,63,2398,3,2.56,97.32,0.12
484026002,8024,78758,107,9.23,90.64,0.12
484026003,12267,11620,102,51.14,48.44,0.43
484026004,750,8203,14,8.36,91.48,0.16
484026005,218,902,5,19.38,80.18,0.44
484026006,77,2606,1,2.87,97.09,0.04
484026007,3,603,0,0.5,99.5,0.0
484026008,24,927,1,2.52,97.37,0.11
484026009,101,622,1,13.95,85.91,0.14
484026010,118,1047,1,10.12,89.79,0.09
484026011,20,1411,1,1.4,98.53,0.07
484026012,4745,17000,22,21.8,78.1,0.1
484026013,5,1738,2,0.29,99.6,0.11
484026014,6,3062,1,0.2,99.77,0.03
484026015,115,994,0,10.37,89.63,0.0
484026016,243,4496,6,5.12,94.75,0.13
484026017,6959,76315,72,8.35,91.56,0.09
484026018,31996,384940,730,7.66,92.16,0.17
484026019,1801,35660,44,4.8,95.08,0.12
484026020,214,4430,28,4.58,94.82,0.6
484026021,89,1675,15,5.0,94.15,0.84
484026022,3,834,4,0.36,99.17,0.48
484026023,25,5612,12,0.44,99.35,0.21
484026024,6,720,1,0.83,99.04,0.14
484026025,2757,44669,119,5.8,93.95,0.25
484026026,60301,18744,77,76.21,23.69,0.1
484026027,270,8356,19,3.12,96.66,0.22
484026028,7,969,0,0.72,99.28,0.0
484026029,26736,135836,217,16.42,83.44,0.13
484026030,50114,838816,1194,5.63,94.24,0.13
484026031,127,1013,4,11.1,88.55,0.35
484026032,109,758,0,12.57,87.43,0.0
484026033,50161,23680,38,67.9,32.05,0.05
484026034,27,880,0,2.98,97.02,0.0
484026035,1070,10075,49,9.56,90.0,0.44
484026036,3625,27789,53,11.52,88.31,0.17
484026037,36,1032,1,3.37,96.54,0.09
484026038,46,4904,2,0.93,99.03,0.04
484026039,282,5165,21,5.16,94.46,0.38
484026040,181,1285,7,12.29,87.24,0.48
484026041,1081,12460,19,7.97,91.89,0.14
484026042,73040,83725,190,46.54,53.34,0.12
484026043,11821,238034,722,4.72,94.99,0.29
484026044,91,241,0,27.41,72.59,0.0
484026045,560,1803,3,23.67,76.2,0.13
484026046,6,475,0,1.25,98.75,0.0
484026047,1616,7057,9,18.61,81.28,0.1
484026048,4410,68294,97,6.06,93.81,0.13
484026049,1853,1059,3,63.57,36.33,0.1
484026050,126,1315,1,8.74,91.19,0.07
484026051,673,3892,9,14.71,85.09,0.2
484026052,380,4670,0,7.52,92.48,0.0
484026053,8,338,1,2.31,97.41,0.29
484026054,57,453,0,11.18,88.82,0.0
484026055,6509,181999,781,3.44,96.15,0.41
484026056,3864,6092,19,38.74,61.07,0.19
484026057,71,1345,6,4.99,94.59,0.42
484026058,71,15296,43,0.46,99.26,0.28
484026059,105,1493,5,6.55,93.14,0.31
484026060,171,1746,0,8.92,91.08,0.0
484026061,46,1268,4,3.49,96.21,0.3
484026062,5,1069,1,0.47,99.44,0.09
484026063,102,1044,0,8.9,91.1,0.0
484026064,7,1310,0,0.53,99.47,0.0
484026065,37,1386,0,2.6,97.4,0.0
484026066,275,7940,10,3.34,96.53,0.12
484026067,43,1353,1,3.08,96.85,0.07
484026068,9,1006,2,0.88,98.92,0.2
484026069,1785,2767,13,39.1,60.61,0.28
484027001,5551,49368,113,10.09,89.71,0.21
484027002,21584,207440,763,9.39,90.27,0.33
484027003,85476,15456,0,84.69,15.31,0.0
484027004,111969,540416,1610,17.12,82.63,0.25
484027005,31738,169298,169,15.77,84.14,0.08
484027006,23925,105703,338,18.41,81.33,0.26
484027007,3117,27394,31,10.21,89.69,0.1
484027008,18896,158715,782,10.59,88.97,0.44
484027009,1124,34964,51,3.11,96.75,0.14
484027010,13212,73278,5,15.27,84.72,0.01
484027011,11647,17515,45,39.88,59.97,0.15
484027012,42950,107160,562,28.51,71.12,0.37
484027013,49252,94621,54,34.22,65.74,0.04
484027014,33396,58367,222,36.31,63.45,0.24
484027015,20636,24695,12,45.51,54.46,0.03
484027016,4322,51010,71,7.8,92.07,0.13
484027017,7732,51300,93,13.08,86.77,0.16
484028001,222,9209,24,2.35,97.4,0.25
484028002,133,27347,27,0.48,99.42,0.1
484028003,37295,219451,462,14.5,85.32,0.18
484028004,459,8017,7,5.41,94.51,0.08
484028005,11,4025,5,0.27,99.6,0.12
484028006,14,7101,6,0.2,99.72,0.08
484028007,118,15557,0,0.75,99.25,0.0
484028008,11,3898,2,0.28,99.67,0.05
484028009,9837,189779,392,4.92,94.89,0.2
484028010,13,1591,1,0.81,99.13,0.06
484028011,425,7463,10,5.38,94.49,0.13
484028012,5222,34027,20,13.3,86.65,0.05
484028013,286,13976,37,2.0,97.74,0.26
484028014,24,3650,0,0.65,99.35,0.0
484028015,69681,738044,1120,8.61,91.25,0.14
484028016,103,15907,94,0.64,98.78,0.58
484028017,48,15032,44,0.32,99.39,0.29
484028018,30,6051,8,0.49,99.38,0.13
484028019,620,13441,37,4.4,95.34,0.26
484028020,40,1916,3,2.04,97.81,0.15
484028021,4874,96944,41,4.79,95.17,0.04
484028022,24295,490285,369,4.72,95.21,0.07
484028023,25,4044,2,0.61,99.34,0.05
484028024,30,6102,3,0.49,99.46,0.05
484028025,590,24532,21,2.35,97.57,0.08
484028026,84,3379,0,2.43,97.57,0.0
484028027,29206,374419,1169,7.22,92.5,0.29
484028028,414,3174,1,11.54,88.44,0.03
484028029,504,11994,17,4.03,95.84,0.14
484028030,228,12623,49,1.77,97.85,0.38
484028031,126,1686,1,6.95,93.0,0.06
484028032,4,7090,9,0.06,99.82,0.13
484028033,1408,47428,28,2.88,97.06,0.06
484028034,0,884,0,0.0,100.0,0.0
484028035,198,22123,30,0.89,98.98,0.13
484028036,25681,259952,1398,8.95,90.57,0.49
484028037,2197,24335,85,8.25,91.43,0.32
484028038,528,56668,9,0.92,99.06,0.02
484028039,8734,324155,550,2.62,97.22,0.16
484028040,46,5042,52,0.89,98.09,1.01
484028041,446,20894,5,2.09,97.89,0.02
484029001,2817,8098,33,25.73,73.97,0.3
484029002,1376,13661,68,9.11,90.44,0.45
484029003,334,6359,11,4.98,94.85,0.16
484029004,2191,14884,4,12.83,87.15,0.02
484029005,12044,64130,215,15.77,83.95,0.28
484029006,6047,42228,242,12.46,87.04,0.5
484029007,1163,15145,43,7.11,92.62,0.26
484029008,1429,13854,29,9.33,90.48,0.19
484029009,1355,4241,20,24.13,75.52,0.36
484029010,27409,78819,18406,21.99,63.24,14.77
484029011,75,4455,2,1.65,98.3,0.04
484029012,801,7967,32,9.1,90.53,0.36
484029013,15085,77512,238,16.25,83.49,0.26
484029014,1902,12423,51,13.23,86.41,0.35
484029015,1802,42673,118,4.04,95.69,0.26
484029016,5232,1946,5,72.84,27.09,0.07
484029017,5579,5349,28,50.92,48.82,0.26
484029018,15759,21051,91,42.71,57.05,0.25
484029019,2832,18171,64,13.44,86.25,0.3
484029020,1723,13000,30,11.68,88.12,0.2
484029021,2184,15471,66,12.32,87.3,0.37
484029022,2447,10925,36,18.25,81.48,0.27
484029023,3440,25802,41,11.75,88.11,0.14
484029024,2348,24597,68,8.69,91.06,0.25
484029025,25623,52398,256,32.73,66.94,0.33
484029026,6414,16703,16,27.73,72.2,0.07
484029027,2966,9278,54,24.12,75.44,0.44
484029028,6739,17203,54,28.08,71.69,0.23
484029029,3117,19296,15,13.9,86.04,0.07
484029030,3223,30424,8,9.58,90.4,0.02
484029031,1876,20499,39,8.37,91.46,0.17
484029032,11779,84266,136,12.25,87.61,0.14
484029033,4746,37734,197,11.12,88.42,0.46
484029034,441,5439,7,7.49,92.39,0.12
484029035,3314,18226,63,15.34,84.37,0.29
484029036,2588,6110,25,29.67,70.04,0.29
484029037,2541,20786,0,10.89,89.11,0.0
484029038,3022,21361,20,12.38,87.53,0.08
484029039,1154,11830,42,8.86,90.82,0.32
484029040,5260,26338,164,16.56,82.92,0.52
484029041,1378,12180,37,10.14,89.59,0.27
484029042,2001,38229,74,4.96,94.85,0.18
484029043,4353,53207,165,7.54,92.17,0.29
484030001,1634,7511,0,17.87,82.13,0.0
484030002,965,2278,0,29.76,70.24,0.0
484030003,15389,61073,145,20.09,79.72,0.19
484030004,3399,37077,0,8.4,91.6,0.0
484030005,616,4459,4,12.13,87.79,0.08
484030006,10271,11424,38,47.26,52.57,0.17
484030007,272,5999,12,4.33,95.48,0.19
484030008,3793,5866,16,39.2,60.63,0.17
484030009,1850,25287,0,6.82,93.18,0.0
484030010,7433,52978,67,12.29,87.6,0.11
484030011,2166,51803,120,4.0,95.77,0.22
484030012,775,6736,12,10.3,89.54,0.16
484030013,7374,18436,95,28.47,71.17,0.37
484030014,8190,35943,14,18.55,81.42,0.03
484030015,2359,30017,156,7.25,92.27,0.48
484030016,645,26820,88,2.34,97.34,0.32
484030017,839,3659,0,18.65,81.35,0.0
484030018,752,1090,0,40.83,59.17,0.0
484030019,6288,90,0,98.59,1.41,0.0
484030020,10394,272,0,97.45,2.55,0.0
484030021,1701,20758,20,7.57,92.34,0.09
484030022,8368,13118,17,38.92,61.01,0.08
484030023,11899,34597,0,25.59,74.41,0.0
484030024,398,15174,4,2.56,97.42,0.03
484030025,4611,20695,127,18.13,81.37,0.5
484030026,987,24074,11,3.94,96.02,0.04
484030027,14391,951,51,93.49,6.18,0.33
484030028,10270,127757,1565,7.36,91.52,1.12
484030029,3927,8800,1,30.85,69.14,0.01
484030030,17424,22579,10,43.55,56.43,0.02
484030031,3132,14743,2,17.52,82.47,0.01
484030032,5504,41283,225,11.71,87.81,0.48
484030033,14631,8439,84,63.19,36.45,0.36
484030034,16811,21293,108,43.99,55.72,0.28
484030035,8538,2054,52,80.21,19.3,0.49
484030036,1489,8918,3,14.3,85.67,0.03
484030037,7372,359,13,95.2,4.64,0.17
484030038,12683,76632,49,14.19,85.75,0.05
484030039,92518,244884,2506,27.22,72.04,0.74
484030040,13864,38944,220,26.14,73.44,0.41
484030041,1871,376,0,83.27,16.73,0.0
484030042,177,5310,0,3.23,96.77,0.0
484030043,6697,12116,57,35.49,64.21,0.3
484030044,19409,175407,898,9.92,89.62,0.46
484030045,15208,102418,329,12.89,86.83,0.28
484030046,1125,14229,36,7.31,92.46,0.23
484030047,4848,50627,19,8.74,91.23,0.03
484030048,49326,77021,0,39.04,60.96,0.0
484030049,3393,17672,14,16.1,83.84,0.07
484030050,14942,490,59,96.46,3.16,0.38
484030051,20367,1306,91,93.58,6.0,0.42
484030052,3564,7781,7,31.4,68.54,0.06
484030053,4809,21843,157,17.94,81.48,0.59
484030054,604,10365,23,5.49,94.3,0.21
484030055,9245,3620,34,71.67,28.06,0.26
484030056,5922,401,14,93.45,6.33,0.22
484030057,816,12369,19,6.18,93.68,0.14
484030058,48054,3598,71,92.91,6.96,0.14
484030059,4977,16577,52,23.04,76.72,0.24
484030060,8564,6987,8,55.04,44.91,0.05
484030061,76552,210879,1288,26.51,73.04,0.45
484030062,3645,16002,15,18.54,81.39,0.08
484030063,9060,3680,29,70.95,28.82,0.23
484030064,3713,79,1,97.89,2.08,0.03
484030065,16816,65517,15,20.42,79.56,0.02
484030066,20993,4537,19,82.17,17.76,0.07
484030067,17527,251,9,98.54,1.41,0.05
484030068,8094,55706,33,12.68,87.27,0.05
484030069,12267,11071,42,52.47,47.35,0.18
484030070,12039,45139,23,21.05,78.91,0.04
484030071,3517,16920,89,17.13,82.43,0.43
484030072,14446,25273,104,36.28,63.46,0.26
484030073,1467,5509,0,21.03,78.97,0.0
484030074,182,15609,29,1.15,98.67,0.18
484030075,11872,720,1,94.27,5.72,0.01
484030076,4798,57713,145,7.66,92.11,0.23
484030077,11222,589,39,94.7,4.97,0.33
484030078,5301,5446,30,49.19,50.53,0.28
484030079,4956,16805,0,22.77,77.23,0.0
484030080,8257,18006,5,31.43,68.55,0.02
484030081,7874,34913,279,18.28,81.07,0.65
484030082,41365,6659,207,85.76,13.81,0.43
484030083,364,4992,23,6.77,92.81,0.43
484030084,19902,51045,23,28.04,71.92,0.03
484030085,8038,35370,121,18.47,81.26,0.28
484030086,57623,410237,2319,12.26,87.25,0.49
484030087,1296,3580,4,26.56,73.36,0.08
484030088,15570,21418,106,41.97,57.74,0.29
484030089,1189,9428,42,11.15,88.45,0.39
484030090,9786,28080,12,25.84,74.13,0.03
484030091,3390,12610,0,21.19,78.81,0.0
484030092,4202,63648,40,6.19,93.75,0.06
484030093,428,13884,0,2.99,97.01,0.0
484030094,107,1358,0,7.3,92.7,0.0
484030095,307,18251,0,1.65,98.35,0.0
484030096,3017,29,0,99.05,0.95,0.0
484030097,2570,14570,41,14.96,84.8,0.24
484030098,1374,21753,0,5.94,94.06,0.0
484030099,5474,31039,0,14.99,85.01,0.0
484030100,17707,114572,552,13.33,86.25,0.42
484030101,11893,160,1,98.66,1.33,0.01
484030102,59618,2486,222,95.66,3.99,0.36
484030103,4794,86802,30,5.23,94.74,0.03
484030104,472,4087,1,10.35,89.63,0.02
484030105,193,2540,0,7.06,92.94,0.0
484030106,12648,50195,28,20.12,79.84,0.04
484030107,11051,208,0,98.15,1.85,0.0
484030108,2554,13169,0,16.24,83.76,0.0
484030109,5346,16499,35,24.43,75.41,0.16
484030110,2916,1484,0,66.27,33.73,0.0
484030111,266,9549,11,2.71,97.18,0.11
484030112,8983,26422,243,25.2,74.12,0.68
484030113,5441,10580,59,33.84,65.8,0.37
484030114,4635,17792,133,20.55,78.87,0.59
484030115,15418,102668,221,13.03,86.78,0.19
484030116,1593,3772,15,29.61,70.11,0.28
484030117,7464,2452,0,75.27,24.73,0.0
484030118,2253,19382,35,10.4,89.44,0.16
484030119,16417,619,30,96.2,3.63,0.18
484030120,14801,76252,512,16.16,83.28,0.56
484030121,115174,37313,0,75.53,24.47,0.0
484030122,2827,27653,0,9.27,90.73,0.0
484030123,267,31703,37,0.83,99.05,0.12
484030124,8299,17689,3,31.93,68.06,0.01
484030125,9597,60909,1300,13.37,84.82,1.81
484030126,8356,8805,40,48.58,51.19,0.23
484030127,34958,14206,184,70.84,28.79,0.37
484030128,65186,117040,666,35.64,63.99,0.36
484030129,1843,17318,2,9.62,90.37,0.01
484030130,9515,45415,375,17.2,82.12,0.68
484030131,164,22414,0,0.73,99.27,0.0
484030132,15758,7299,0,68.34,31.66,0.0
484030133,275,7678,2,3.46,96.52,0.03
484030134,5726,122,0,97.91,2.09,0.0
484030135,2022,38045,211,5.02,94.46,0.52
484030136,7,5856,35,0.12,99.29,0.59
484030137,2796,141,0,95.2,4.8,0.0
484030138,4944,149234,324,3.2,96.59,0.21
484030139,7589,47698,37,13.72,86.22,0.07
484030140,16526,14075,145,53.75,45.78,0.47
484030141,2359,13447,0,14.92,85.08,0.0
484030142,269,3426,0,7.28,92.72,0.0
484030143,22256,637,0,97.22,2.78,0.0
484030144,2411,24607,0,8.92,91.08,0.0
484030145,6566,4555,13,58.97,40.91,0.12
484030146,8184,12979,21,38.63,61.27,0.1
484030147,4330,6665,23,39.3,60.49,0.21
484030148,2838,2678,22,51.25,48.36,0.4
484030149,6347,5112,51,55.14,44.41,0.44
484030150,68824,25786,582,72.3,27.09,0.61
484030151,31,5640,0,0.55,99.45,0.0
484030152,10584,8538,46,55.22,44.54,0.24
484030153,12463,10976,14,53.14,46.8,0.06
484030154,27012,395,16,98.5,1.44,0.06
484030155,50847,51651,44,49.59,50.37,0.04
484030156,12756,38423,156,24.85,74.85,0.3
484030157,1525,4630,6,24.75,75.15,0.1
484030158,126,4655,0,2.64,97.36,0.0
484030159,4638,11602,9,28.54,71.4,0.06
484030160,418,8002,14,4.96,94.88,0.17
484030161,476,8513,2,5.29,94.68,0.02
484030162,14974,373,0,97.57,2.43,0.0
484030163,9757,270,2,97.29,2.69,0.02
484030164,5113,92,0,98.23,1.77,0.0
484030165,6529,12447,47,34.32,65.43,0.25
484030166,69610,24182,462,73.85,25.66,0.49
484030167,5865,84304,226,6.49,93.26,0.25
484030168,27672,60687,140,31.27,68.57,0.16
484030169,881,3346,5,20.82,79.06,0.12
484030170,1174,9749,11,10.74,89.16,0.1
484030171,1025,11444,6,8.22,91.74,0.05
484030172,576,3484,0,14.19,85.81,0.0
484030173,6280,4022,4,60.94,39.03,0.04
484030174,1414,34831,6,3.9,96.08,0.02
484030175,1920,16707,0,10.31,89.69,0.0
484030176,8262,50075,129,14.13,85.65,0.22
484030177,7398,59,1,99.2,0.79,0.01
484030178,4303,943,0,82.02,17.98,0.0
484030179,1646,5123,5,24.3,75.63,0.07
484030180,222,5486,0,3.89,96.11,0.0
484030181,1475,14959,18,8.97,90.93,0.11
484030182,14536,133327,301,9.81,89.99,0.2
484030183,237,1922,2,10.97,88.94,0.09
484030184,2232,26415,210,7.73,91.54,0.73
484030185,602,18856,13,3.09,96.84,0.07
484030186,73451,511924,1244,12.52,87.27,0.21
484030187,539,11168,20,4.6,95.23,0.17
484030188,5419,140,0,97.48,2.52,0.0
484030189,4797,12423,22,27.82,72.05,0.13
484030190,1885,8796,0,17.65,82.35,0.0
484030191,599,5815,10,9.32,90.52,0.16
484030192,9214,2020,29,81.81,17.93,0.26
484030193,1089,10888,27,9.07,90.7,0.22
484030194,13048,595,0,95.64,4.36,0.0
484030195,13529,267,4,98.04,1.93,0.03
484031001,5386,830,7,86.55,13.34,0.11
484031002,14959,1224,3,92.42,7.56,0.02
484031003,11062,479,11,95.76,4.15,0.1
484031004,5175,822,2,86.26,13.7,0.03
484031005,1949,138,0,93.39,6.61,0.0
484031006,6898,1832,8,78.94,20.97,0.09
484031007,6153,998,6,85.97,13.94,0.08
484031008,3594,164,0,95.64,4.36,0.0
484031009,3803,477,7,88.71,11.13,0.16
484031010,2438,121,1,95.23,4.73,0.04
484031011,6494,1488,0,81.36,18.64,0.0
484031012,3072,484,1,86.36,13.61,0.03
484031013,10072,5928,21,62.87,37.0,0.13
484031014,1579,37,0,97.71,2.29,0.0
484031015,5201,108,0,97.97,2.03,0.0
484031016,2857,75,0,97.44,2.56,0.0
484031017,4312,66,1,98.47,1.51,0.02
484031018,2720,452,0,85.75,14.25,0.0
484031019,34817,1444,64,95.85,3.98,0.18
484031020,3450,846,0,80.31,19.69,0.0
484031021,8412,319,5,96.29,3.65,0.06
484031022,3985,61,1,98.47,1.51,0.02
484031023,4205,424,6,90.72,9.15,0.13
484031024,2618,478,0,84.56,15.44,0.0
484031025,5251,381,0,93.24,6.76,0.0
484031026,3250,246,0,92.96,7.04,0.0
484031027,3876,4145,0,48.32,51.68,0.0
484031028,1372,1430,0,48.97,51.03,0.0
484031029,3031,2943,28,50.5,49.03,0.47
484031030,3715,72,1,98.07,1.9,0.03
484031031,2569,131,0,95.15,4.85,0.0
484031032,15378,463,6,97.04,2.92,0.04
484031033,18772,1293,15,93.49,6.44,0.07
484031034,5818,329,10,94.49,5.34,0.16
484031035,5643,460,13,92.27,7.52,0.21
484031036,7226,417,9,94.43,5.45,0.12
484031037,4829,170,6,96.48,3.4,0.12
484031038,27861,5418,40,83.62,16.26,0.12
484031039,3196,797,0,80.04,19.96,0.0
484031040,21681,5494,3,79.77,20.21,0.01
484031041,76839,58545,21,56.75,43.24,0.02
484031042,4592,639,10,87.62,12.19,0.19
484031043,3108,119,0,96.31,3.69,0.0
484031044,6629,497,0,93.03,6.97,0.0
484031045,2437,122,1,95.2,4.77,0.04
484031046,3029,91,3,96.99,2.91,0.1
484031047,5461,209,0,96.31,3.69,0.0
484031048,21351,1365,0,93.99,6.01,0.0
484031049,3514,200,0,94.61,5.39,0.0
484031050,420520,534139,4789,43.83,55.67,0.5
484031051,2435,865,1,73.77,26.2,0.03
484031052,24358,11793,5,67.37,32.62,0.01
484031053,11414,1451,0,88.72,11.28,0.0
484031054,2742,114,0,96.01,3.99,0.0
484031055,6583,114,33,97.82,1.69,0.49
484031056,28349,3486,46,88.92,10.93,0.14
484031057,5247,2134,14,70.95,28.86,0.19
484031058,23122,1114,46,95.22,4.59,0.19
484031059,43573,19435,172,68.97,30.76,0.27
484031060,877,56,0,94.0,6.0,0.0
484031061,2997,780,9,79.16,20.6,0.24
484031062,4394,269,0,94.23,5.77,0.0
484031063,5040,296,2,94.42,5.55,0.04
484031064,1515,114,2,92.89,6.99,0.12
484031065,1662,373,0,81.67,18.33,0.0
484031066,3818,165,0,95.86,4.14,0.0
484031067,8666,924,2,90.35,9.63,0.02
484031068,2164,911,0,70.37,29.63,0.0
484031069,8143,373,0,95.62,4.38,0.0
484031070,3445,337,0,91.09,8.91,0.0
484031071,1725,93,0,94.88,5.12,0.0
484031072,1694,88,0,95.06,4.94,0.0
484031073,5259,81,1,98.46,1.52,0.02
484031074,3286,347,1,90.42,9.55,0.03
484031075,6437,41,11,99.2,0.63,0.17
484031076,14900,2217,0,87.05,12.95,0.0
484031077,2257,291,0,88.58,11.42,0.0
484031078,3090,495,0,86.19,13.81,0.0
484031079,38373,4083,52,90.27,9.61,0.12
484031080,9235,1197,3,88.5,11.47,0.03
484031081,3078,101,0,96.82,3.18,0.0
484031082,2862,524,1,84.5,15.47,0.03
484031083,1178,646,0,64.58,35.42,0.0
484031084,5728,971,8,85.4,14.48,0.12
484031085,15387,312,0,98.01,1.99,0.0
484031086,1895,132,0,93.49,6.51,0.0
484031087,5031,149,0,97.12,2.88,0.0
484031088,1197,637,0,65.27,34.73,0.0
484031089,31644,6771,30,82.31,17.61,0.08
484031090,6907,204,0,97.13,2.87,0.0
484031091,11037,1046,6,91.3,8.65,0.05
484031092,6926,430,0,94.15,5.85,0.0
484031093,14465,3251,16,81.58,18.33,0.09
484031094,5024,70,0,98.63,1.37,0.0
484031095,4816,672,6,87.66,12.23,0.11
484031096,60088,15998,258,78.71,20.96,0.34
484031097,3233,276,2,92.08,7.86,0.06
484031098,13504,964,52,93.0,6.64,0.36
484031099,3829,139,0,96.5,3.5,0.0
484031100,3411,447,1,88.39,11.58,0.03
484031101,41951,23728,20,63.85,36.12,0.03
484031102,67461,12908,57,83.88,16.05,0.07
484031103,2970,279,0,91.41,8.59,0.0
484031104,14720,530,6,96.49,3.47,0.04
484031105,1935,1216,11,61.2,38.46,0.35
484031106,1861,259,0,87.78,12.22,0.0
484032001,18,5905,14,0.3,99.46,0.24
484032002,1157,3516,0,24.76,75.24,0.0
484032003,2,2161,0,0.09,99.91,0.0
484032004,308,11573,10,2.59,97.33,0.08
484032005,3656,45395,146,7.43,92.27,0.3
484032006,262,7489,18,3.37,96.4,0.23
484032007,98,13764,25,0.71,99.11,0.18
484032008,1304,11283,41,10.33,89.35,0.32
484032009,24,9470,12,0.25,99.62,0.13
484032010,6126,218518,312,2.72,97.14,0.14
484032011,229,2948,4,7.2,92.68,0.13
484032012,652,7027,4,8.49,91.46,0.05
484032013,433,18737,27,2.26,97.6,0.14
484032014,26,1482,1,1.72,98.21,0.07
484032015,864,21203,90,3.9,95.69,0.41
484032016,12558,207235,199,5.71,94.2,0.09
484032017,857,3454,1,19.87,80.1,0.02
484032018,1525,22020,80,6.46,93.21,0.34
484032019,3312,53322,140,5.83,93.92,0.25
484032020,79,4080,0,1.9,98.1,0.0
484032021,1825,16625,142,9.82,89.42,0.76
484032022,61,11556,36,0.52,99.17,0.31
484032023,1114,48734,287,2.22,97.21,0.57
484032024,767,11531,21,6.23,93.6,0.17
484032025,42,16586,26,0.25,99.59,0.16
484032026,7,2559,3,0.27,99.61,0.12
484032027,21,2312,2,0.9,99.01,0.09
484032028,398,21492,118,1.81,97.66,0.54
484032029,101,2206,3,4.37,95.5,0.13
484032030,464,7847,6,5.58,94.35,0.07
484032031,988,11567,8,7.86,92.07,0.06
484032032,154,4200,2,3.54,96.42,0.05
484032033,859,25513,54,3.25,96.55,0.2
484032034,1088,14207,58,7.09,92.54,0.38
484032035,4604,36755,112,11.1,88.63,0.27
484032036,990,15385,79,6.02,93.5,0.48
484032037,1716,65202,518,2.54,96.69,0.77
484032038,1747,59523,29,2.85,97.1,0.05
484032039,197,20270,48,0.96,98.81,0.23
484032040,5918,53611,340,9.88,89.55,0.57
484032041,425,872,1,32.74,67.18,0.08
484032042,3271,12407,9,20.85,79.09,0.06
484032043,526,7272,12,6.73,93.11,0.15
484032044,339,5894,0,5.44,94.56,0.0
484032045,1822,23787,66,7.1,92.65,0.26
484032046,1523,28980,164,4.97,94.5,0.53
484032047,225,9487,11,2.31,97.57,0.11
484032048,347,32170,99,1.06,98.63,0.3
484032049,47,18389,58,0.25,99.43,0.31
484032050,242,12170,21,1.95,97.88,0.17
484032051,138,17850,54,0.76,98.94,0.3
484032052,1187,28760,40,3.96,95.91,0.13
484032053,7939,132369,452,5.64,94.04,0.32
