GEOLEV2,RURAL_HH,URBAN_HH,RURAL_PCT,URBAN_PCT
484001001,77398,950476,7.53,92.47
484001002,30337,21137,58.94,41.06
484001003,24414,33741,41.98,58.02
484001004,7666,9331,45.1,54.9
484001005,34669,95190,26.7,73.3
484001006,27650,77176,26.38,73.62
484001007,5317,4235,55.66,44.34
484001008,13084,9377,58.25,41.75
484002001,62349,495325,11.18,88.82
484002002,76035,966360,7.29,92.71
484002004,36005,2103723,1.68,98.32
484003001,76129,717295,9.59,90.41
484004001,13371,45821,22.59,77.41
484004003,180292,635323,22.11,77.89
484004004,8432,23482,26.42,73.58
484004005,5724,2959,65.92,34.08
484004006,2462,8992,21.49,78.51
484005001,1022,0,100.0,0.0
484005002,2854,159940,1.75,98.25
484005003,1533,21496,6.66,93.34
484005004,12401,17087,42.05,57.95
484005005,1643,0,100.0,0.0
484005006,2812,26290,9.66,90.34
484005007,2750,9947,21.66,78.34
484005008,3048,0,100.0,0.0
484005009,26562,32451,45.01,54.99
484005010,5692,76646,6.91,93.09
484005011,6279,5594,52.88,47.12
484005012,1634,0,100.0,0.0
484005013,1735,0,100.0,0.0
484005014,5779,3568,61.83,38.17
484005015,1586,0,100.0,0.0
484005016,1764,0,100.0,0.0
484005017,39582,78270,33.59,66.41
484005018,781,237039,0.33,99.67
484005019,1138,6735,14.45,85.55
484005020,2835,68769,3.96,96.04
484005021,2144,4394,32.79,67.21
484005022,1252,31804,3.79,96.21
484005023,6199,3307,65.21,34.79
484005024,7986,36299,18.03,81.97
484005025,1423,173515,0.81,99.19
484005026,3219,0,100.0,0.0
484005027,7037,113885,5.82,94.18
484005028,2614,62162,4.04,95.96
484005029,2471,0,100.0,0.0
484005030,15530,862216,1.77,98.23
484005031,1134,23607,4.58,95.42
484005032,2059,40153,4.88,95.12
484005033,36194,64626,35.9,64.1
484005034,1609,4920,24.64,75.36
484005035,21019,697506,2.93,97.07
484005036,16942,3246,83.92,16.08
484005037,953,5235,15.4,84.6
484005038,3255,9855,24.83,75.17
484006001,18235,199722,8.37,91.63
484006002,10083,145090,6.5,93.5
484006003,9603,11999,44.45,55.55
484006004,6653,14159,31.97,68.03
484006005,8132,23051,26.08,73.92
484006006,3132,2483,55.78,44.22
484006007,4422,5806,43.23,56.77
484006008,10170,105857,8.77,91.23
484006009,2237,147466,1.49,98.51
484007001,10061,7933,55.91,44.09
484007002,47097,96698,32.75,67.25
484007003,21781,5044,81.2,18.8
484007004,24425,11685,67.64,32.36
484007005,19928,4512,81.54,18.46
484007006,23758,7977,74.86,25.14
484007007,5219,6056,46.29,53.71
484007008,16037,24290,39.77,60.23
484007009,11131,29941,27.1,72.9
484007010,7388,0,100.0,0.0
484007011,20155,0,100.0,0.0
484007012,29270,35247,45.37,54.63
484007013,19981,17003,54.03,45.97
484007014,12543,11696,51.75,48.25
484007015,15001,34926,30.05,69.95
484007016,14139,3331,80.93,19.07
484007017,33535,53169,38.68,61.32
484007018,7123,2723,72.34,27.66
484007019,34113,131536,20.59,79.41
484007020,33536,16333,67.25,32.75
484007021,15364,6778,69.39,30.61
484007022,21916,0,100.0,0.0
484007023,97573,4346,95.74,4.26
484007024,4099,9528,30.08,69.92
484007025,3640,3724,49.43,50.57
484007026,51350,4414,92.08,7.92
484007028,3106,3049,50.46,49.54
484007029,1350,4052,24.99,75.01
484007030,25400,11329,69.16,30.84
484007031,116528,20262,85.19,14.81
484007032,20170,10714,65.31,34.69
484007033,7215,0,100.0,0.0
484007034,52561,28296,65.0,35.0
484007035,5677,8779,39.27,60.73
484007036,7684,0,100.0,0.0
484007037,17700,18629,48.72,51.28
484007038,22927,0,100.0,0.0
484007039,24645,3225,88.43,11.57
484007040,16003,36532,30.46,69.54
484007041,32375,13967,69.86,30.14
484007042,8838,2468,78.17,21.83
484007043,6715,4246,61.26,38.74
484007044,24308,4675,83.87,16.13
484007045,6179,0,100.0,0.0
484007046,28696,12367,69.88,30.12
484007047,11023,13879,44.27,55.73
484007048,15405,6342,70.84,29.16
484007049,32165,3913,89.15,10.85
484007050,5233,0,100.0,0.0
484007051,23884,22211,51.81,48.19
484007052,126506,29096,81.3,18.7
484007053,7898,0,100.0,0.0
484007054,17150,10950,61.03,38.97
484007055,3686,2197,62.66,37.34
484007056,13607,0,100.0,0.0
484007057,30499,45759,39.99,60.01
484007058,0,4766,0.0,100.0
484007059,231068,76962,75.01,24.99
484007060,8737,5284,62.31,37.69
484007061,80992,61086,57.01,42.99
484007062,15391,3078,83.33,16.67
484007063,3985,0,100.0,0.0
484007064,40761,14021,74.41,25.59
484007065,80167,51622,60.83,39.17
484007066,17507,8762,66.65,33.35
484007067,12190,0,100.0,0.0
484007068,17711,14135,55.61,44.39
484007069,27433,23738,53.61,46.39
484007070,12263,0,100.0,0.0
484007071,21291,7808,73.17,26.83
484007072,26997,35152,43.44,56.56
484007074,25007,19812,55.8,44.2
484007075,9682,19117,33.62,66.38
484007076,21980,7874,73.62,26.38
484007077,59408,4357,93.17,6.83
484007078,32049,182815,14.92,85.08
484007079,29590,12202,70.8,29.2
484007080,38401,3482,91.69,8.31
484007081,33976,24897,57.71,42.29
484007082,15414,0,100.0,0.0
484007083,12172,6920,63.75,36.25
484007084,8498,0,100.0,0.0
484007085,2326,8565,21.36,78.64
484007086,4588,21037,17.9,82.1
484007087,19933,21656,47.93,52.07
484007088,2308,0,100.0,0.0
484007089,91436,258886,26.1,73.9
484007090,4439,0,100.0,0.0
484007093,39843,8268,82.81,17.19
484007094,24683,24797,49.88,50.12
484007095,49961,33301,60.0,40.0
484007096,30416,61285,33.17,66.83
484007097,3785,3425,52.5,47.5
484007098,60360,22619,72.74,27.26
484007099,26919,10884,71.21,28.79
484007100,13167,589438,2.19,97.81
484007101,25232,15789,61.51,38.49
484007102,21365,8923,70.54,29.46
484007103,5885,10663,35.56,64.44
484007104,8983,6985,56.26,43.74
484007105,36311,30947,53.99,46.01
484007106,27888,53321,34.34,65.66
484007107,41955,67386,38.37,61.63
484007108,30450,9676,75.89,24.11
484007109,3884,3644,51.59,48.41
484007110,24993,20218,55.28,44.72
484008001,3842,10781,26.27,73.73
484008002,7310,18652,28.16,71.84
484008003,3628,4859,42.75,57.25
484008004,1141,20236,5.34,94.66
484008005,4098,21981,15.71,84.29
484008006,5793,0,100.0,0.0
484008007,60014,17049,77.88,22.12
484008008,9157,13936,39.65,60.35
484008009,4677,20454,18.61,81.39
484008010,7366,42039,14.91,85.09
484008011,8105,0,100.0,0.0
484008012,4902,6890,41.57,58.43
484008013,2034,0,100.0,0.0
484008014,1230,0,100.0,0.0
484008015,3696,0,100.0,0.0
484008016,39738,139769,22.14,77.86
484008017,5101,0,100.0,0.0
484008018,11817,923433,1.26,98.74
484008019,6199,0,100.0,0.0
484008020,10599,139705,7.05,92.95
484008021,2458,0,100.0,0.0
484008022,4652,2004,69.89,30.11
484008023,3793,0,100.0,0.0
484008024,2397,4605,34.23,65.77
484008025,2448,0,100.0,0.0
484008026,4178,0,100.0,0.0
484008027,42054,8220,83.65,16.35
484008028,4808,3387,58.67,41.33
484008029,17319,18039,48.98,51.02
484008030,2535,113662,2.18,97.82
484008031,826,0,100.0,0.0
484008032,1980,3212,38.14,61.86
484008033,8624,2312,78.86,21.14
484008034,4734,36040,11.61,88.39
484008035,8223,1497491,0.55,99.45
484008036,4980,0,100.0,0.0
484008037,4030,0,100.0,0.0
484008038,7798,17279,31.1,68.9
484008039,1296,0,100.0,0.0
484008040,1180,0,100.0,0.0
484008041,2744,0,100.0,0.0
484008042,1976,2289,46.33,53.67
484008043,7481,37250,16.72,83.28
484008044,7163,0,100.0,0.0
484008045,4447,0,100.0,0.0
484008046,16282,6373,71.87,28.13
484008047,2753,0,100.0,0.0
484008048,3421,62076,5.22,94.78
484008049,8123,0,100.0,0.0
484008050,4269,20228,17.43,82.57
484008051,5089,0,100.0,0.0
484008052,7695,0,100.0,0.0
484008053,8352,8423,49.79,50.21
484008054,2081,0,100.0,0.0
484008055,2192,0,100.0,0.0
484008056,2697,0,100.0,0.0
484008057,600,4404,11.99,88.01
484008058,1693,9873,14.64,85.36
484008059,3414,0,100.0,0.0
484008060,16042,13755,53.84,46.16
484008061,5320,0,100.0,0.0
484008062,1449,0,100.0,0.0
484008063,17029,0,100.0,0.0
484008064,6512,0,100.0,0.0
484008065,4768,0,100.0,0.0
484009001,4102,5409701,0.08,99.92
484009002,12723,2246125,0.56,99.44
484009003,1206,245579,0.49,99.51
484009004,19369,133313,12.69,87.31
484009005,5157,386811,1.32,98.68
484009006,7468,687839,1.07,98.93
484010001,31261,27729,52.99,47.01
484010002,4295,0,100.0,0.0
484010003,4078,0,100.0,0.0
484010004,16867,18088,48.25,51.75
484010005,51986,631744,7.6,92.4
484010006,10022,0,100.0,0.0
484010007,60877,309536,16.43,83.57
484010008,7337,28994,20.19,79.81
484010009,5630,4198,57.29,42.71
484010010,3835,0,100.0,0.0
484010011,4728,0,100.0,0.0
484010012,35054,128122,21.48,78.52
484010013,4069,22861,15.11,84.89
484010014,47216,0,100.0,0.0
484010015,9963,2923,77.32,22.68
484010016,13127,5921,68.92,31.08
484010017,5228,2775,65.33,34.67
484010018,3649,6735,35.14,64.86
484010019,4925,0,100.0,0.0
484010020,7426,5218,58.73,41.27
484010021,4095,7015,36.86,63.14
484010022,15473,10132,60.43,39.57
484010023,17950,33074,35.18,64.82
484010024,6741,6073,52.61,47.39
484010025,2839,0,100.0,0.0
484010026,11504,5711,66.83,33.17
484010027,5251,0,100.0,0.0
484010028,6958,5054,57.93,42.07
484010029,2103,0,100.0,0.0
484010030,1625,0,100.0,0.0
484010031,2671,4056,39.71,60.29
484010032,9597,38676,19.88,80.12
484010033,3309,3608,47.84,52.16
484010034,20986,5193,80.16,19.84
484010035,5943,5430,52.26,47.74
484010036,9520,11623,45.03,54.97
484010037,5693,3527,61.75,38.25
484010038,3418,20014,14.59,85.41
484011001,47542,44404,51.71,48.29
484011002,36265,72004,33.5,66.5
484011003,97995,75864,56.36,43.64
484011004,26361,37015,41.59,58.41
484011005,27776,90066,23.57,76.43
484011006,5342,0,100.0,0.0
484011007,82094,437679,15.79,84.21
484011008,24491,16731,59.41,40.59
484011009,47357,34838,57.62,42.38
484011010,6886,4177,62.24,37.76
484011011,20366,77485,20.81,79.19
484011012,15692,15049,51.05,48.95
484011013,19915,7449,72.78,27.22
484011014,94469,67316,58.39,41.61
484011015,33857,159833,17.48,82.52
484011016,15284,5842,72.35,27.65
484011017,101667,484014,17.36,82.64
484011018,8366,30402,21.58,78.42
484011019,33792,15659,68.33,31.67
484011020,53875,1662938,3.14,96.86
484011021,7715,39497,16.34,83.66
484011022,16697,8052,67.47,32.53
484011023,89120,65449,57.66,42.34
484011024,8483,3908,68.46,31.54
484011025,26724,56961,31.93,68.07
484011026,33516,32218,50.99,49.01
484011027,54520,218429,19.97,80.03
484011028,27506,66509,29.26,70.74
484011029,31638,9408,77.08,22.92
484011030,67023,52559,56.05,43.95
484011031,31374,99207,24.03,75.97
484011032,68745,20761,76.8,23.2
484011033,61681,66749,48.03,51.97
484011034,5719,0,100.0,0.0
484011035,24739,57556,30.06,69.94
484011036,3193,3517,47.59,52.41
484011037,37805,165217,18.62,81.38
484011038,6246,5052,55.28,44.72
484011039,17338,18507,48.37,51.63
484011040,20007,0,100.0,0.0
484011041,9205,52240,14.98,85.02
484011042,70648,77979,47.53,52.47
484011043,18642,2606,87.74,12.26
484011044,16157,49610,24.57,75.43
484011045,11136,0,100.0,0.0
484011046,39094,29630,56.89,43.11
484012001,82471,694050,10.62,89.38
484012002,21486,3462,86.12,13.88
484012003,24516,12771,65.75,34.25
484012004,18122,2976,85.89,14.11
484012005,3413,4301,44.24,55.76
484012006,3988,7124,35.89,64.11
484012007,9797,23459,29.46,70.54
484012008,5992,3157,65.49,34.51
484012009,5709,0,100.0,0.0
484012010,22073,6346,77.67,22.33
484012011,17316,43339,28.55,71.45
484012012,39487,29509,57.23,42.77
484012013,20477,16438,55.47,44.53
484012014,8649,6775,56.07,43.93
484012015,5216,7762,40.19,59.81
484012016,12408,0,100.0,0.0
484012017,11259,4320,72.27,27.73
484012018,8268,6195,57.17,42.83
484012019,7593,7910,48.98,51.02
484012020,18028,3406,84.11,15.89
484012021,42480,30444,58.25,41.75
484012022,29152,9287,75.84,24.16
484012023,12577,14051,47.23,52.77
484012024,7808,0,100.0,0.0
484012025,13237,3782,77.78,22.22
484012026,8273,0,100.0,0.0
484012027,16162,4375,78.7,21.3
484012028,70029,71375,49.52,50.48
484012029,25461,255359,9.07,90.93
484012030,8407,13778,37.89,62.11
484012031,6259,0,100.0,0.0
484012032,26302,10897,70.71,29.29
484012033,9468,8011,54.17,45.83
484012034,15245,21247,41.78,58.22
484012035,11611,141857,7.57,92.43
484012036,7450,4288,63.47,36.53
484012037,6138,0,100.0,0.0
484012038,37348,114672,24.57,75.43
484012039,14643,11390,56.25,43.75
484012040,15020,11329,57.0,43.0
484012041,40942,0,100.0,0.0
484012042,9159,9454,49.21,50.79
484012043,32187,7684,80.73,19.27
484012044,7144,5257,57.61,42.39
484012045,17677,10604,62.5,37.5
484012046,18160,49739,26.75,73.25
484012047,7078,0,100.0,0.0
484012048,13799,30751,30.97,69.03
484012049,7978,4768,62.59,37.41
484012050,10513,27804,27.44,72.56
484012051,26490,9623,73.35,26.65
484012052,22697,23213,49.44,50.56
484012053,26525,23596,52.92,47.08
484012054,19702,4437,81.62,18.38
484012055,31301,74129,29.69,70.31
484012056,38373,7690,83.31,16.69
484012057,37327,27744,57.36,42.64
484012058,27723,26087,51.52,48.48
484012059,23369,7382,75.99,24.01
484012060,13546,0,100.0,0.0
484012061,6154,36687,14.36,85.64
484012062,16997,5612,75.18,24.82
484012063,9976,0,100.0,0.0
484012064,7556,4126,64.68,35.32
484012065,5264,2323,69.38,30.62
484012066,31327,64104,32.83,67.17
484012067,11730,10349,53.13,46.87
484012068,7421,4467,62.42,37.58
484012069,1878,5984,23.89,76.11
484012070,19618,10048,66.13,33.87
484012071,48745,2702,94.75,5.25
484012072,13599,3594,79.1,20.9
484012073,9344,12590,42.6,57.4
484012074,6353,46715,11.97,88.03
484013001,22267,0,100.0,0.0
484013002,27597,18462,59.92,40.08
484013003,10259,50648,16.84,83.16
484013004,10313,0,100.0,0.0
484013005,5550,13322,29.41,70.59
484013006,19141,0,100.0,0.0
484013007,8506,4042,67.79,32.21
484013008,10036,36524,21.55,78.45
484013009,13283,6552,66.97,33.03
484013010,3041,28432,9.66,90.34
484013011,18009,1786,90.98,9.02
484013012,21272,8848,70.62,29.38
484013013,21823,40641,34.94,65.06
484013014,12405,3740,76.83,23.17
484013015,19294,0,100.0,0.0
484013016,27989,32408,46.34,53.66
484013017,12961,0,100.0,0.0
484013018,18427,4434,80.6,19.4
484013019,17406,25115,40.94,59.06
484013020,2593,0,100.0,0.0
484013021,5289,9871,34.89,65.11
484013022,11738,4547,72.08,27.92
484013023,13427,22791,37.07,62.93
484013024,17601,0,100.0,0.0
484013025,16102,4559,77.93,22.07
484013026,12764,0,100.0,0.0
484013027,19490,3217,85.83,14.17
484013028,76271,50442,60.19,39.81
484013029,31912,15407,67.44,32.56
484013030,38966,59256,39.67,60.33
484013031,7539,4672,61.74,38.26
484013032,3522,6723,34.38,65.62
484013033,2895,0,100.0,0.0
484013034,9474,0,100.0,0.0
484013035,13077,0,100.0,0.0
484013036,9436,0,100.0,0.0
484013037,16131,4811,77.03,22.97
484013038,8869,0,100.0,0.0
484013039,2557,11765,17.85,82.15
484013040,9818,0,100.0,0.0
484013041,16487,30632,34.99,65.01
484013042,5899,5519,51.66,48.34
484013043,6166,0,100.0,0.0
484013044,16948,0,100.0,0.0
484013045,9294,0,100.0,0.0
484013046,24567,13902,63.86,36.14
484013047,4781,0,100.0,0.0
484013048,6159,305627,1.98,98.02
484013049,18711,0,100.0,0.0
484013050,84285,118311,41.6,58.4
484013051,21816,17058,56.12,43.88
484013052,15935,1667,90.53,9.47
484013053,28633,8116,77.92,22.08
484013054,12490,5839,68.14,31.86
484013055,13698,25848,34.64,65.36
484013056,11105,4035,73.35,26.65
484013057,13327,4100,76.47,23.53
484013058,28401,9541,74.85,25.15
484013059,14682,2609,84.91,15.09
484013060,6678,49551,11.88,88.12
484013061,31153,0,100.0,0.0
484013062,32060,58462,35.42,64.58
484013063,10829,0,100.0,0.0
484013064,4714,26120,15.29,84.71
484013065,3498,9534,26.84,73.16
484013066,15894,39238,28.83,71.17
484013067,14329,0,100.0,0.0
484013068,6643,161504,3.95,96.05
484013069,9030,0,100.0,0.0
484013070,2893,8220,26.03,73.97
484013071,29275,8445,77.61,22.39
484013072,960,27662,3.35,96.65
484013073,11070,10195,52.06,47.94
484013074,28409,86057,24.82,75.18
484013075,25279,142235,15.09,84.91
484013076,18220,0,100.0,0.0
484013077,7015,0,100.0,0.0
484013078,20113,4561,81.51,18.49
484013079,7037,31064,18.47,81.53
484013080,653,20781,3.05,96.95
484013081,19520,38366,33.72,66.28
484013082,21700,18017,54.64,45.36
484014001,7478,15668,32.31,67.69
484014002,2167,21465,9.17,90.83
484014003,2763,20585,11.83,88.17
484014004,3105,2609,54.34,45.66
484014005,4507,11934,27.41,72.59
484014006,15742,44226,26.25,73.75
484014007,3928,5505,41.64,58.36
484014008,22702,76076,22.98,77.02
484014009,4102,17012,19.43,80.57
484014010,1358,6422,17.46,82.54
484014011,5599,0,100.0,0.0
484014012,4176,0,100.0,0.0
484014013,21916,41697,34.45,65.55
484014014,2767,5897,31.94,68.06
484014015,12625,51840,19.58,80.42
484014016,11654,29864,28.07,71.93
484014017,5997,6864,46.63,53.37
484014018,13776,54099,20.3,79.7
484014019,6773,0,100.0,0.0
484014020,6837,4103,62.5,37.5
484014021,5395,15121,26.3,73.7
484014022,4815,35276,12.01,87.99
484014023,2451,111047,2.16,97.84
484014024,6679,22527,22.87,77.13
484014025,4639,14916,23.72,76.28
484014026,976,5349,15.43,84.57
484014027,15542,2828,84.61,15.39
484014028,2166,0,100.0,0.0
484014029,13065,4739,73.38,26.62
484014030,2727,52125,4.97,95.03
484014031,3264,0,100.0,0.0
484014032,2196,3787,36.7,63.3
484014033,10338,10861,48.77,51.23
484014034,1955,0,100.0,0.0
484014035,20558,32437,38.79,61.21
484014036,5125,14797,25.73,74.27
484014037,9005,16854,34.82,65.18
484014038,4193,0,100.0,0.0
484014039,8,1379717,0.0,100.0
484014040,5342,3390,61.18,38.82
484014041,1934,3985,32.67,67.33
484014042,4691,5309,46.91,53.09
484014043,17300,5955,74.39,25.61
484014044,14136,53697,20.84,79.16
484014045,13013,7439,63.63,36.37
484014046,8463,24073,26.01,73.99
484014047,1721,22798,7.02,92.98
484014048,10454,8476,55.22,44.78
484014049,8760,0,100.0,0.0
484014050,9261,37676,19.73,80.27
484014051,4004,26841,12.98,87.02
484014052,2845,2678,51.51,48.49
484014053,51360,120654,29.86,70.14
484014054,2931,2422,54.75,45.25
484014055,4401,17366,20.22,79.78
484014056,1815,0,100.0,0.0
484014057,1327,2769,32.4,67.6
484014058,6161,8246,42.76,57.24
484014059,5355,8675,38.17,61.83
484014060,1766,3541,33.28,66.72
484014061,18481,2513,88.03,11.97
484014062,3639,0,100.0,0.0
484014063,10581,95362,9.99,90.01
484014064,16208,17364,48.28,51.72
484014065,4419,6940,38.9,61.1
484014066,10772,42805,20.11,79.89
484014067,10837,279950,3.73,96.27
484014068,6572,4728,58.16,41.84
484014069,7734,0,100.0,0.0
484014070,5887,214358,2.67,97.33
484014071,2922,0,100.0,0.0
484014072,1428,6179,18.77,81.23
484014073,13181,58845,18.3,81.7
484014074,2881,13861,17.21,82.79
484014075,342,3435,9.05,90.95
484014076,3079,0,100.0,0.0
484014077,14823,13172,52.95,47.05
484014078,5936,25981,18.6,81.4
484014079,5311,11070,32.42,67.58
484014080,5086,0,100.0,0.0
484014081,3515,0,100.0,0.0
484014082,4812,32001,13.07,86.93
484014083,16887,70791,19.26,80.74
484014084,4356,10613,29.1,70.9
484014085,12954,25475,33.71,66.29
484014086,14635,6368,69.68,30.32
484014087,2075,14481,12.53,87.47
484014088,6771,9806,40.85,59.15
484014089,1216,2856,29.86,70.14
484014090,3246,4037,44.57,55.43
484014091,15005,24811,37.69,62.31
484014092,7172,3774,65.52,34.48
484014093,17461,132167,11.67,88.33
484014094,7313,36902,16.54,83.46
484014095,5599,4038,58.1,41.9
484014096,2623,20019,11.58,88.42
484014097,31383,695416,4.32,95.68
484014098,7255,678702,1.06,98.94
484014099,7804,2613,74.92,25.08
484014100,18743,17550,51.64,48.36
484014101,4630,564881,0.81,99.19
484014102,2597,3364,43.57,56.43
484014103,864,6685,11.45,88.55
484014104,4160,0,100.0,0.0
484014105,8701,14795,37.03,62.97
484014106,4586,0,100.0,0.0
484014107,3069,3627,45.83,54.17
484014108,7563,29765,20.26,79.74
484014109,10988,8078,57.63,42.37
484014110,5015,8771,36.38,63.62
484014111,1789,4829,27.03,72.97
484014112,1901,4249,30.91,69.09
484014113,10348,4964,67.58,32.42
484014114,144,18469,0.77,99.23
484014115,1595,3924,28.9,71.1
484014116,4760,15316,23.71,76.29
484014117,1353,3035,30.83,69.17
484014118,8237,14055,36.95,63.05
484014119,9772,20194,32.61,67.39
484014120,21655,1450364,1.47,98.53
484014121,3183,29777,9.66,90.34
484014122,3286,4180,44.01,55.99
484014123,14809,4470,76.81,23.19
484014124,28502,36263,44.01,55.99
484015001,53175,14696,78.35,21.65
484015002,4455,161129,2.69,97.31
484015003,47028,2233,95.47,4.53
484015004,11884,3437,77.57,22.43
484015005,87834,82270,51.64,48.36
484015006,1282,11414,10.1,89.9
484015007,15287,8381,64.59,35.41
484015008,22644,2601,89.7,10.3
484015009,7708,45666,14.44,85.56
484015010,6061,25835,19.0,81.0
484015011,36576,4397065,0.82,99.18
484015012,2804,10185,21.59,78.41
484015013,577,522732,0.11,99.89
484015014,57284,51999,52.42,47.58
484015015,5082,26798,15.94,84.06
484015016,8896,20212,30.56,69.44
484015017,6549,3330,66.29,33.71
484015018,11120,57352,16.24,83.76
484015019,4017,32892,10.88,89.12
484015020,290,293007,0.1,99.9
484015021,30486,8157,78.89,21.11
484015022,3452,11655,22.85,77.15
484015023,3778,37108,9.24,90.76
484015024,20024,1331322,1.48,98.52
484015025,13073,775229,1.66,98.34
484015026,16226,15511,51.13,48.87
484015027,2057,10713,16.11,83.89
484015028,3237,26808,10.77,89.23
484015029,7304,193256,3.64,96.36
484015030,1580,26094,5.71,94.29
484015031,19628,17327,53.11,46.89
484015032,4943,5882,45.66,54.34
484015033,9020,154215,5.53,94.47
484015034,10885,35865,23.28,76.72
484015035,20597,264089,7.23,92.77
484015036,11917,0,100.0,0.0
484015037,14647,527162,2.7,97.3
484015038,15251,21620,41.36,58.64
484015039,6472,0,100.0,0.0
484015040,14093,145621,8.82,91.18
484015041,10220,20464,33.31,66.69
484015042,1820,41281,4.22,95.78
484015043,39603,47659,45.38,54.62
484015044,9986,9881,50.26,49.74
484015045,47544,29278,61.89,38.11
484015046,23815,45413,34.4,65.6
484015047,6461,8966,41.88,58.12
484015048,1884,25219,6.95,93.05
484015049,39607,130361,23.3,76.7
484015050,17784,10300,63.32,36.68
484015051,2229,58987,3.64,96.36
484015052,4198,237952,1.73,98.27
484015053,3113,10679,22.57,77.43
484015054,13689,19475,41.28,58.72
484015055,34123,799380,4.09,95.91
484015056,3697,53385,6.48,93.52
484015057,16909,413391,3.93,96.07
484015058,1468,8883,14.18,85.82
484015059,19046,53042,26.42,73.58
484015060,33134,3088,91.47,8.53
484015061,31142,5551,84.87,15.13
484015062,11443,23939,32.34,67.66
484015063,4843,0,100.0,0.0
484015064,19862,68882,22.38,77.62
484015065,12452,18308,40.48,59.52
484015066,86,4746,1.78,98.22
484015067,6762,297232,2.22,97.78
484015068,12365,2603,82.61,17.39
484015069,0,15965,0.0,100.0
484015070,1811,30146,5.67,94.33
484015071,150107,94894,61.27,38.73
484015072,13468,15714,46.15,53.85
484015073,994,96436,1.02,98.98
484015074,6691,0,100.0,0.0
484015075,9728,0,100.0,0.0
484015076,9026,5296,63.02,36.98
484015077,18041,5943,75.22,24.78
484015078,8704,538732,1.59,98.41
484015079,72722,35156,67.41,32.59
484015080,7606,6524,53.83,46.17
484015081,10548,33037,24.2,75.8
484015082,41973,24418,63.22,36.78
484015083,34830,0,100.0,0.0
484015084,47006,58717,44.46,55.54
484015085,28453,74808,27.55,72.45
484015086,2158,9198,19.0,81.0
484015087,22768,66833,25.41,74.59
484015088,3171,62199,4.85,95.15
484015089,5271,53231,9.01,90.99
484015090,8976,23568,27.58,72.42
484015091,5815,14658,28.4,71.6
484015092,2620,36867,6.64,93.36
484015093,15427,2993,83.75,16.25
484015094,700,5034,12.21,87.79
484015095,1568,45466,3.33,96.67
484015096,36383,47869,43.18,56.82
484015097,16436,0,100.0,0.0
484015098,6652,42408,13.56,86.44
484015099,28495,3250,89.76,10.24
484015100,45897,863491,5.05,94.95
484015101,6441,6462,49.92,50.08
484015102,6165,151467,3.91,96.09
484015103,26485,34641,43.33,56.67
484015104,42597,10678,79.96,20.04
484015105,27337,24132,53.11,46.89
484015106,44164,24876,63.97,36.03
484015107,95989,12186,88.73,11.27
484015108,18990,35619,34.77,65.23
484015109,1632,3478,31.94,68.06
484015110,10630,2869,78.75,21.25
484015111,36282,167133,17.84,82.16
484015112,10243,8591,54.39,45.61
484015113,0,279923,0.0,100.0
484016001,5307,5992,46.97,53.03
484016002,2071,12586,14.13,85.87
484016003,11603,11380,50.49,49.51
484016004,45059,65305,40.83,59.17
484016005,6383,4507,58.61,41.39
484016006,18515,107175,14.73,85.27
484016007,3524,0,100.0,0.0
484016008,24082,0,100.0,0.0
484016009,10741,25395,29.72,70.28
484016010,11453,8789,56.58,43.42
484016011,2544,9134,21.78,78.22
484016012,12796,32611,28.18,71.82
484016013,5498,3525,60.93,39.07
484016014,3413,13486,20.2,79.8
484016015,7850,11449,40.68,59.32
484016016,14084,6878,67.19,32.81
484016017,42048,9095,82.22,17.78
484016018,5882,3601,62.03,37.97
484016019,8534,11586,42.42,57.58
484016020,9010,20897,30.13,69.87
484016021,2284,11231,16.9,83.1
484016022,14431,7665,65.31,34.69
484016023,3059,7356,29.37,70.63
484016024,653,19907,3.18,96.82
484016025,12386,28126,30.57,69.43
484016026,4654,0,100.0,0.0
484016027,4938,0,100.0,0.0
484016028,2530,2702,48.36,51.64
484016029,6853,5398,55.94,44.06
484016030,7248,4599,61.18,38.82
484016031,10077,5613,64.23,35.77
484016032,8356,13082,38.98,61.02
484016033,31891,93713,25.39,74.61
484016034,15086,15489,49.34,50.66
484016035,4352,7288,37.39,62.61
484016036,5399,2545,67.96,32.04
484016037,14468,27417,34.54,65.46
484016038,5264,3749,58.4,41.6
484016039,5870,12510,31.94,68.06
484016040,9027,7016,56.27,43.73
484016041,9182,5118,64.21,35.79
484016042,5420,63087,7.91,92.09
484016043,9309,3634,71.92,28.08
484016044,12378,37697,24.72,75.28
484016045,4895,10039,32.78,67.22
484016046,13088,6681,66.2,33.8
484016047,1266,4479,22.04,77.96
484016048,10759,8163,56.86,43.14
484016049,30139,59016,33.81,66.19
484016050,10434,184955,5.34,94.66
484016051,64301,779286,7.62,92.38
484016052,5987,1987,75.08,24.92
484016053,4902,40812,10.72,89.28
484016054,1911,30688,5.86,94.14
484016055,4174,3972,51.24,48.76
484016056,3919,17004,18.73,81.27
484016057,9024,0,100.0,0.0
484016058,2885,6548,30.58,69.42
484016059,16580,8191,66.93,33.07
484016060,5700,15323,27.11,72.89
484016061,8852,6037,59.45,40.55
484016062,12581,14217,46.95,53.05
484016063,5819,33568,14.77,85.23
484016064,24968,72964,25.5,74.5
484016065,12720,3901,76.53,23.47
484016066,14545,14757,49.64,50.36
484016067,18622,87226,17.59,82.41
484016068,3295,12201,21.26,78.74
484016069,3687,10266,26.42,73.58
484016070,7997,19156,29.45,70.55
484016071,3017,7536,28.59,71.41
484016072,4899,73758,6.23,93.77
484016073,8436,69780,10.79,89.21
484016074,9696,7923,55.03,44.97
484016075,4564,8248,35.62,64.38
484016076,17752,32096,35.61,64.39
484016077,18431,1400,92.94,7.06
484016078,9028,0,100.0,0.0
484016079,32570,46332,41.28,58.72
484016080,27030,6402,80.85,19.15
484016081,6528,25143,20.61,79.39
484016082,8060,27167,22.88,77.12
484016083,7226,8284,46.59,53.41
484016084,9670,5869,62.23,37.77
484016085,35369,78888,30.96,69.04
484016086,13656,10378,56.82,43.18
484016087,1325,14995,8.12,91.88
484016088,6697,8237,44.84,55.16
484016089,8487,4347,66.13,33.87
484016090,24145,4403,84.58,15.42
484016091,3197,3225,49.78,50.22
484016092,6084,6214,49.47,50.53
484016093,5921,0,100.0,0.0
484016094,22915,5744,79.96,20.04
484016095,17727,8013,68.87,31.13
484016096,11261,3014,78.89,21.11
484016097,7048,7858,47.28,52.72
484016098,8683,0,100.0,0.0
484016099,14728,339978,4.15,95.85
484016100,3767,19653,16.08,83.92
484016101,10695,5141,67.54,32.46
484016102,6095,14886,29.05,70.95
484016103,4658,27451,14.51,85.49
484016104,13475,63255,17.56,82.44
484016105,17643,186583,8.64,91.36
484016106,3229,0,100.0,0.0
484016107,27029,21878,55.27,44.73
484016108,8176,10194,44.51,55.49
484016109,54072,102568,34.52,65.48
484017001,10440,7155,59.34,40.66
484017002,12094,13116,47.97,52.03
484017003,11741,27420,29.98,70.02
484017004,40164,49272,44.91,55.09
484017005,9687,0,100.0,0.0
484017006,17984,167764,9.68,90.32
484017007,18393,358101,4.89,95.11
484017008,6610,100138,6.19,93.81
484017009,14112,10390,57.6,42.4
484017010,5103,13290,27.74,72.26
484017011,5086,210073,2.36,97.64
484017012,8169,49113,14.26,85.74
484017013,248,16344,1.49,98.51
484017014,6093,3525,63.35,36.65
484017015,9912,16836,37.06,62.94
484017016,6878,12339,35.79,64.21
484017017,13672,53964,20.21,79.79
484017018,14000,108218,11.45,88.55
484017019,8956,19163,31.85,68.15
484017020,28052,26839,51.1,48.9
484017021,2883,4734,37.85,62.15
484017022,2737,19964,12.06,87.94
484017023,3874,4068,48.78,51.22
484017024,15059,37005,28.92,71.08
484017025,14169,19620,41.93,58.07
484017026,12172,7235,62.72,37.28
484017027,2553,10186,20.04,79.96
484017028,8782,62180,12.38,87.62
484017029,18080,87601,17.11,82.89
484017030,12628,43440,22.52,77.48
484017031,2626,33455,7.28,92.72
484017032,3347,22842,12.78,87.22
484018001,17506,19586,47.2,52.8
484018002,8705,6540,57.1,42.9
484018003,7727,3792,67.08,32.92
484018004,63804,200637,24.13,75.87
484018005,8366,3662,69.55,30.45
484018006,2793,26440,9.55,90.45
484018007,5676,13645,29.38,70.62
484018008,18068,46405,28.02,71.98
484018009,39774,6264,86.39,13.61
484018010,24619,8927,73.39,26.61
484018011,7452,16623,30.95,69.05
484018012,25835,15596,62.36,37.64
484018013,3323,4277,43.72,56.28
484018014,15693,8624,64.54,35.46
484018015,45155,48575,48.18,51.82
484018016,17637,19436,47.57,52.43
484018017,31307,390119,7.43,92.57
484018018,6792,23249,22.61,77.39
484018019,13550,0,100.0,0.0
484019001,2975,0,100.0,0.0
484019002,3378,0,100.0,0.0
484019003,1408,0,100.0,0.0
484019004,7758,27336,22.11,77.89
484019005,1979,16051,10.98,89.02
484019006,2670,649236,0.41,99.59
484019007,10040,4932,67.06,32.94
484019008,140,3519,3.83,96.17
484019009,12162,108140,10.11,89.89
484019010,10,104358,0.01,99.99
484019011,753,6584,10.26,89.74
484019012,1030,67700,1.5,98.5
484019013,1452,8478,14.62,85.38
484019014,23723,12323,65.81,34.19
484019015,1359,0,100.0,0.0
484019016,3258,0,100.0,0.0
484019017,29084,11724,71.27,28.73
484019018,13386,383717,3.37,96.63
484019019,42,131708,0.03,99.97
484019020,2282,3214,41.52,58.48
484019021,4915,475671,1.02,98.98
484019022,7202,6826,51.34,48.66
484019023,1810,0,100.0,0.0
484019024,3629,2649,57.81,42.19
484019025,3124,99026,3.06,96.94
484019026,302,641735,0.05,99.95
484019027,1960,0,100.0,0.0
484019028,1388,0,100.0,0.0
484019029,1031,5995,14.67,85.33
484019030,3271,0,100.0,0.0
484019031,8988,462406,1.91,98.09
484019032,420,4928,7.85,92.15
484019033,14274,70191,16.9,83.1
484019034,3221,1898,62.92,37.08
484019035,1472,0,100.0,0.0
484019036,7652,0,100.0,0.0
484019037,691,5304,11.53,88.47
484019038,12927,53722,19.4,80.6
484019039,44,1138825,0.0,100.0
484019040,907,0,100.0,0.0
484019041,194,147393,0.13,99.87
484019042,5321,0,100.0,0.0
484019043,2377,0,100.0,0.0
484019044,2320,32352,6.69,93.31
484019045,2707,84030,3.12,96.88
484019046,0,411925,0.0,100.0
484019047,102,15985,0.63,99.37
484019048,2270,303863,0.74,99.26
484019049,2883,43621,6.2,93.8
484019050,1552,0,100.0,0.0
484019051,1674,1899,46.85,53.15
484020001,824,0,100.0,0.0
484020002,23585,21562,52.24,47.76
484020003,2507,0,100.0,0.0
484020004,1107,0,100.0,0.0
484020005,7012,8171,46.18,53.82
484020006,6635,13822,32.43,67.57
484020007,2396,0,100.0,0.0
484020008,733,0,100.0,0.0
484020009,2730,4122,39.84,60.16
484020010,10325,3149,76.63,23.37
484020011,1290,0,100.0,0.0
484020012,11167,0,100.0,0.0
484020013,63,2980,2.07,97.93
484020014,1940,26090,6.92,93.08
484020015,2164,3193,40.4,59.6
484020016,9563,0,100.0,0.0
484020017,3609,0,100.0,0.0
484020018,752,0,100.0,0.0
484020019,2730,0,100.0,0.0
484020020,4747,0,100.0,0.0
484020021,5700,8770,39.39,60.61
484020022,760,0,100.0,0.0
484020023,7467,19413,27.78,72.22
484020024,3587,0,100.0,0.0
484020025,191,11165,1.68,98.32
484020026,5902,3038,66.02,33.98
484020027,2179,0,100.0,0.0
484020028,10975,12166,47.43,52.57
484020029,4160,0,100.0,0.0
484020030,454,8276,5.2,94.8
484020031,4352,2624,62.39,37.61
484020032,1076,0,100.0,0.0
484020033,2917,0,100.0,0.0
484020034,1290,0,100.0,0.0
484020035,570,0,100.0,0.0
484020036,5242,0,100.0,0.0
484020037,4372,0,100.0,0.0
484020038,1859,0,100.0,0.0
484020039,22127,56018,28.32,71.68
484020040,6385,0,100.0,0.0
484020041,19229,12461,60.68,39.32
484020042,6229,3566,63.59,36.41
484020043,13798,99745,12.15,87.85
484020044,6613,34182,16.21,83.79
484020045,3741,4145,47.44,52.56
484020046,2939,0,100.0,0.0
484020047,81,0,100.0,0.0
484020048,1396,0,100.0,0.0
484020049,1183,0,100.0,0.0
484020050,3655,0,100.0,0.0
484020051,117,4647,2.46,97.54
484020052,2910,3083,48.56,51.44
484020053,1299,0,100.0,0.0
484020054,404,0,100.0,0.0
484020055,3739,0,100.0,0.0
484020056,1448,0,100.0,0.0
484020057,10327,27848,27.05,72.95
484020058,12667,0,100.0,0.0
484020059,12897,35619,26.58,73.42
484020060,2487,0,100.0,0.0
484020061,2893,0,100.0,0.0
484020062,498,0,100.0,0.0
484020063,88,4205,2.05,97.95
484020064,8485,0,100.0,0.0
484020065,1064,0,100.0,0.0
484020066,1641,3701,30.72,69.28
484020067,2606,267478,0.96,99.04
484020068,5627,18120,23.7,76.3
484020069,525,2527,17.2,82.8
484020070,970,5446,15.12,84.88
484020071,3257,0,100.0,0.0
484020072,4483,3578,55.61,44.39
484020073,19919,14529,57.82,42.18
484020074,456,0,100.0,0.0
484020075,0,2662,0.0,100.0
484020076,3412,0,100.0,0.0
484020077,4369,0,100.0,0.0
484020078,1302,0,100.0,0.0
484020079,7780,76557,9.22,90.78
484020080,1594,0,100.0,0.0
484020081,1871,0,100.0,0.0
484020082,4155,0,100.0,0.0
484020083,2538,8825,22.34,77.66
484020084,2,4167,0.05,99.95
484020085,23357,2730,89.54,10.46
484020086,948,0,100.0,0.0
484020087,621,4902,11.24,88.76
484020088,2868,0,100.0,0.0
484020089,2306,0,100.0,0.0
484020090,1639,4595,26.29,73.71
484020091,634,5644,10.1,89.9
484020092,1778,0,100.0,0.0
484020093,520,0,100.0,0.0
484020094,1843,0,100.0,0.0
484020095,4511,0,100.0,0.0
484020096,756,0,100.0,0.0
484020097,1729,0,100.0,0.0
484020098,4183,0,100.0,0.0
484020099,381,0,100.0,0.0
484020100,393,0,100.0,0.0
484020101,748,0,100.0,0.0
484020102,5325,0,100.0,0.0
484020103,426,5616,7.05,92.95
484020104,2667,0,100.0,0.0
484020105,7635,0,100.0,0.0
484020106,249,0,100.0,0.0
484020107,2430,23837,9.25,90.75
484020108,2828,0,100.0,0.0
484020109,2526,8767,22.37,77.63
484020110,1618,0,100.0,0.0
484020111,1973,2900,40.49,59.51
484020112,24,2554,0.93,99.07
484020113,596,2566,18.85,81.15
484020114,674,0,100.0,0.0
484020115,1825,8274,18.07,81.93
484020116,1266,2863,30.66,69.34
484020117,2213,0,100.0,0.0
484020118,2391,0,100.0,0.0
484020119,735,0,100.0,0.0
484020120,299,0,100.0,0.0
484020121,596,0,100.0,0.0
484020122,653,0,100.0,0.0
484020123,2829,0,100.0,0.0
484020124,3414,16284,17.33,82.67
484020125,11627,0,100.0,0.0
484020126,1080,4317,20.01,79.99
484020127,1252,0,100.0,0.0
484020128,1296,0,100.0,0.0
484020129,356,0,100.0,0.0
484020130,1803,3377,34.81,65.19
484020131,1265,10147,11.08,88.92
484020132,1350,0,100.0,0.0
484020133,3914,0,100.0,0.0
484020134,21774,6723,76.41,23.59
484020135,7011,1224,85.14,14.86
484020136,6676,5420,55.19,44.81
484020137,3425,0,100.0,0.0
484020138,451,0,100.0,0.0
484020139,2172,0,100.0,0.0
484020140,805,0,100.0,0.0
484020141,3666,5040,42.11,57.89
484020142,841,0,100.0,0.0
484020143,3632,5824,38.41,61.59
484020144,1025,0,100.0,0.0
484020145,124,5078,2.38,97.62
484020146,2780,0,100.0,0.0
484020147,378,0,100.0,0.0
484020148,2182,0,100.0,0.0
484020149,2019,0,100.0,0.0
484020150,1103,12753,7.96,92.04
484020151,312,0,100.0,0.0
484020152,2381,0,100.0,0.0
484020153,1215,3695,24.75,75.25
484020154,2329,0,100.0,0.0
484020155,1060,0,100.0,0.0
484020156,3658,0,100.0,0.0
484020157,0,16813,0.0,100.0
484020158,2205,0,100.0,0.0
484020159,5538,0,100.0,0.0
484020160,1429,0,100.0,0.0
484020161,2730,0,100.0,0.0
484020162,2046,0,100.0,0.0
484020163,1551,0,100.0,0.0
484020164,2879,0,100.0,0.0
484020165,1629,0,100.0,0.0
484020166,7505,3782,66.49,33.51
484020167,2149,0,100.0,0.0
484020168,938,0,100.0,0.0
484020169,4106,0,100.0,0.0
484020170,3702,0,100.0,0.0
484020171,17906,0,100.0,0.0
484020172,410,0,100.0,0.0
484020173,334,4224,7.33,92.67
484020174,1404,0,100.0,0.0
484020175,2641,0,100.0,0.0
484020176,3660,6479,36.1,63.9
484020177,6693,0,100.0,0.0
484020178,1447,0,100.0,0.0
484020179,2345,0,100.0,0.0
484020180,453,0,100.0,0.0
484020181,2156,0,100.0,0.0
484020182,1475,0,100.0,0.0
484020183,50766,108001,31.98,68.02
484020184,5184,3755,57.99,42.01
484020185,524,0,100.0,0.0
484020186,1762,0,100.0,0.0
484020187,4262,5345,44.36,55.64
484020188,3111,0,100.0,0.0
484020189,16493,5827,73.89,26.11
484020190,296,0,100.0,0.0
484020191,1523,0,100.0,0.0
484020192,38,2766,1.36,98.64
484020193,1372,0,100.0,0.0
484020194,1056,0,100.0,0.0
484020195,407,0,100.0,0.0
484020196,115,3174,3.5,96.5
484020197,24108,5664,80.98,19.02
484020198,493,0,100.0,0.0
484020199,3668,0,100.0,0.0
484020200,1880,0,100.0,0.0
484020201,4576,0,100.0,0.0
484020202,3540,0,100.0,0.0
484020203,634,0,100.0,0.0
484020204,16948,0,100.0,0.0
484020205,2421,0,100.0,0.0
484020206,19034,0,100.0,0.0
484020207,6888,0,100.0,0.0
484020208,607,0,100.0,0.0
484020209,5775,0,100.0,0.0
484020210,3411,0,100.0,0.0
484020211,3115,0,100.0,0.0
484020212,4199,0,100.0,0.0
484020213,2033,0,100.0,0.0
484020214,828,0,100.0,0.0
484020215,1237,0,100.0,0.0
484020216,3169,0,100.0,0.0
484020217,544,0,100.0,0.0
484020218,22,2646,0.82,99.18
484020219,2687,0,100.0,0.0
484020220,1493,0,100.0,0.0
484020221,1424,0,100.0,0.0
484020222,430,0,100.0,0.0
484020223,644,0,100.0,0.0
484020224,5902,0,100.0,0.0
484020225,2971,0,100.0,0.0
484020226,1472,16829,8.04,91.96
484020227,809,0,100.0,0.0
484020228,9046,0,100.0,0.0
484020229,934,0,100.0,0.0
484020230,193,2996,6.05,93.95
484020231,15458,6675,69.84,30.16
484020232,1719,0,100.0,0.0
484020233,7131,0,100.0,0.0
484020234,3812,0,100.0,0.0
484020235,1368,0,100.0,0.0
484020236,1568,0,100.0,0.0
484020237,994,0,100.0,0.0
484020238,1000,0,100.0,0.0
484020239,2707,0,100.0,0.0
484020240,1036,0,100.0,0.0
484020241,9391,3020,75.67,24.33
484020242,1975,0,100.0,0.0
484020243,3935,0,100.0,0.0
484020244,1315,0,100.0,0.0
484020245,599,0,100.0,0.0
484020246,1544,0,100.0,0.0
484020247,6693,8876,42.99,57.01
484020248,1079,2752,28.16,71.84
484020249,1241,0,100.0,0.0
484020250,1217,0,100.0,0.0
484020251,2255,0,100.0,0.0
484020252,2018,0,100.0,0.0
484020253,3196,0,100.0,0.0
484020254,1978,0,100.0,0.0
484020255,229,0,100.0,0.0
484020256,1054,0,100.0,0.0
484020257,698,0,100.0,0.0
484020258,2143,0,100.0,0.0
484020259,2191,0,100.0,0.0
484020260,6932,0,100.0,0.0
484020261,985,0,100.0,0.0
484020262,3184,0,100.0,0.0
484020263,2081,0,100.0,0.0
484020264,6712,0,100.0,0.0
484020265,8551,0,100.0,0.0
484020266,245,0,100.0,0.0
484020267,1151,0,100.0,0.0
484020268,4288,0,100.0,0.0
484020269,1226,0,100.0,0.0
484020270,3142,0,100.0,0.0
484020271,362,5889,5.79,94.21
484020272,3769,0,100.0,0.0
484020273,1274,0,100.0,0.0
484020274,3647,3640,50.05,49.95
484020275,692,0,100.0,0.0
484020276,12351,0,100.0,0.0
484020277,29608,8921,76.85,23.15
484020278,2900,0,100.0,0.0
484020279,2011,0,100.0,0.0
484020280,305,0,100.0,0.0
484020281,653,0,100.0,0.0
484020282,1044,0,100.0,0.0
484020283,51,3090,1.62,98.38
484020284,3670,0,100.0,0.0
484020285,3102,0,100.0,0.0
484020286,307,0,100.0,0.0
484020287,581,0,100.0,0.0
484020288,1214,0,100.0,0.0
484020289,1043,0,100.0,0.0
484020290,4308,0,100.0,0.0
484020291,1463,0,100.0,0.0
484020292,3569,13493,20.92,79.08
484020293,896,6141,12.73,87.27
484020294,321,9697,3.2,96.8
484020295,946,0,100.0,0.0
484020296,2707,0,100.0,0.0
484020297,2555,11032,18.8,81.2
484020298,1125,0,100.0,0.0
484020299,1714,4902,25.91,74.09
484020300,1596,0,100.0,0.0
484020301,1830,2727,40.16,59.84
484020302,1083,0,100.0,0.0
484020303,716,0,100.0,0.0
484020304,68,4267,1.57,98.43
484020305,4649,0,100.0,0.0
484020306,9703,0,100.0,0.0
484020307,60,3247,1.81,98.19
484020308,6830,3382,66.88,33.12
484020309,9741,4808,66.95,33.05
484020310,483,0,100.0,0.0
484020311,8467,2816,75.04,24.96
484020312,732,0,100.0,0.0
484020313,1757,0,100.0,0.0
484020314,1901,0,100.0,0.0
484020315,721,0,100.0,0.0
484020316,1253,0,100.0,0.0
484020317,4572,45165,9.19,90.81
484020318,972,0,100.0,0.0
484020319,704,0,100.0,0.0
484020320,751,0,100.0,0.0
484020321,788,0,100.0,0.0
484020322,2404,0,100.0,0.0
484020323,29013,19141,60.25,39.75
484020324,4206,7724,35.26,64.74
484020325,5051,0,100.0,0.0
484020326,7145,8319,46.2,53.8
484020327,1441,0,100.0,0.0
484020328,1140,0,100.0,0.0
484020329,4298,0,100.0,0.0
484020330,940,0,100.0,0.0
484020331,369,0,100.0,0.0
484020332,3212,0,100.0,0.0
484020333,24625,25821,48.81,51.19
484020334,865,0,100.0,0.0
484020335,1678,0,100.0,0.0
484020336,5425,0,100.0,0.0
484020337,1743,8353,17.26,82.74
484020338,4334,0,100.0,0.0
484020339,1747,0,100.0,0.0
484020340,234,0,100.0,0.0
484020341,4106,0,100.0,0.0
484020342,2001,0,100.0,0.0
484020343,2811,0,100.0,0.0
484020344,4188,0,100.0,0.0
484020345,1544,0,100.0,0.0
484020346,4202,0,100.0,0.0
484020347,4952,3240,60.45,39.55
484020348,2189,0,100.0,0.0
484020349,102,16778,0.6,99.4
484020350,2800,0,100.0,0.0
484020351,4941,0,100.0,0.0
484020352,2399,0,100.0,0.0
484020353,477,0,100.0,0.0
484020354,677,0,100.0,0.0
484020355,2169,0,100.0,0.0
484020356,848,0,100.0,0.0
484020357,1957,0,100.0,0.0
484020358,637,0,100.0,0.0
484020359,1091,2892,27.39,72.61
484020360,825,0,100.0,0.0
484020361,1497,0,100.0,0.0
484020362,2675,0,100.0,0.0
484020363,7811,10661,42.29,57.71
484020364,1059,0,100.0,0.0
484020365,698,2968,19.04,80.96
484020366,56,4527,1.22,98.78
484020367,2069,0,100.0,0.0
484020368,2195,0,100.0,0.0
484020369,662,0,100.0,0.0
484020370,970,0,100.0,0.0
484020371,1253,0,100.0,0.0
484020372,403,0,100.0,0.0
484020373,1647,0,100.0,0.0
484020374,0,13170,0.0,100.0
484020375,365,0,100.0,0.0
484020376,10849,0,100.0,0.0
484020377,3722,0,100.0,0.0
484020378,2916,0,100.0,0.0
484020379,2244,0,100.0,0.0
484020380,2940,0,100.0,0.0
484020381,1170,0,100.0,0.0
484020382,584,0,100.0,0.0
484020383,826,3968,17.23,82.77
484020384,10534,89805,10.5,89.5
484020385,18985,0,100.0,0.0
484020386,344,2549,11.89,88.11
484020387,2809,0,100.0,0.0
484020388,908,0,100.0,0.0
484020389,0,49297,0.0,100.0
484020390,3370,0,100.0,0.0
484020391,6421,0,100.0,0.0
484020392,79,4096,1.89,98.11
484020393,2738,0,100.0,0.0
484020394,1574,0,100.0,0.0
484020395,3239,0,100.0,0.0
484020396,18981,21013,47.46,52.54
484020397,852,4022,17.48,82.52
484020398,10965,30935,26.17,73.83
484020399,6195,0,100.0,0.0
484020400,16237,10775,60.11,39.89
484020401,1069,0,100.0,0.0
484020402,758,2995,20.2,79.8
484020403,757,0,100.0,0.0
484020404,1817,0,100.0,0.0
484020405,21366,0,100.0,0.0
484020406,6442,3138,67.24,32.76
484020407,497,0,100.0,0.0
484020408,640,8295,7.16,92.84
484020409,3350,0,100.0,0.0
484020410,908,0,100.0,0.0
484020411,3163,0,100.0,0.0
484020412,17794,32824,35.15,64.85
484020413,4026,7970,33.56,66.44
484020414,4878,0,100.0,0.0
484020415,455,0,100.0,0.0
484020416,9682,0,100.0,0.0
484020417,2014,9716,17.17,82.83
484020418,592,0,100.0,0.0
484020419,1649,0,100.0,0.0
484020420,1172,3516,25.0,75.0
484020421,593,0,100.0,0.0
484020422,453,0,100.0,0.0
484020423,3789,0,100.0,0.0
484020424,2058,0,100.0,0.0
484020425,8850,0,100.0,0.0
484020426,9679,7026,57.94,42.06
484020427,2128,0,100.0,0.0
484020428,1513,0,100.0,0.0
484020429,317,0,100.0,0.0
484020430,1830,0,100.0,0.0
484020431,903,0,100.0,0.0
484020432,14402,4920,74.54,25.46
484020433,3986,0,100.0,0.0
484020434,3513,0,100.0,0.0
484020435,897,0,100.0,0.0
484020436,6025,3463,63.5,36.5
484020437,1777,0,100.0,0.0
484020438,23609,1726,93.19,6.81
484020439,796,0,100.0,0.0
484020440,427,8807,4.62,95.38
484020441,250,0,100.0,0.0
484020442,435,0,100.0,0.0
484020443,481,0,100.0,0.0
484020444,1679,0,100.0,0.0
484020445,5942,0,100.0,0.0
484020446,9751,7349,57.02,42.98
484020447,2469,0,100.0,0.0
484020448,3295,0,100.0,0.0
484020449,13755,0,100.0,0.0
484020450,958,0,100.0,0.0
484020451,600,3822,13.57,86.43
484020452,3916,0,100.0,0.0
484020453,3520,0,100.0,0.0
484020454,2901,0,100.0,0.0
484020455,1668,0,100.0,0.0
484020456,3330,0,100.0,0.0
484020457,1142,0,100.0,0.0
484020458,4824,0,100.0,0.0
484020459,5198,0,100.0,0.0
484020460,527,0,100.0,0.0
484020461,518,0,100.0,0.0
484020462,326,0,100.0,0.0
484020463,1637,0,100.0,0.0
484020464,13864,0,100.0,0.0
484020465,9181,9908,48.1,51.9
484020466,14014,0,100.0,0.0
484020467,22536,11619,65.98,34.02
484020468,4352,0,100.0,0.0
484020469,409,0,100.0,0.0
484020470,533,2830,15.85,84.15
484020471,1287,0,100.0,0.0
484020472,3440,0,100.0,0.0
484020473,1390,8785,13.66,86.34
484020474,421,0,100.0,0.0
484020475,1327,0,100.0,0.0
484020476,1557,0,100.0,0.0
484020477,172,0,100.0,0.0
484020478,1333,0,100.0,0.0
484020479,1879,0,100.0,0.0
484020480,17053,38657,30.61,69.39
484020481,1286,9599,11.81,88.19
484020482,4460,0,100.0,0.0
484020483,3135,0,100.0,0.0
484020484,2419,0,100.0,0.0
484020485,1966,0,100.0,0.0
484020486,130,0,100.0,0.0
484020487,4910,0,100.0,0.0
484020488,2974,0,100.0,0.0
484020489,4760,0,100.0,0.0
484020490,2698,0,100.0,0.0
484020491,547,0,100.0,0.0
484020492,6196,0,100.0,0.0
484020493,3029,0,100.0,0.0
484020494,1843,0,100.0,0.0
484020495,0,4235,0.0,100.0
484020496,7557,0,100.0,0.0
484020497,1923,0,100.0,0.0
484020498,7919,0,100.0,0.0
484020499,1000,0,100.0,0.0
484020500,5059,0,100.0,0.0
484020501,425,0,100.0,0.0
484020502,1590,0,100.0,0.0
484020503,1469,6205,19.14,80.86
484020504,798,0,100.0,0.0
484020505,638,2519,20.21,79.79
484020506,1619,0,100.0,0.0
484020507,11345,0,100.0,0.0
484020508,733,0,100.0,0.0
484020509,3278,0,100.0,0.0
484020510,1101,0,100.0,0.0
484020511,2364,6664,26.19,73.81
484020512,938,0,100.0,0.0
484020513,20214,47214,29.98,70.02
484020514,5235,0,100.0,0.0
484020515,5863,0,100.0,0.0
484020516,113,0,100.0,0.0
484020517,395,2991,11.67,88.33
484020518,7389,0,100.0,0.0
484020519,250,0,100.0,0.0
484020520,1205,0,100.0,0.0
484020521,1583,0,100.0,0.0
484020522,327,0,100.0,0.0
484020523,4533,7950,36.31,63.69
484020524,2492,0,100.0,0.0
484020525,906,0,100.0,0.0
484020526,1443,0,100.0,0.0
484020527,3924,0,100.0,0.0
484020528,0,2613,0.0,100.0
484020529,4043,0,100.0,0.0
484020530,2727,0,100.0,0.0
484020531,347,3165,9.88,90.12
484020532,3212,0,100.0,0.0
484020533,449,0,100.0,0.0
484020534,3736,2974,55.68,44.32
484020535,713,0,100.0,0.0
484020536,3307,3041,52.1,47.9
484020537,1528,6479,19.08,80.92
484020538,1508,0,100.0,0.0
484020539,887,0,100.0,0.0
484020540,396,5991,6.2,93.8
484020541,1032,0,100.0,0.0
484020542,1516,4863,23.77,76.23
484020543,986,0,100.0,0.0
484020544,1960,0,100.0,0.0
484020545,11382,0,100.0,0.0
484020546,2795,2957,48.59,51.41
484020547,6327,23056,21.53,78.47
484020548,410,0,100.0,0.0
484020549,422,11637,3.5,96.5
484020550,5859,0,100.0,0.0
484020551,3420,0,100.0,0.0
484020552,306,0,100.0,0.0
484020553,1353,13187,9.31,90.69
484020554,1378,0,100.0,0.0
484020555,16224,6700,70.77,29.23
484020556,1153,5315,17.83,82.17
484020557,0,2954,0.0,100.0
484020558,1653,0,100.0,0.0
484020559,1246,0,100.0,0.0
484020560,1184,0,100.0,0.0
484020561,6453,39983,13.9,86.1
484020562,3089,0,100.0,0.0
484020563,3383,0,100.0,0.0
484020564,1696,0,100.0,0.0
484020565,1404,0,100.0,0.0
484020566,6213,15862,28.14,71.86
484021001,7392,65483,10.14,89.86
484021002,6154,3016,67.11,32.89
484021003,15661,22161,41.41,58.59
484021004,2750,60958,4.32,95.68
484021005,3070,0,100.0,0.0
484021006,12102,2440,83.22,16.78
484021007,3162,0,100.0,0.0
484021008,8919,2512,78.02,21.98
484021009,2209,0,100.0,0.0
484021010,36592,38018,49.04,50.96
484021011,1887,0,100.0,0.0
484021012,2370,4223,35.95,64.05
484021013,1212,21401,5.36,94.64
484021014,4814,0,100.0,0.0
484021015,11123,114682,8.84,91.16
484021016,9022,0,100.0,0.0
484021017,15944,13800,53.6,46.4
484021018,3859,0,100.0,0.0
484021019,36044,105626,25.44,74.56
484021020,421,7281,5.47,94.53
484021021,1514,0,100.0,0.0
484021022,4439,8416,34.53,65.47
484021023,6008,3043,66.38,33.62
484021024,976,0,100.0,0.0
484021025,5548,2660,67.59,32.41
484021026,3222,12046,21.1,78.9
484021027,4128,0,100.0,0.0
484021028,2750,0,100.0,0.0
484021029,421,3387,11.06,88.94
484021030,771,0,100.0,0.0
484021031,2822,0,100.0,0.0
484021032,1381,0,100.0,0.0
484021033,5405,0,100.0,0.0
484021034,4144,42692,8.85,91.15
484021035,10150,10504,49.14,50.86
484021036,14751,0,100.0,0.0
484021037,2335,0,100.0,0.0
484021038,1888,8653,17.91,82.09
484021039,9829,0,100.0,0.0
484021040,4466,7874,36.19,63.81
484021041,2403,134904,1.75,98.25
484021042,3313,0,100.0,0.0
484021043,39977,9796,80.32,19.68
484021044,11754,5385,68.58,31.42
484021045,16465,30639,34.95,65.05
484021046,1123,7068,13.71,86.29
484021047,5148,16548,23.73,76.27
484021048,1898,20139,8.61,91.39
484021049,13527,3804,78.05,21.95
484021050,24535,2400,91.09,8.91
484021051,17487,19506,47.27,52.73
484021052,1217,0,100.0,0.0
484021053,34810,31533,52.47,47.53
484021054,13112,22111,37.23,62.77
484021055,5080,0,100.0,0.0
484021056,1317,0,100.0,0.0
484021057,6686,0,100.0,0.0
484021058,12898,8106,61.41,38.59
484021059,2848,0,100.0,0.0
484021060,1500,6484,18.79,81.21
484021061,14461,0,100.0,0.0
484021062,4881,0,100.0,0.0
484021063,6280,8486,42.53,57.47
484021064,13813,3988,77.6,22.4
484021065,1521,21172,6.7,93.3
484021066,6451,0,100.0,0.0
484021067,6957,11821,37.05,62.95
484021068,7010,0,100.0,0.0
484021069,21896,7017,75.73,24.27
484021070,6111,0,100.0,0.0
484021071,32254,71349,31.13,68.87
484021072,17077,0,100.0,0.0
484021073,963,8796,9.87,90.13
484021074,38680,51893,42.71,57.29
484021075,5128,7931,39.27,60.73
484021076,24532,3032,89.0,11.0
484021077,5908,0,100.0,0.0
484021078,6416,9421,40.51,59.49
484021079,3582,2200,61.95,38.05
484021080,2620,0,100.0,0.0
484021081,4067,0,100.0,0.0
484021082,4152,4642,47.21,52.79
484021083,25316,0,100.0,0.0
484021084,4064,2881,58.52,41.48
484021085,11375,71395,13.74,86.26
484021086,12052,0,100.0,0.0
484021087,6518,6790,48.98,51.02
484021088,4454,0,100.0,0.0
484021089,8258,3873,68.07,31.93
484021090,2277,21502,9.58,90.42
484021091,2416,7374,24.68,75.32
484021092,5292,0,100.0,0.0
484021093,7650,0,100.0,0.0
484021094,14844,22312,39.95,60.05
484021095,650,0,100.0,0.0
484021096,3178,0,100.0,0.0
484021097,2668,0,100.0,0.0
484021098,6668,0,100.0,0.0
484021099,12062,8584,58.42,41.58
484021100,9305,0,100.0,0.0
484021101,3317,0,100.0,0.0
484021102,433,13634,3.08,96.92
484021103,2020,4625,30.4,69.6
484021104,10075,22697,30.74,69.26
484021105,5078,0,100.0,0.0
484021106,11822,30847,27.71,72.29
484021107,11937,0,100.0,0.0
484021108,10643,9260,53.47,46.53
484021109,10858,9415,53.56,46.44
484021110,12311,37904,24.52,75.48
484021111,13879,4590,75.15,24.85
484021112,6016,3298,64.59,35.41
484021113,4627,0,100.0,0.0
484021114,65713,1619851,3.9,96.1
484021115,7415,50503,12.8,87.2
484021116,22853,0,100.0,0.0
484021117,0,15951,0.0,100.0
484021118,3723,26298,12.4,87.6
484021119,1916,152033,1.24,98.76
484021120,3303,2635,55.62,44.38
484021121,1261,0,100.0,0.0
484021122,2592,8638,23.08,76.92
484021123,3790,0,100.0,0.0
484021124,2173,13770,13.63,86.37
484021125,144,9511,1.49,98.51
484021126,3755,2840,56.94,43.06
484021127,3572,0,100.0,0.0
484021128,3656,6787,35.01,64.99
484021129,4258,9760,30.38,69.62
484021130,3604,0,100.0,0.0
484021131,975,0,100.0,0.0
484021132,5056,150617,3.25,96.75
484021133,682,0,100.0,0.0
484021134,9600,11374,45.77,54.23
484021135,526,0,100.0,0.0
484021136,401,12060,3.22,96.78
484021137,5151,5313,49.23,50.77
484021138,2327,9454,19.75,80.25
484021139,3759,0,100.0,0.0
484021140,2089,135724,1.52,98.48
484021141,3489,0,100.0,0.0
484021142,5643,24981,18.43,81.57
484021143,350,34528,1.0,99.0
484021144,2746,14043,16.36,83.64
484021145,13148,0,100.0,0.0
484021146,749,0,100.0,0.0
484021147,1959,4388,30.86,69.14
484021148,4284,7216,37.25,62.75
484021149,3286,27023,10.84,89.16
484021150,6106,0,100.0,0.0
484021151,115,9199,1.23,98.77
484021152,7315,5316,57.91,42.09
484021153,9148,14447,38.77,61.23
484021154,11519,69115,14.29,85.71
484021155,2557,3579,41.67,58.33
484021156,10944,315177,3.36,96.64
484021157,5555,7117,43.84,56.16
484021158,6745,0,100.0,0.0
484021159,1098,2740,28.61,71.39
484021160,3622,0,100.0,0.0
484021161,3088,19130,13.9,86.1
484021162,857,3292,20.66,79.34
484021163,575,18279,3.05,96.95
484021164,24430,59740,29.02,70.98
484021165,1216,0,100.0,0.0
484021166,3604,5312,40.42,59.58
484021167,10341,0,100.0,0.0
484021168,1761,5760,23.41,76.59
484021169,15556,6046,72.01,27.99
484021170,14162,5038,73.76,26.24
484021171,872,2978,22.65,77.35
484021172,22199,4945,81.78,18.22
484021173,1356,4896,21.69,78.31
484021174,16272,86922,15.77,84.23
484021175,8629,5741,60.05,39.95
484021176,6673,2991,69.05,30.95
484021177,22971,31783,41.95,58.05
484021178,15923,0,100.0,0.0
484021179,20374,11265,64.4,35.6
484021180,9944,31600,23.94,76.06
484021181,318,7147,4.26,95.74
484021182,234,5157,4.34,95.66
484021183,12907,7469,63.34,36.66
484021184,6423,0,100.0,0.0
484021185,6883,3459,66.55,33.45
484021186,30960,24566,55.76,44.24
484021187,4936,0,100.0,0.0
484021188,12238,7077,63.36,36.64
484021189,3564,18887,15.87,84.13
484021190,1187,0,100.0,0.0
484021191,3219,6649,32.62,67.38
484021192,5924,0,100.0,0.0
484021193,6478,0,100.0,0.0
484021194,12114,16281,42.66,57.34
484021195,20686,5828,78.02,21.98
484021196,1552,0,100.0,0.0
484021197,23645,56776,29.4,70.6
484021198,1308,0,100.0,0.0
484021199,23513,19416,54.77,45.23
484021200,3400,0,100.0,0.0
484021201,3375,0,100.0,0.0
484021202,6642,6383,50.99,49.01
484021203,795,6384,11.07,88.93
484021204,4497,3428,56.74,43.26
484021205,4925,21466,18.66,81.34
484021206,4569,0,100.0,0.0
484021207,24072,33694,41.67,58.33
484021208,49057,38152,56.25,43.75
484021209,5164,3391,60.36,39.64
484021210,5670,0,100.0,0.0
484021211,4467,12270,26.69,73.31
484021212,17467,3250,84.31,15.69
484021213,11939,0,100.0,0.0
484021214,388,17944,2.12,97.88
484021215,310,4231,6.83,93.17
484021216,2432,0,100.0,0.0
484021217,11484,8763,56.72,43.28
484022001,50772,16021,76.01,23.99
484022002,27360,0,100.0,0.0
484022003,10102,2963,77.32,22.68
484022004,53810,15229,77.94,22.06
484022005,38743,28162,57.91,42.09
484022006,12316,199770,5.81,94.19
484022007,17622,27491,39.06,60.94
484022008,31707,5097,86.15,13.85
484022009,13422,13799,49.31,50.69
484022010,18790,0,100.0,0.0
484022011,52919,178594,22.86,77.14
484022012,10874,66508,14.05,85.95
484022013,19141,0,100.0,0.0
484022014,26329,1019302,2.52,97.48
484022015,8351,0,100.0,0.0
484022016,40795,256160,13.74,86.26
484022017,9653,62491,13.38,86.62
484022018,16945,10971,60.7,39.3
484023001,200992,1651937,10.85,89.15
484024001,13494,5480,71.12,28.88
484024002,7727,0,100.0,0.0
484024003,46879,1469,96.96,3.04
484024004,4003,0,100.0,0.0
484024005,2120,16191,11.58,88.42
484024006,9569,0,100.0,0.0
484024007,6627,13213,33.4,66.6
484024008,4198,17864,19.03,80.97
484024009,5024,0,100.0,0.0
484024010,26136,25137,50.97,49.03
484024011,9995,38069,20.8,79.2
484024012,17777,2414,88.04,11.96
484024013,42688,136201,23.86,76.14
484024014,15662,0,100.0,0.0
484024015,8143,13669,37.33,62.67
484024016,25443,52389,32.69,67.31
484024017,25112,0,100.0,0.0
484024018,15286,0,100.0,0.0
484024019,5453,0,100.0,0.0
484024020,15366,86593,15.07,84.93
484024021,53023,5398,90.76,9.24
484024022,12996,6036,68.28,31.72
484024023,8353,6906,54.74,45.26
484024024,39498,58060,40.49,59.51
484024025,9680,21384,31.16,68.84
484024026,9339,0,100.0,0.0
484024027,2626,7583,25.72,74.28
484024028,56553,851352,6.23,93.77
484024029,15635,2769,84.95,15.05
484024030,4772,0,100.0,0.0
484024031,12133,0,100.0,0.0
484024032,26376,13491,66.16,33.84
484024033,10754,0,100.0,0.0
484024034,8303,6642,55.56,44.44
484024035,10142,321763,3.06,96.94
484024036,19295,9793,66.33,33.67
484024037,85271,38655,68.81,31.19
484024038,14271,0,100.0,0.0
484024039,9109,4462,67.12,32.88
484024040,18079,0,100.0,0.0
484024041,5321,8125,39.57,60.43
484024042,3040,4875,38.41,61.59
484024043,7530,0,100.0,0.0
484024044,6844,7339,48.25,51.75
484024045,12769,5434,70.15,29.85
484024046,9252,0,100.0,0.0
484024047,1595,3672,30.28,69.72
484024048,12831,25532,33.45,66.55
484024049,30228,22581,57.24,42.76
484024050,21387,11321,65.39,34.61
484024051,6674,3618,64.85,35.15
484024052,25787,6748,79.26,20.74
484024053,43054,6638,86.64,13.36
484024054,15153,12197,55.4,44.6
484025001,56666,400967,12.38,87.62
484025002,23439,20223,53.68,46.32
484025003,22525,3973,85.01,14.99
484025004,14914,9915,60.07,39.93
484025005,9537,7319,56.58,43.42
484025006,133070,999641,11.75,88.25
484025007,18204,11094,62.13,37.87
484025008,27161,19953,57.65,42.35
484025009,10590,49186,17.72,82.28
484025010,61047,35138,63.47,36.53
484025011,116493,168036,40.94,59.06
484025012,39792,458993,7.98,92.02
484025013,32023,87644,26.76,73.24
484025014,26336,25971,50.35,49.65
484025015,10218,8148,55.64,44.36
484025016,64286,14378,81.72,18.28
484026001,2563,0,100.0,0.0
484026002,891,90636,0.97,99.03
484026003,14528,10430,58.21,41.79
484026004,2599,6869,27.45,72.55
484026005,1177,0,100.0,0.0
484026006,2788,0,100.0,0.0
484026007,626,0,100.0,0.0
484026008,979,0,100.0,0.0
484026009,757,0,100.0,0.0
484026010,1221,0,100.0,0.0
484026011,1476,0,100.0,0.0
484026012,8361,14403,36.73,63.27
484026013,1826,0,100.0,0.0
484026014,3177,0,100.0,0.0
484026015,1169,0,100.0,0.0
484026016,192,4795,3.85,96.15
484026017,12633,74794,14.45,85.55
484026018,28091,407549,6.45,93.55
484026019,2544,36864,6.46,93.54
484026020,615,4302,12.51,87.49
484026021,1847,0,100.0,0.0
484026022,863,0,100.0,0.0
484026023,2523,3306,43.28,56.72
484026024,755,0,100.0,0.0
484026025,9360,40930,18.61,81.39
484026026,29605,53339,35.69,64.31
484026027,3787,5254,41.89,58.11
484026028,1009,0,100.0,0.0
484026029,27750,142369,16.31,83.69
484026030,18313,908729,1.98,98.02
484026031,1186,0,100.0,0.0
484026032,890,0,100.0,0.0
484026033,27918,49434,36.09,63.91
484026034,944,0,100.0,0.0
484026035,5528,6293,46.76,53.24
484026036,6892,26036,20.93,79.07
484026037,1102,0,100.0,0.0
484026038,288,4885,5.57,94.43
484026039,280,5477,4.86,95.14
484026040,1533,0,100.0,0.0
484026041,1245,13042,8.71,91.29
484026042,41118,122881,25.07,74.93
484026043,2448,260662,0.93,99.07
484026044,349,0,100.0,0.0
484026045,2440,0,100.0,0.0
484026046,498,0,100.0,0.0
484026047,2237,6852,24.61,75.39
484026048,2542,73480,3.34,96.66
484026049,3058,0,100.0,0.0
484026050,1496,0,100.0,0.0
484026051,2628,2202,54.41,45.59
484026052,2554,2703,48.58,51.42
484026053,369,0,100.0,0.0
484026054,539,0,100.0,0.0
484026055,9412,188251,4.76,95.24
484026056,1214,9469,11.36,88.64
484026057,1460,0,100.0,0.0
484026058,4669,11534,28.82,71.18
484026059,1712,0,100.0,0.0
484026060,2009,0,100.0,0.0
484026061,1369,0,100.0,0.0
484026062,1116,0,100.0,0.0
484026063,1178,0,100.0,0.0
484026064,1381,0,100.0,0.0
484026065,1475,0,100.0,0.0
484026066,4891,3628,57.41,42.59
484026067,1429,0,100.0,0.0
484026068,1043,0,100.0,0.0
484026069,4789,0,100.0,0.0
484027001,40779,17723,69.71,30.29
484027002,79921,162800,32.93,67.07
484027003,69860,37816,64.88,35.12
484027004,107714,573261,15.82,84.18
484027005,126686,87595,59.12,40.88
484027006,49796,87310,36.32,63.68
484027007,5774,26398,17.95,82.05
484027008,92878,97402,48.81,51.19
484027009,32830,4891,87.03,12.97
484027010,50219,40940,55.09,44.91
484027011,20407,10391,66.26,33.74
484027012,54663,103712,34.51,65.49
484027013,34491,115809,22.95,77.05
484027014,42341,54360,43.79,56.21
484027015,35905,11859,75.17,24.83
484027016,28282,30386,48.21,51.79
484027017,21881,40045,35.33,64.67
484028001,6033,3789,61.42,38.58
484028002,15924,12781,55.47,44.53
484028003,23553,245365,8.76,91.24
484028004,6172,2678,69.74,30.26
484028005,4251,0,100.0,0.0
484028006,7542,0,100.0,0.0
484028007,7498,9016,45.4,54.6
484028008,4141,0,100.0,0.0
484028009,0,205826,0.0,100.0
484028010,1671,0,100.0,0.0
484028011,8281,0,100.0,0.0
484028012,16499,24950,39.81,60.19
484028013,14998,0,100.0,0.0
484028014,152,3629,4.02,95.98
484028015,24056,826683,2.83,97.17
484028016,8977,8019,52.82,47.18
484028017,9262,6728,57.92,42.08
484028018,3687,2688,57.84,42.16
484028019,11811,2834,80.65,19.35
484028020,2049,0,100.0,0.0
484028021,23683,82384,22.33,77.67
484028022,29314,510779,5.43,94.57
484028023,4280,0,100.0,0.0
484028024,0,6357,0.0,100.0
484028025,9708,16529,37.0,63.0
484028026,3695,0,100.0,0.0
484028027,1782,422047,0.42,99.58
484028028,1053,2757,27.64,72.36
484028029,9260,3930,70.2,29.8
484028030,6277,7269,46.34,53.66
484028031,1912,0,100.0,0.0
484028032,7409,0,100.0,0.0
484028033,12684,38710,24.68,75.32
484028034,927,0,100.0,0.0
484028035,14468,9001,61.65,38.35
484028036,166,296596,0.06,99.94
484028037,15523,12702,55.0,45.0
484028038,2777,57264,4.63,95.37
484028039,17587,330534,5.05,94.95
484028040,5361,0,100.0,0.0
484028041,12604,9625,56.7,43.3
484029001,981,10417,8.61,91.39
484029002,1072,14684,6.8,93.2
484029003,7036,0,100.0,0.0
484029004,11393,6683,63.03,36.97
484029005,342,79805,0.43,99.57
484029006,12184,38984,23.81,76.19
484029007,1917,15415,11.06,88.94
484029008,7835,8387,48.3,51.7
484029009,2833,3099,47.76,52.24
484029010,10240,120206,7.85,92.15
484029011,4755,0,100.0,0.0
484029012,5559,3803,59.38,40.62
484029013,20659,78031,20.93,79.07
484029014,5845,9344,38.48,61.52
484029015,7921,38952,16.9,83.1
484029016,36,7468,0.48,99.52
484029017,9,11583,0.08,99.92
484029018,2639,35940,6.84,93.16
484029019,1022,21246,4.59,95.41
484029020,2684,12961,17.16,82.84
484029021,5338,13347,28.57,71.43
484029022,8682,5514,61.16,38.84
484029023,13168,17758,42.58,57.42
484029024,11955,16202,42.46,57.54
484029025,1176,81453,1.42,98.58
484029026,1624,22492,6.73,93.27
484029027,101,12874,0.78,99.22
484029028,3049,22208,12.07,87.93
484029029,7583,16329,31.71,68.29
484029030,2770,32515,7.85,92.15
484029031,4325,19215,18.37,81.63
484029032,1476,97960,1.48,98.52
484029033,20574,24781,45.36,54.64
484029034,58,6238,0.92,99.08
484029035,7559,14967,33.56,66.44
484029036,4113,5096,44.66,55.34
484029037,6136,18301,25.11,74.89
484029038,7452,18154,29.1,70.9
484029039,7668,6012,56.05,43.95
484029040,214,33281,0.64,99.36
484029041,0,14194,0.0,100.0
484029042,3615,38560,8.57,91.43
484029043,183,60672,0.3,99.7
484030001,9701,0,100.0,0.0
484030002,188,3253,5.46,94.54
484030003,18612,61640,23.19,76.81
484030004,34328,7414,82.24,17.76
484030005,2179,3074,41.48,58.52
484030006,15356,7723,66.54,33.46
484030007,6538,0,100.0,0.0
484030008,10335,0,100.0,0.0
484030009,15419,12734,54.77,45.23
484030010,42019,22209,65.42,34.58
484030011,38450,17321,68.94,31.06
484030012,7866,0,100.0,0.0
484030013,9414,17429,35.07,64.93
484030014,19459,26462,42.37,57.63
484030015,21660,12179,64.01,35.99
484030016,5423,23251,18.91,81.09
484030017,4672,0,100.0,0.0
484030018,1976,0,100.0,0.0
484030019,6901,0,100.0,0.0
484030020,11490,0,100.0,0.0
484030021,4099,19362,17.47,82.53
484030022,7599,15043,33.56,66.44
484030023,42485,6695,86.39,13.61
484030024,11908,4578,72.23,27.77
484030025,20027,7181,73.61,26.39
484030026,2066,23911,7.95,92.05
484030027,16103,0,100.0,0.0
484030028,1388,142844,0.96,99.04
484030029,13700,0,100.0,0.0
484030030,4465,37364,10.67,89.33
484030031,18886,0,100.0,0.0
484030032,19119,30304,38.68,61.32
484030033,20082,4328,82.27,17.73
484030034,12806,26824,32.31,67.69
484030035,6807,4355,60.98,39.02
484030036,2712,8300,24.63,75.37
484030037,1771,6406,21.66,78.34
484030038,26953,66021,28.99,71.01
484030039,7725,345426,2.19,97.81
484030040,13404,41606,24.37,75.63
484030041,2355,0,100.0,0.0
484030042,5743,0,100.0,0.0
484030043,13173,6703,66.28,33.72
484030044,32057,172274,15.69,84.31
484030045,41638,81200,33.9,66.1
484030046,11826,4343,73.14,26.86
484030047,26807,32646,45.09,54.91
484030048,22328,108546,17.06,82.94
484030049,22038,0,100.0,0.0
484030050,12546,3729,77.09,22.91
484030051,11820,11216,51.31,48.69
484030052,4274,7597,36.0,64.0
484030053,12788,15282,45.56,54.44
484030054,7577,3884,66.11,33.89
484030055,11100,2420,82.1,17.9
484030056,6610,0,100.0,0.0
484030057,10204,3674,73.53,26.47
484030058,49498,4243,92.1,7.9
484030059,9016,13622,39.83,60.17
484030060,7416,8866,45.55,54.45
484030061,130753,172752,43.08,56.92
484030062,9472,11365,45.46,54.54
484030063,13359,0,100.0,0.0
484030064,4010,0,100.0,0.0
484030065,32799,52651,38.38,61.62
484030066,18667,8132,69.66,30.34
484030067,4599,14583,23.98,76.02
484030068,22744,43601,34.28,65.72
484030069,12667,11414,52.6,47.4
484030070,18348,41529,30.64,69.36
484030071,14539,7182,66.94,33.06
484030072,28680,12980,68.84,31.16
484030073,3190,4104,43.73,56.27
484030074,11064,5460,66.96,33.04
484030075,13355,0,100.0,0.0
484030076,28811,36670,44.0,56.0
484030077,8409,3970,67.93,32.07
484030078,8867,2522,77.86,22.14
484030079,11495,11638,49.69,50.31
484030080,5128,22169,18.79,81.21
484030081,7118,37919,15.8,84.2
484030082,44228,6546,87.11,12.89
484030083,5574,0,100.0,0.0
484030084,17573,56413,23.75,76.25
484030085,22300,24312,47.84,52.16
484030086,13601,474293,2.79,97.21
484030087,1632,3420,32.3,67.7
484030088,8853,29787,22.91,77.09
484030089,5818,5314,52.26,47.74
484030090,6766,32849,17.08,82.92
484030091,6779,9802,40.88,59.12
484030092,43266,27732,60.94,39.06
484030093,12484,2574,82.91,17.09
484030094,1545,0,100.0,0.0
484030095,2066,17055,10.8,89.2
484030096,3259,0,100.0,0.0
484030097,5243,13084,28.61,71.39
484030098,17475,6443,73.06,26.94
484030099,19861,18776,51.4,48.6
484030100,41340,97781,29.72,70.28
484030101,7091,5709,55.4,44.6
484030102,26936,39484,40.55,59.45
484030103,33428,61740,35.13,64.87
484030104,1194,3649,24.65,75.35
484030105,2927,0,100.0,0.0
484030106,21964,43503,33.55,66.45
484030107,12098,0,100.0,0.0
484030108,8389,8094,50.89,49.11
484030109,14399,8429,63.08,36.92
484030110,4614,0,100.0,0.0
484030111,7331,2799,72.37,27.63
484030112,12298,25016,32.96,67.04
484030113,3190,13728,18.86,81.14
484030114,16658,7114,70.07,29.93
484030115,91,122594,0.07,99.93
484030116,833,4817,14.74,85.26
484030117,0,10338,0.0,100.0
484030118,18658,4025,82.26,17.74
484030119,8070,9942,44.8,55.2
484030120,37768,58272,39.33,60.67
484030121,91369,68132,57.28,42.72
484030122,20914,10969,65.6,34.4
484030123,16944,16491,50.68,49.32
484030124,23590,4668,83.48,16.52
484030125,11185,64554,14.77,85.23
484030126,6842,11211,37.9,62.1
484030127,36895,15482,70.44,29.56
484030128,4056,184907,2.15,97.85
484030129,8624,11677,42.48,57.52
484030130,5782,52127,9.98,90.02
484030131,17180,6294,73.19,26.81
484030132,4261,19863,17.66,82.34
484030133,3107,5235,37.25,62.75
484030134,6279,0,100.0,0.0
484030135,20,41768,0.05,99.95
484030136,2196,3930,35.85,64.15
484030137,3124,0,100.0,0.0
484030138,78531,83366,48.51,51.49
484030139,38641,18405,67.74,32.26
484030140,16048,16332,49.56,50.44
484030141,3561,13012,21.49,78.51
484030142,3927,0,100.0,0.0
484030143,20092,4488,81.74,18.26
484030144,13142,14988,46.72,53.28
484030145,5739,5892,49.34,50.66
484030146,16478,5423,75.24,24.76
484030147,8998,2563,77.83,22.17
484030148,5795,0,100.0,0.0
484030149,11992,0,100.0,0.0
484030150,63264,36340,63.52,36.48
484030151,6043,0,100.0,0.0
484030152,15023,5122,74.57,25.43
484030153,19857,4665,80.98,19.02
484030154,26817,2787,90.59,9.41
484030155,59316,47943,55.3,44.7
484030156,35502,18271,66.02,33.98
484030157,6448,0,100.0,0.0
484030158,5037,0,100.0,0.0
484030159,9564,7369,56.48,43.52
484030160,8925,0,100.0,0.0
484030161,9407,0,100.0,0.0
484030162,11813,4494,72.44,27.56
484030163,10826,0,100.0,0.0
484030164,5534,0,100.0,0.0
484030165,10319,9606,51.79,48.21
484030166,78866,20419,79.43,20.57
484030167,36032,59463,37.73,62.27
484030168,49036,43679,52.89,47.11
484030169,1049,3440,23.37,76.63
484030170,11680,0,100.0,0.0
484030171,6352,6546,49.25,50.75
484030172,1776,2509,41.45,58.55
484030173,10849,0,100.0,0.0
484030174,25845,11939,68.4,31.6
484030175,11439,8227,58.17,41.83
484030176,11900,49436,19.4,80.6
484030177,7933,0,100.0,0.0
484030178,1549,3995,27.94,72.06
484030179,3857,3341,53.58,46.42
484030180,6107,0,100.0,0.0
484030181,13245,3970,76.94,23.06
484030182,38831,115162,25.22,74.78
484030183,2260,0,100.0,0.0
484030184,11011,19071,36.6,63.4
484030185,6181,14023,30.59,69.41
484030186,48703,557816,8.03,91.97
484030187,4932,7560,39.48,60.52
484030188,3080,2822,52.19,47.81
484030189,10060,7842,56.19,43.81
484030190,9049,2155,80.77,19.23
484030191,6777,0,100.0,0.0
484030192,1167,10732,9.81,90.19
484030193,12577,0,100.0,0.0
484030194,14528,0,100.0,0.0
484030195,10617,3909,73.09,26.91
484031001,4200,2350,64.12,35.88
484031002,3460,13312,20.63,79.37
484031003,324,11960,2.64,97.36
484031004,1363,4824,22.03,77.97
484031005,2167,0,100.0,0.0
484031006,1611,7544,17.6,82.4
484031007,35,7455,0.47,99.53
484031008,1366,2583,34.59,65.41
484031009,763,3704,17.08,82.92
484031010,2755,0,100.0,0.0
484031011,12,8369,0.14,99.86
484031012,408,3319,10.95,89.05
484031013,2922,13733,17.54,82.46
484031014,1715,0,100.0,0.0
484031015,2262,3302,40.65,59.35
484031016,244,2861,7.86,92.14
484031017,4659,0,100.0,0.0
484031018,3325,0,100.0,0.0
484031019,13331,25550,34.29,65.71
484031020,49,4448,1.09,98.91
484031021,3861,5539,41.07,58.93
484031022,1342,2984,31.02,68.98
484031023,27,4836,0.56,99.44
484031024,7,3238,0.22,99.78
484031025,2,5986,0.03,99.97
484031026,158,3466,4.36,95.64
484031027,845,7488,10.14,89.86
484031028,2937,0,100.0,0.0
484031029,50,6190,0.8,99.2
484031030,811,3204,20.2,79.8
484031031,2818,0,100.0,0.0
484031032,4535,12242,27.03,72.97
484031033,7539,13661,35.56,64.44
484031034,1958,4556,30.06,69.94
484031035,1222,5160,19.15,80.85
484031036,2434,5656,30.09,69.91
484031037,110,5140,2.1,97.9
484031038,2830,32290,8.06,91.94
484031039,71,4098,1.7,98.3
484031040,6537,21978,22.92,77.08
484031041,2461,139394,1.73,98.27
484031042,2125,3430,38.25,61.75
484031043,528,2877,15.51,84.49
484031044,677,6853,8.99,91.01
484031045,2677,0,100.0,0.0
484031046,107,3189,3.25,96.75
484031047,2310,3659,38.7,61.3
484031048,9839,13997,41.28,58.72
484031049,9,3957,0.23,99.77
484031050,39084,953910,3.94,96.06
484031051,3432,0,100.0,0.0
484031052,7531,30269,19.92,80.08
484031053,663,12826,4.92,95.08
484031054,401,2590,13.41,86.59
484031055,1758,5323,24.83,75.17
484031056,8454,25379,24.99,75.01
484031057,3107,4659,40.01,59.99
484031058,4377,21556,16.88,83.12
484031059,8,65848,0.01,99.99
484031060,978,0,100.0,0.0
484031061,3975,0,100.0,0.0
484031062,907,3998,18.49,81.51
484031063,3213,2401,57.23,42.77
484031064,1703,0,100.0,0.0
484031065,2118,0,100.0,0.0
484031066,453,3767,10.73,89.27
484031067,1697,8356,16.88,83.12
484031068,625,2582,19.49,80.51
484031069,2856,6111,31.85,68.15
484031070,116,3855,2.92,97.08
484031071,1949,0,100.0,0.0
484031072,1857,0,100.0,0.0
484031073,891,4951,15.25,84.75
484031074,124,3651,3.28,96.72
484031075,121,6798,1.75,98.25
484031076,10146,7785,56.58,43.42
484031077,38,2645,1.42,98.58
484031078,604,3145,16.11,83.89
484031079,13197,31654,29.42,70.58
484031080,15,11005,0.14,99.86
484031081,577,2779,17.19,82.81
484031082,20,3493,0.57,99.43
484031083,1916,0,100.0,0.0
484031084,558,6480,7.93,92.07
484031085,4985,11668,29.93,70.07
484031086,2135,0,100.0,0.0
484031087,900,4564,16.47,83.53
484031088,1917,0,100.0,0.0
484031089,25,40408,0.06,99.94
484031090,3992,3511,53.21,46.79
484031091,6702,5998,52.77,47.23
484031092,3534,4330,44.94,55.06
484031093,5779,12638,31.38,68.62
484031094,2656,2774,48.91,51.09
484031095,2587,3108,45.43,54.57
484031096,19571,61021,24.28,75.72
484031097,681,3003,18.49,81.51
484031098,4723,10598,30.83,69.17
484031099,732,3459,17.47,82.53
484031100,924,3127,22.81,77.19
484031101,12738,56389,18.43,81.57
484031102,11918,73309,13.98,86.02
484031103,4,3448,0.12,99.88
484031104,9553,6751,58.59,41.41
484031105,108,3187,3.28,96.72
484031106,2215,0,100.0,0.0
484032001,3678,2582,58.75,41.25
484032002,4942,0,100.0,0.0
484032003,2279,0,100.0,0.0
484032004,5762,6820,45.8,54.2
484032005,5321,47000,10.17,89.83
484032006,2439,5815,29.55,70.45
484032007,7260,7300,49.86,50.14
484032008,4529,8936,33.64,66.36
484032009,5600,4472,55.6,44.4
484032010,52590,187200,21.93,78.07
484032011,652,2712,19.38,80.62
484032012,8168,0,100.0,0.0
484032013,13318,6849,66.04,33.96
484032014,1579,0,100.0,0.0
484032015,12497,11026,53.13,46.87
484032016,13698,217953,5.91,94.09
484032017,4549,0,100.0,0.0
484032018,9338,15830,37.1,62.9
484032019,10737,49040,17.96,82.04
484032020,4442,0,100.0,0.0
484032021,2488,17243,12.61,87.39
484032022,5769,6442,47.24,52.76
484032023,27739,25711,51.9,48.1
484032024,5401,7783,40.97,59.03
484032025,17759,0,100.0,0.0
484032026,2726,0,100.0,0.0
484032027,2451,0,100.0,0.0
484032028,7680,15954,32.5,67.5
484032029,2448,0,100.0,0.0
484032030,4355,4304,50.29,49.71
484032031,1489,11718,11.27,88.73
484032032,4532,0,100.0,0.0
484032033,9612,18248,34.5,65.5
484032034,13092,3192,80.4,19.6
484032035,20604,23482,46.74,53.26
484032036,8784,8793,49.97,50.03
484032037,59880,12288,82.97,17.03
484032038,19476,44951,30.23,69.77
484032039,15681,6163,71.79,28.21
484032040,27196,36375,42.78,57.22
484032041,1365,0,100.0,0.0
484032042,9005,7579,54.3,45.7
484032043,3269,5042,39.33,60.67
484032044,6485,0,100.0,0.0
484032045,7614,19615,27.96,72.04
484032046,16339,16026,50.48,49.52
484032047,6496,3780,63.22,36.78
484032048,15742,18876,45.47,54.53
484032049,13336,6190,68.3,31.7
484032050,6334,6860,48.01,51.99
484032051,15179,4265,78.07,21.93
484032052,13109,18311,41.72,58.28
484032053,9257,138588,6.26,93.74
